{
  "header": {
    "document_id": "E00091",
    "document_name": "中央ビルト工業株式会社",
    "doc_text": "有価証券報告書",
    "edi_id": "E00091",
    "security_code": "19710",
    "category33": "金属製品",
    "category17": "建設・資材",
    "scale": ""
  },
  "sentences": [
    {
      "sentence_id": 0,
      "sentence": "当事業年度におけるわが国経済は、政府による経済政策や金融政策の総動員もあり、緩やかな回復基調となったものの、個人消費や設備投資は力強さを欠き、海外経済の減速と為替、原材料価格の変動リスクを抱え、先行き不透明な状況が続いた",
      "opinions": [
        {
          "target": "わが国経済",
          "category": "NULL#general",
          "polarity": "neutral",
          "from": 9,
          "to": 14
        },
        {
          "target": "個人消費",
          "category": "NULL#general",
          "polarity": "negative",
          "from": 54,
          "to": 58
        },
        {
          "target": "設備投資",
          "category": "NULL#general",
          "polarity": "negative",
          "from": 59,
          "to": 63
        },
        {
          "target": "海外経済",
          "category": "NULL#general",
          "polarity": "negative",
          "from": 71,
          "to": 75
        }
      ]
    },
    {
      "sentence_id": 1,
      "sentence": "当社の主な関連業界である建設及び住宅業界においては、民間設備投資が堅調に推移したことに加え、住宅投資や官公庁工事が増加した事もあり、業界全体の受注高は前年をやや上回る水準で推移した",
      "opinions": [
        {
          "target": "民間設備投資",
          "category": "NULL#general",
          "polarity": "positive",
          "from": 26,
          "to": 32
        },
        {
          "target": "住宅投資",
          "category": "NULL#general",
          "polarity": "positive",
          "from": 46,
          "to": 50
        },
        {
          "target": "官公庁工事",
          "category": "NULL#general",
          "polarity": "positive",
          "from": 51,
          "to": 56
        },
        {
          "target": "受注高",
          "category": "NULL#amount",
          "polarity": "positive",
          "from": 71,
          "to": 74
        }
      ]
    },
    {
      "sentence_id": 2,
      "sentence": "しかし、依然として工事従事者の不足による工事着工遅れ等の問題があり、仮設業界全体では厳しい状況が続いた",
      "opinions": [
        {
          "target": "工事従事者",
          "category": "NULL#general",
          "polarity": "negative",
          "from": 9,
          "to": 14
        },
        {
          "target": "仮設業界",
          "category": "market#general",
          "polarity": "negative",
          "from": 34,
          "to": 38
        }
      ]
    },
    {
      "sentence_id": 3,
      "sentence": "このような状況の中、当事業年度の業績はリース業者の買い控えと工事着工遅れが想定を上回り、製造受託の逸注も重なって、売上高59億７千８百万円（前期比30.2％減）となった",
      "opinions": [
        {
          "target": "買い控え",
          "category": "NULL#general",
          "polarity": "negative",
          "from": 25,
          "to": 29
        },
        {
          "target": "工事着工遅れ",
          "category": "NULL#general",
          "polarity": "negative",
          "from": 30,
          "to": 36
        },
        {
          "target": "売上高",
          "category": "NULL#sales",
          "polarity": "negative",
          "from": 57,
          "to": 60
        }
      ]
    },
    {
      "sentence_id": 4,
      "sentence": "損益面では各セグメントの売上高減少と賃貸部門の粗利率の低下により、営業利益１億８千７百万円（前期比63.0％減）、第三者割当増資に伴う株式交付費３千４百万円等で経常利益１億３千万円（前期比72.8％減）となった",
      "opinions": [
        {
          "target": "各セグメント",
          "category": "business#sales",
          "polarity": "negative",
          "from": 5,
          "to": 11
        },
        {
          "target": "賃貸部門",
          "category": "business#profit",
          "polarity": "negative",
          "from": 18,
          "to": 22
        },
        {
          "target": "営業利益",
          "category": "NULL#profit",
          "polarity": "negative",
          "from": 33,
          "to": 37
        },
        {
          "target": "経常利益",
          "category": "NULL#profit",
          "polarity": "negative",
          "from": 80,
          "to": 84
        }
      ]
    },
    {
      "sentence_id": 5,
      "sentence": "当期純利益は、営業利益及び経常利益の減少に加え、損害補償損失引当金繰入額５千万円の計上により２千２百万円（前期比92.2％減）となった",
      "opinions": [
        {
          "target": "当期純利益",
          "category": "NULL#profit",
          "polarity": "negative",
          "from": 0,
          "to": 5
        },
        {
          "target": "営業利益",
          "category": "NULL#sales",
          "polarity": "negative",
          "from": 7,
          "to": 11
        },
        {
          "target": "経常利益",
          "category": "NULL#sales",
          "polarity": "negative",
          "from": 13,
          "to": 17
        }
      ]
    },
    {
      "sentence_id": 6,
      "sentence": "セグメントの状況は次のとおりである",
      "opinions": []
    },
    {
      "sentence_id": 7,
      "sentence": "①　仮設機材販売",
      "opinions": []
    },
    {
      "sentence_id": 8,
      "sentence": "仕入商品販売の減少と、リース業者の機材保有量の上昇による買い控えから主力製品の受注が減少し、売上高は25億４千９百万円（前期比20.0％減）と減収となった",
      "opinions": [
        {
          "target": "仕入商品販売",
          "category": "product#amount",
          "polarity": "negative",
          "from": 0,
          "to": 6
        },
        {
          "target": "主力製品",
          "category": "product#amount",
          "polarity": "negative",
          "from": 34,
          "to": 38
        },
        {
          "target": "売上高",
          "category": "NULL#sales",
          "polarity": "negative",
          "from": 46,
          "to": 49
        }
      ]
    },
    {
      "sentence_id": 9,
      "sentence": "セグメント利益は６千７百万円（前期比69.1％減）と減益となった",
      "opinions": [
        {
          "target": "セグメント利益",
          "category": "NULL#profit",
          "polarity": "negative",
          "from": 0,
          "to": 7
        }
      ]
    },
    {
      "sentence_id": 10,
      "sentence": "②　仮設機材賃貸",
      "opinions": []
    },
    {
      "sentence_id": 11,
      "sentence": "首都圏を中心とした再開発工事等により仮設機材の需要は底堅いが、人手不足や資材高騰による工事着工遅れ等で軽仮設機材の稼働は足踏み状態が続き、売上高は24億８千８百万円（前期比10.0％減）と減収となった",
      "opinions": [
        {
          "target": "需要",
          "category": "NULL#general",
          "polarity": "positive",
          "from": 23,
          "to": 25
        },
        {
          "target": "稼働",
          "category": "NULL#general",
          "polarity": "negative",
          "from": 57,
          "to": 59
        },
        {
          "target": "売上高",
          "category": "NULL#sales",
          "polarity": "negative",
          "from": 69,
          "to": 72
        }
      ]
    },
    {
      "sentence_id": 12,
      "sentence": "セグメント利益は減収による粗利率の低下により１億２千４百万円（前期比58.8％減）と減益となった",
      "opinions": [
        {
          "target": "セグメント利益",
          "category": "NULL#profit",
          "polarity": "negative",
          "from": 0,
          "to": 7
        },
        {
          "target": "粗利率",
          "category": "NULL#profit",
          "polarity": "negative",
          "from": 13,
          "to": 16
        }
      ]
    },
    {
      "sentence_id": 13,
      "sentence": "③　金属加工事業",
      "opinions": []
    },
    {
      "sentence_id": 14,
      "sentence": "鉄骨部材製造受託の逸注及びくさび緊結式足場、高速道路用吊り足場のＯＥＭ製造の減少により、売上高は９億４千万円（前期比64.1％減）と減収となった",
      "opinions": [
        {
          "target": "鉄骨部材製造受託",
          "category": "product#amount",
          "polarity": "negative",
          "from": 0,
          "to": 8
        },
        {
          "target": "ＯＥＭ製造",
          "category": "product#amount",
          "polarity": "negative",
          "from": 32,
          "to": 37
        },
        {
          "target": "売上高",
          "category": "NULL#sales",
          "polarity": "negative",
          "from": 44,
          "to": 47
        }
      ]
    },
    {
      "sentence_id": 15,
      "sentence": "利益面では価格交渉による粗利率の上昇や経費負担の減少もあり、セグメント利益１千２百万円（前期はセグメント損失５百万円）となった",
      "opinions": [
        {
          "target": "粗利率",
          "category": "NULL#profit",
          "polarity": "positive",
          "from": 12,
          "to": 15
        },
        {
          "target": "経費負担",
          "category": "NULL#cost",
          "polarity": "positive",
          "from": 19,
          "to": 23
        },
        {
          "target": "セグメント利益",
          "category": "NULL#profit",
          "polarity": "positive",
          "from": 30,
          "to": 37
        }
      ]
    }
  ]
}