{
  "header": {
    "document_id": "E00053",
    "document_name": "清水建設株式会社",
    "doc_text": "有価証券報告書",
    "edi_id": "E00053",
    "security_code": "18030",
    "category33": "建設業",
    "category17": "建設・資材",
    "scale": "4"
  },
  "sentences": [
    {
      "sentence_id": 0,
      "sentence": "平成28年度の日本経済は，一部に改善の遅れもあったが，企業収益は好転し，個人消費や設備投資などにも持ち直しの動きがみられ，緩やかな回復基調が続いた",
      "opinions": [
        {
          "target": "日本経済",
          "category": "NULL#general",
          "polarity": "positive",
          "from": 7,
          "to": 11
        },
        {
          "target": "企業収益",
          "category": "NULL#general",
          "polarity": "positive",
          "from": 27,
          "to": 31
        },
        {
          "target": "個人消費",
          "category": "NULL#general",
          "polarity": "positive",
          "from": 36,
          "to": 40
        },
        {
          "target": "設備投資",
          "category": "NULL#general",
          "polarity": "positive",
          "from": 41,
          "to": 45
        }
      ]
    },
    {
      "sentence_id": 1,
      "sentence": "建設業界においても，民間工事が堅調に推移したうえ，官公庁工事で大型工事が受注の増加に寄与したことから，業界全体の受注高は前年度をやや上回る水準で推移した",
      "opinions": [
        {
          "target": "建設業界",
          "category": "market#general",
          "polarity": "positive",
          "from": 0,
          "to": 4
        },
        {
          "target": "民間工事",
          "category": "NULL#general",
          "polarity": "positive",
          "from": 10,
          "to": 14
        },
        {
          "target": "受注",
          "category": "NULL#general",
          "polarity": "positive",
          "from": 36,
          "to": 38
        },
        {
          "target": "受注高",
          "category": "NULL#sales",
          "polarity": "positive",
          "from": 56,
          "to": 59
        }
      ]
    },
    {
      "sentence_id": 2,
      "sentence": "このような状況のもと，当社グループの売上高は，完成工事高の減少などにより，前連結会計年度に比べ5.9％減少し１兆5,674億円となった",
      "opinions": [
        {
          "target": "当社グループ",
          "category": "company#sales",
          "polarity": "negative",
          "from": 11,
          "to": 17
        },
        {
          "target": "完成工事高",
          "category": "NULL#sales",
          "polarity": "negative",
          "from": 23,
          "to": 28
        }
      ]
    },
    {
      "sentence_id": 3,
      "sentence": "利益については，完成工事高は減少したものの，工事採算の改善による完成工事総利益の増加などにより，営業利益は前連結会計年度に比べ36.1％増加し1,288億円，経常利益は37.4％増加し1,311億円，親会社株主に帰属する当期純利益は66.8％増加し989億円となった",
      "opinions": [
        {
          "target": "完成工事高",
          "category": "NULL#sales",
          "polarity": "negative",
          "from": 8,
          "to": 13
        },
        {
          "target": "工事採算",
          "category": "NULL#general",
          "polarity": "positive",
          "from": 22,
          "to": 26
        },
        {
          "target": "完成工事総利益",
          "category": "NULL#profit",
          "polarity": "positive",
          "from": 32,
          "to": 39
        },
        {
          "target": "営業利益",
          "category": "NULL#profit",
          "polarity": "positive",
          "from": 48,
          "to": 52
        },
        {
          "target": "経常利益",
          "category": "NULL#profit",
          "polarity": "positive",
          "from": 79,
          "to": 83
        },
        {
          "target": "当期純利益",
          "category": "NULL#profit",
          "polarity": "positive",
          "from": 110,
          "to": 115
        }
      ]
    },
    {
      "sentence_id": 4,
      "sentence": "セグメントの業績は，以下のとおりである",
      "opinions": []
    },
    {
      "sentence_id": 5,
      "sentence": "（セグメントの業績については，セグメント間の内部売上高又は振替高を含めて記載している",
      "opinions": []
    },
    {
      "sentence_id": 6,
      "sentence": "また，報告セグメントの利益は，連結財務諸表の作成にあたって計上した引当金の繰入額及び取崩額を含んでいない",
      "opinions": []
    },
    {
      "sentence_id": 7,
      "sentence": "なお，セグメント利益は，連結損益計算書の営業利益と調整を行っている",
      "opinions": []
    },
    {
      "sentence_id": 8,
      "sentence": "）",
      "opinions": []
    },
    {
      "sentence_id": 9,
      "sentence": "（当社建設事業）",
      "opinions": []
    },
    {
      "sentence_id": 10,
      "sentence": "当社建設事業の売上高は，前連結会計年度に比べ8.4％減少し１兆2,530億円となったが，セグメント利益は，完成工事総利益率の改善などにより，前連結会計年度に比べ20.5％増加し1,129億円となった",
      "opinions": [
        {
          "target": "当社建設事業",
          "category": "business#sales",
          "polarity": "negative",
          "from": 0,
          "to": 6
        },
        {
          "target": "当社建設事業",
          "category": "business#profit",
          "polarity": "positive",
          "from": 0,
          "to": 6
        },
        {
          "target": "完成工事総利益率",
          "category": "NULL#profit",
          "polarity": "positive",
          "from": 53,
          "to": 61
        }
      ]
    },
    {
      "sentence_id": 11,
      "sentence": "（当社投資開発事業）",
      "opinions": []
    },
    {
      "sentence_id": 12,
      "sentence": "当社投資開発事業の売上高は，前連結会計年度に比べ43.6％減少し181億円となったが，セグメント利益は，前連結会計年度に比べ12.8％増加し53億円となった",
      "opinions": [
        {
          "target": "当社投資開発事業",
          "category": "business#sales",
          "polarity": "negative",
          "from": 0,
          "to": 8
        },
        {
          "target": "当社投資開発事業",
          "category": "business#profit",
          "polarity": "positive",
          "from": 0,
          "to": 8
        }
      ]
    },
    {
      "sentence_id": 13,
      "sentence": "（その他）",
      "opinions": []
    },
    {
      "sentence_id": 14,
      "sentence": "当社が営んでいるエンジニアリング事業や子会社が営んでいる各種事業の売上高は，前連結会計年度に比べ1.2％減少し4,729億円となり，セグメント利益は前連結会計年度に比べ3.6％減少し189億円となった",
      "opinions": [
        {
          "target": "エンジニアリング事業",
          "category": "business#sales",
          "polarity": "negative",
          "from": 8,
          "to": 18
        },
        {
          "target": "エンジニアリング事業",
          "category": "business#profit",
          "polarity": "negative",
          "from": 8,
          "to": 18
        },
        {
          "target": "各種事業",
          "category": "business#sales",
          "polarity": "negative",
          "from": 28,
          "to": 32
        },
        {
          "target": "各種事業",
          "category": "business#profit",
          "polarity": "negative",
          "from": 28,
          "to": 32
        }
      ]
    }
  ]
}