{
  "header": {
    "document_id": "E00069",
    "document_name": "株式会社錢高組",
    "doc_text": "有価証券報告書",
    "edi_id": "E00069",
    "security_code": "18110",
    "category33": "建設業",
    "category17": "建設・資材",
    "scale": "7"
  },
  "sentences": [
    {
      "sentence_id": 0,
      "sentence": "当連結会計年度における世界経済は、米国等においては雇用・所得環境の改善が続くなか、英国のＥＵ離脱問題や、新興国の景気減速、テロ・紛争等の地政学的リスク等の懸念があり、楽観視できない状況にある",
      "opinions": [
        {
          "target": "世界経済",
          "category": "NULL#general",
          "polarity": "neutral",
          "from": 11,
          "to": 15
        },
        {
          "target": "雇用",
          "category": "NULL#general",
          "polarity": "positive",
          "from": 25,
          "to": 27
        },
        {
          "target": "所得環境",
          "category": "NULL#general",
          "polarity": "positive",
          "from": 28,
          "to": 32
        },
        {
          "target": "新興国",
          "category": "NULL#general",
          "polarity": "negative",
          "from": 52,
          "to": 55
        }
      ]
    },
    {
      "sentence_id": 1,
      "sentence": "一方わが国経済は、企業収益は堅調に推移しているものの、世界情勢の不確実性により、先行き不透明さが増している",
      "opinions": [
        {
          "target": "わが国経済",
          "category": "NULL#general",
          "polarity": "neutral",
          "from": 2,
          "to": 7
        },
        {
          "target": "企業収益",
          "category": "NULL#general",
          "polarity": "positive",
          "from": 9,
          "to": 13
        },
        {
          "target": "世界情勢",
          "category": "NULL#general",
          "polarity": "negative",
          "from": 27,
          "to": 31
        }
      ]
    },
    {
      "sentence_id": 2,
      "sentence": "建設市場においては、民間設備投資は底堅く推移したが、建設需要の偏在による建設技能労働者の不足、資機材等の価格上昇の懸念は払拭されず、予断を許さない状況にある",
      "opinions": [
        {
          "target": "建設市場",
          "category": "market#general",
          "polarity": "neutral",
          "from": 0,
          "to": 4
        },
        {
          "target": "民間設備投資",
          "category": "NULL#general",
          "polarity": "positive",
          "from": 10,
          "to": 16
        },
        {
          "target": "建設技能労働者",
          "category": "NULL#general",
          "polarity": "negative",
          "from": 36,
          "to": 43
        }
      ]
    },
    {
      "sentence_id": 3,
      "sentence": "このような情勢のもと、当連結会計年度の業績は次のとおりとなった",
      "opinions": []
    },
    {
      "sentence_id": 4,
      "sentence": "売上高については、建設事業1,092億円(前連結会計年度比3.1％減)に不動産事業16億円（前連結会計年度比28.8％減）を加えた1,109億円(前連結会計年度比3.6％減)となった",
      "opinions": [
        {
          "target": "売上高",
          "category": "NULL#sales",
          "polarity": "negative",
          "from": 0,
          "to": 3
        },
        {
          "target": "建設事業",
          "category": "business#sales",
          "polarity": "negative",
          "from": 9,
          "to": 13
        },
        {
          "target": "不動産事業",
          "category": "business#sales",
          "polarity": "negative",
          "from": 36,
          "to": 41
        }
      ]
    },
    {
      "sentence_id": 5,
      "sentence": "利益面については、経常利益は4,190百万円（前連結会計年度比8.8％減）となり、親会社株主に帰属する当期純利益は4,324百万円（前連結会計年度比47.2％増）となった",
      "opinions": [
        {
          "target": "経常利益",
          "category": "NULL#profit",
          "polarity": "negative",
          "from": 9,
          "to": 13
        },
        {
          "target": "当期純利益",
          "category": "NULL#profit",
          "polarity": "positive",
          "from": 51,
          "to": 56
        }
      ]
    },
    {
      "sentence_id": 6,
      "sentence": "セグメントの業績は次のとおりである",
      "opinions": []
    },
    {
      "sentence_id": 7,
      "sentence": "（建設事業）",
      "opinions": []
    },
    {
      "sentence_id": 8,
      "sentence": "受注高については、建築工事89,418百万円（前連結会計年度比17.5％増）、土木工事31,380百万円（前連結会計年度比36.3％減）の合計120,799百万円（前連結会計年度比3.6％減）となり、完成工事高は、建築工事75,090百万円（前連結会計年度比9.9％減）、土木工事34,164百万円（前連結会計年度比16.4％増）の合計109,255百万円（前連結会計年度比3.1％減）、営業利益は3,492百万円（前連結会計年度比3.4％減）である",
      "opinions": [
        {
          "target": "受注高",
          "category": "NULL#sales",
          "polarity": "negative",
          "from": 0,
          "to": 3
        },
        {
          "target": "建築工事",
          "category": "product#amount",
          "polarity": "positive",
          "from": 9,
          "to": 13
        },
        {
          "target": "土木工事",
          "category": "product#amount",
          "polarity": "negative",
          "from": 39,
          "to": 43
        },
        {
          "target": "完成工事高",
          "category": "NULL#sales",
          "polarity": "negative",
          "from": 100,
          "to": 105
        },
        {
          "target": "建築工事",
          "category": "product#sales",
          "polarity": "negative",
          "from": 107,
          "to": 111
        },
        {
          "target": "土木工事",
          "category": "product#sales",
          "polarity": "negative",
          "from": 136,
          "to": 140
        },
        {
          "target": "営業利益",
          "category": "NULL#profit",
          "polarity": "negative",
          "from": 194,
          "to": 198
        }
      ]
    },
    {
      "sentence_id": 9,
      "sentence": "（不動産事業）",
      "opinions": []
    },
    {
      "sentence_id": 10,
      "sentence": "売上高は1,665百万円（前連結会計年度比28.8％減）、営業利益は629百万円（前連結会計年度比50.5％減）である",
      "opinions": [
        {
          "target": "売上高",
          "category": "NULL#sales",
          "polarity": "negative",
          "from": 0,
          "to": 3
        },
        {
          "target": "営業利益",
          "category": "NULL#profit",
          "polarity": "negative",
          "from": 29,
          "to": 33
        }
      ]
    }
  ]
}