{
  "header": {
    "document_id": "E00058",
    "document_name": "鹿島建設株式会社",
    "doc_text": "有価証券報告書",
    "edi_id": "E00058",
    "security_code": "18120",
    "category33": "建設業",
    "category17": "建設・資材",
    "scale": "4"
  },
  "sentences": [
    {
      "sentence_id": 0,
      "sentence": "当連結会計年度における世界経済は、英国のＥＵ離脱問題や米国の政権交代等によって先行きに対する不透明感が高まったが、経済への影響は限定的なものに留まり、全体として緩やかに成長した",
      "opinions": [
        {
          "target": "世界経済",
          "category": "NULL#general",
          "polarity": "positive",
          "from": 11,
          "to": 15
        }
      ]
    },
    {
      "sentence_id": 1,
      "sentence": "我が国経済については、個人消費は足踏み状態が続いたものの、雇用・所得環境は改善傾向にあり、また、民間設備投資は年度後半に円安が進行したこと等により持ち直しの動きとなるなど、景気は緩やかな回復基調となった",
      "opinions": [
        {
          "target": "雇用",
          "category": "NULL#general",
          "polarity": "positive",
          "from": 29,
          "to": 31
        },
        {
          "target": "所得環境",
          "category": "NULL#general",
          "polarity": "positive",
          "from": 32,
          "to": 36
        },
        {
          "target": "民間設備投資",
          "category": "NULL#general",
          "polarity": "positive",
          "from": 48,
          "to": 54
        },
        {
          "target": "景気",
          "category": "NULL#general",
          "polarity": "positive",
          "from": 86,
          "to": 88
        }
      ]
    },
    {
      "sentence_id": 2,
      "sentence": "国内建設市場においては、建設投資は首都圏を中心とする大規模再開発や交通インフラ整備等の需要に支えられて公共・民間ともに底堅さを維持し、労務需給は引き続き安定的に推移した",
      "opinions": [
        {
          "target": "建設投資",
          "category": "NULL#general",
          "polarity": "positive",
          "from": 12,
          "to": 16
        },
        {
          "target": "労務需給",
          "category": "NULL#general",
          "polarity": "positive",
          "from": 67,
          "to": 71
        }
      ]
    },
    {
      "sentence_id": 3,
      "sentence": "こうした中、当社グループは持続的な成長と企業価値の向上を実現するため、前連結会計年度に策定した「中期経営計画（2015～2017年度）」に基づき、当社建設事業の再生・強化に向けた取り組みを集中的に推し進めるとともに、当社グループの強みを活かせる事業領域の拡充と経営基盤の確立に向けて取り組んできた",
      "opinions": []
    },
    {
      "sentence_id": 4,
      "sentence": "その結果、当連結会計年度における当社グループの連結業績は、次のとおりとなった",
      "opinions": []
    },
    {
      "sentence_id": 5,
      "sentence": "建設事業受注高は、前連結会計年度と同水準で推移し、前連結会計年度比3.8％減の１兆7,283億円（前連結会計年度は１兆7,958億円）となった",
      "opinions": [
        {
          "target": "建設事業受注高",
          "category": "NULL#sales",
          "polarity": "negative",
          "from": 0,
          "to": 7
        }
      ]
    },
    {
      "sentence_id": 6,
      "sentence": "なお、当社の受注高は、開発事業等を含めて同9.1％増の１兆3,499億円（前連結会計年度は１兆2,368億円）となった",
      "opinions": [
        {
          "target": "受注高",
          "category": "NULL#sales",
          "polarity": "positive",
          "from": 6,
          "to": 9
        }
      ]
    },
    {
      "sentence_id": 7,
      "sentence": "売上高は、前連結会計年度と同水準で推移し、前連結会計年度比4.5％増の１兆8,218億円（前連結会計年度は１兆7,427億円）となった",
      "opinions": [
        {
          "target": "売上高",
          "category": "NULL#sales",
          "polarity": "positive",
          "from": 0,
          "to": 3
        }
      ]
    },
    {
      "sentence_id": 8,
      "sentence": "利益については、建設事業の利益率向上と開発事業等の好調な推移により売上総利益が増加したことを主因に、営業利益は前連結会計年度比39.9％増の1,553億円（前連結会計年度は1,110億円）となり、経常利益は同44.2％増の1,634億円（前連結会計年度は1,133億円）となった",
      "opinions": [
        {
          "target": "建設事業",
          "category": "business#profit",
          "polarity": "positive",
          "from": 8,
          "to": 12
        },
        {
          "target": "開発事業",
          "category": "business#general",
          "polarity": "positive",
          "from": 19,
          "to": 23
        },
        {
          "target": "売上総利益",
          "category": "NULL#profit",
          "polarity": "positive",
          "from": 33,
          "to": 38
        },
        {
          "target": "営業利益",
          "category": "NULL#profit",
          "polarity": "positive",
          "from": 50,
          "to": 54
        },
        {
          "target": "経常利益",
          "category": "NULL#profit",
          "polarity": "positive",
          "from": 98,
          "to": 102
        }
      ]
    },
    {
      "sentence_id": 9,
      "sentence": "親会社株主に帰属する当期純利益は、特別損益が改善したこともあり、前連結会計年度比45.0％増の1,048億円（前連結会計年度は723億円）となった",
      "opinions": [
        {
          "target": "当期純利益",
          "category": "NULL#profit",
          "polarity": "positive",
          "from": 10,
          "to": 15
        },
        {
          "target": "特別損益",
          "category": "NULL#profit",
          "polarity": "positive",
          "from": 17,
          "to": 21
        }
      ]
    },
    {
      "sentence_id": 10,
      "sentence": "(注) 「第２  事業の状況」における各事項の記載については、消費税等抜きの金額を表示している",
      "opinions": []
    },
    {
      "sentence_id": 11,
      "sentence": "セグメントの業績は次のとおりである",
      "opinions": []
    },
    {
      "sentence_id": 12,
      "sentence": "（セグメントの業績については、セグメント間の内部売上高又は振替高を含めて記載している",
      "opinions": []
    },
    {
      "sentence_id": 13,
      "sentence": "）",
      "opinions": []
    },
    {
      "sentence_id": 14,
      "sentence": "①  土木事業",
      "opinions": []
    },
    {
      "sentence_id": 15,
      "sentence": "（当社における建設事業のうち土木工事に関する事業）",
      "opinions": []
    },
    {
      "sentence_id": 16,
      "sentence": "完成工事高は、前連結会計年度と同水準で推移し、前連結会計年度比3.6％減の2,968億円（前連結会計年度は3,079億円）となった",
      "opinions": [
        {
          "target": "完成工事高",
          "category": "NULL#sales",
          "polarity": "negative",
          "from": 0,
          "to": 5
        }
      ]
    },
    {
      "sentence_id": 17,
      "sentence": "営業利益は、完成工事総利益率が向上したことから、前連結会計年度比24.8％増の359億円（前連結会計年度は288億円）となった",
      "opinions": [
        {
          "target": "営業利益",
          "category": "NULL#profit",
          "polarity": "positive",
          "from": 0,
          "to": 4
        },
        {
          "target": "完成工事総利益率",
          "category": "NULL#profit",
          "polarity": "positive",
          "from": 6,
          "to": 14
        }
      ]
    },
    {
      "sentence_id": 18,
      "sentence": "（当社における建設事業のうち建築工事に関する事業）",
      "opinions": []
    },
    {
      "sentence_id": 19,
      "sentence": "完成工事高は、前連結会計年度と同水準で推移し、前連結会計年度比1.3％増の8,351億円（前連結会計年度は8,240億円）となった",
      "opinions": [
        {
          "target": "完成工事高",
          "category": "NULL#sales",
          "polarity": "positive",
          "from": 0,
          "to": 5
        }
      ]
    },
    {
      "sentence_id": 20,
      "sentence": "営業利益は、完成工事総利益率が向上したことを主因に、前連結会計年度比36.9％増の786億円（前連結会計年度は574億円）となった",
      "opinions": [
        {
          "target": "営業利益",
          "category": "NULL#profit",
          "polarity": "positive",
          "from": 0,
          "to": 4
        },
        {
          "target": "完成工事総利益率",
          "category": "NULL#profit",
          "polarity": "positive",
          "from": 6,
          "to": 14
        }
      ]
    },
    {
      "sentence_id": 21,
      "sentence": "③  開発事業等",
      "opinions": []
    },
    {
      "sentence_id": 22,
      "sentence": "（当社における都市開発、地域開発など不動産開発全般に関する事業及び意匠・構造設計、その他設計、エンジニアリング全般の事業）",
      "opinions": []
    },
    {
      "sentence_id": 23,
      "sentence": "販売物件の引渡しがあったことを主因に、売上高は前連結会計年度比110.8％増の718億円（前連結会計年度は340億円）、営業利益は同14倍超の98億円（前連結会計年度は６億円）となった",
      "opinions": [
        {
          "target": "売上高",
          "category": "NULL#sales",
          "polarity": "positive",
          "from": 19,
          "to": 22
        },
        {
          "target": "営業利益",
          "category": "NULL#profit",
          "polarity": "positive",
          "from": 60,
          "to": 64
        }
      ]
    },
    {
      "sentence_id": 24,
      "sentence": "④  国内関係会社",
      "opinions": []
    },
    {
      "sentence_id": 25,
      "sentence": "（当社の国内関係会社が行っている事業であり、主に日本国内における建設資機材の販売、専門工事の請負、総合リース業、ビル賃貸\n    事業等）",
      "opinions": []
    },
    {
      "sentence_id": 26,
      "sentence": "売上高は、前連結会計年度と同水準で推移し、前連結会計年度比0.9％減の3,611億円（前連結会計年度は3,646億円）となった",
      "opinions": [
        {
          "target": "売上高",
          "category": "NULL#sales",
          "polarity": "negative",
          "from": 0,
          "to": 3
        }
      ]
    },
    {
      "sentence_id": 27,
      "sentence": "営業利益は、前連結会計年度と概ね同水準で推移し、前連結会計年度比5.1％減の195億円（前連結会計年度は206億円）となった",
      "opinions": [
        {
          "target": "営業利益",
          "category": "NULL#profit",
          "polarity": "negative",
          "from": 0,
          "to": 4
        }
      ]
    },
    {
      "sentence_id": 28,
      "sentence": "（当社の海外関係会社が行っている事業であり、米国、欧州、アジアなどの海外地域における建設事業、開発事業等）",
      "opinions": []
    },
    {
      "sentence_id": 29,
      "sentence": "売上高は、前連結会計年度と概ね同水準で推移し、前連結会計年度比9.0％増の4,009億円（前連結会計年度は3,679億円）となった",
      "opinions": [
        {
          "target": "売上高",
          "category": "NULL#sales",
          "polarity": "positive",
          "from": 0,
          "to": 3
        }
      ]
    },
    {
      "sentence_id": 30,
      "sentence": "営業利益は、売上総利益率が向上したことも加わり、前連結会計年度比55.7％増の116億円（前連結会計年度は75億円）となった",
      "opinions": [
        {
          "target": "営業利益",
          "category": "NULL#profit",
          "polarity": "positive",
          "from": 0,
          "to": 4
        }
      ]
    }
  ]
}