{
  "header": {
    "document_id": "E00034",
    "document_name": "太平洋興発株式会社",
    "doc_text": "有価証券報告書",
    "edi_id": "E00034",
    "security_code": "88350",
    "category33": "卸売業",
    "category17": "商社・卸売",
    "scale": "7"
  },
  "sentences": [
    {
      "sentence_id": 0,
      "sentence": "当連結会計年度におけるわが国経済は、政府による各種経済対策等の効果により、雇用・所得環境が改善し、個人消費や民間設備投資にも持ち直しの動きが見え、緩やかな回復基調で推移したが、米国・欧州の政策動向等による影響が懸念されるなど、引き続き不透明な状況が続いている",
      "opinions": [
        {
          "target": "わが国経済",
          "category": "NULL#general",
          "polarity": "neutral",
          "from": 11,
          "to": 16
        },
        {
          "target": "雇用",
          "category": "NULL#general",
          "polarity": "positive",
          "from": 37,
          "to": 39
        },
        {
          "target": "所得環境",
          "category": "NULL#general",
          "polarity": "positive",
          "from": 40,
          "to": 44
        },
        {
          "target": "個人消費",
          "category": "NULL#general",
          "polarity": "positive",
          "from": 49,
          "to": 53
        },
        {
          "target": "民間設備投資",
          "category": "NULL#general",
          "polarity": "positive",
          "from": 54,
          "to": 60
        }
      ]
    },
    {
      "sentence_id": 1,
      "sentence": "このような経済状況下、当社グループの当連結会計年度の業績は、前年同期と比較し、商事セグメントの輸入炭販売数量が増加したこと等により、売上高は316億89百万円（前年同期比7.8％増）となった",
      "opinions": [
        {
          "target": "当社グループ",
          "category": "company#sales",
          "polarity": "positive",
          "from": 11,
          "to": 17
        },
        {
          "target": "商事セグメント",
          "category": "business#amount",
          "polarity": "positive",
          "from": 39,
          "to": 46
        }
      ]
    },
    {
      "sentence_id": 2,
      "sentence": "また、利益面については、商事セグメントの輸入炭販売数量が増加したこと及びサービスセグメントの有料老人ホーム（シルバー事業）のコスト削減効果等により、営業利益は９億39百万円（同24.3％増）、経常利益は７億76百万円（同21.3％増）となり、特別損失の減損損失の計上が減少したこと並びに繰延税金資産の計上が増えたことにより、親会社株主に帰属する当期純利益は６億38百万円（同192.5％増）となった",
      "opinions": [
        {
          "target": "商事セグメント",
          "category": "business#amount",
          "polarity": "positive",
          "from": 12,
          "to": 19
        },
        {
          "target": "サービスセグメント",
          "category": "business#cost",
          "polarity": "positive",
          "from": 36,
          "to": 45
        },
        {
          "target": "有料老人ホーム（シルバー事業）",
          "category": "business#cost",
          "polarity": "positive",
          "from": 46,
          "to": 61
        },
        {
          "target": "営業利益",
          "category": "NULL#profit",
          "polarity": "positive",
          "from": 74,
          "to": 78
        },
        {
          "target": "経常利益",
          "category": "NULL#profit",
          "polarity": "positive",
          "from": 96,
          "to": 100
        },
        {
          "target": "特別損失",
          "category": "NULL#general",
          "polarity": "positive",
          "from": 121,
          "to": 125
        },
        {
          "target": "繰延税金資産",
          "category": "NULL#general",
          "polarity": "positive",
          "from": 143,
          "to": 149
        },
        {
          "target": "当期純利益",
          "category": "NULL#profit",
          "polarity": "positive",
          "from": 172,
          "to": 177
        }
      ]
    },
    {
      "sentence_id": 3,
      "sentence": "なお、セグメントの業績は次のとおりである",
      "opinions": []
    },
    {
      "sentence_id": 4,
      "sentence": "①不動産セグメント",
      "opinions": []
    },
    {
      "sentence_id": 5,
      "sentence": "当連結会計年度は、前連結会計年度及び当連結会計年度に取得した賃貸用不動産の賃料収入の増加等により、売上高は26億92百万円(前年同期比1.3％増)となったものの、コスト増加により、営業利益は７億43百万円(同0.3％減)となった",
      "opinions": [
        {
          "target": "賃料収入",
          "category": "NULL#sales",
          "polarity": "positive",
          "from": 37,
          "to": 41
        },
        {
          "target": "売上高",
          "category": "NULL#sales",
          "polarity": "positive",
          "from": 49,
          "to": 52
        },
        {
          "target": "営業利益",
          "category": "NULL#profit",
          "polarity": "negative",
          "from": 90,
          "to": 94
        }
      ]
    },
    {
      "sentence_id": 6,
      "sentence": "②商事セグメント",
      "opinions": []
    },
    {
      "sentence_id": 7,
      "sentence": "主力事業である輸入炭の販売数量が増加したことにより、売上高は173億22百万円(同12.5％増)となったものの、利益率低下により、営業利益は４億72百万円(同2.0％減)となった",
      "opinions": [
        {
          "target": "輸入炭",
          "category": "product#amount",
          "polarity": "positive",
          "from": 7,
          "to": 10
        },
        {
          "target": "売上高",
          "category": "NULL#sales",
          "polarity": "positive",
          "from": 26,
          "to": 29
        },
        {
          "target": "営業利益",
          "category": "NULL#profit",
          "polarity": "negative",
          "from": 65,
          "to": 69
        }
      ]
    },
    {
      "sentence_id": 8,
      "sentence": "③サービスセグメント",
      "opinions": []
    },
    {
      "sentence_id": 9,
      "sentence": "シルバー事業の稼働率上昇等により、売上高は57億36百万円(同2.3％増)となり、シルバー事業のコスト削減効果等により、営業利益は３億57百万円(同511.3％増)となった",
      "opinions": [
        {
          "target": "シルバー事業",
          "category": "business#general",
          "polarity": "positive",
          "from": 0,
          "to": 6
        },
        {
          "target": "シルバー事業",
          "category": "business#sales",
          "polarity": "positive",
          "from": 0,
          "to": 6
        },
        {
          "target": "シルバー事業",
          "category": "business#profit",
          "polarity": "positive",
          "from": 0,
          "to": 6
        },
        {
          "target": "シルバー事業",
          "category": "business#cost",
          "polarity": "positive",
          "from": 41,
          "to": 47
        }
      ]
    },
    {
      "sentence_id": 10,
      "sentence": "④建設工事セグメント",
      "opinions": []
    },
    {
      "sentence_id": 11,
      "sentence": "建設工事の受注増により、売上高は38億97百万円(同5.9％増)となったものの、利益率低下により、営業利益は77百万円(同39.2％減)となった",
      "opinions": [
        {
          "target": "建設工事",
          "category": "product#amount",
          "polarity": "positive",
          "from": 0,
          "to": 4
        },
        {
          "target": "売上高",
          "category": "NULL#sales",
          "polarity": "positive",
          "from": 12,
          "to": 15
        },
        {
          "target": "営業利益",
          "category": "NULL#profit",
          "polarity": "negative",
          "from": 49,
          "to": 53
        }
      ]
    },
    {
      "sentence_id": 12,
      "sentence": "⑤その他のセグメント",
      "opinions": []
    },
    {
      "sentence_id": 13,
      "sentence": "農業用肥料の販売が減少したことにより、売上高は20億41百万円(同1.2％減)となり、営業利益は43百万円(同53.2％減)となった",
      "opinions": [
        {
          "target": "農業用肥料",
          "category": "product#amount",
          "polarity": "negative",
          "from": 0,
          "to": 5
        },
        {
          "target": "売上高",
          "category": "NULL#sales",
          "polarity": "negative",
          "from": 19,
          "to": 22
        },
        {
          "target": "営業利益",
          "category": "NULL#profit",
          "polarity": "negative",
          "from": 43,
          "to": 47
        }
      ]
    }
  ]
}