{
  "header": {
    "document_id": "E00035",
    "document_name": "株式会社ニッチツ",
    "doc_text": "有価証券報告書",
    "edi_id": "E00035",
    "security_code": "70210",
    "category33": "機械",
    "category17": "機械",
    "scale": ""
  },
  "sentences": [
    {
      "sentence_id": 0,
      "sentence": "当連結会計年度のわが国経済は、年度前半は低調に推移したものの、後半は海外経済の改善を背景に輸出及び設備投資が回復し、一方、個人消費は力強さに欠けたことから、全体としては緩やかな回復基調を辿りました",
      "opinions": [
        {
          "target": "わが国経済",
          "category": "NULL#general",
          "polarity": "positive",
          "from": 8,
          "to": 13
        },
        {
          "target": "海外経済",
          "category": "NULL#general",
          "polarity": "positive",
          "from": 34,
          "to": 38
        },
        {
          "target": "輸出",
          "category": "NULL#general",
          "polarity": "positive",
          "from": 45,
          "to": 47
        },
        {
          "target": "設備投資",
          "category": "NULL#general",
          "polarity": "positive",
          "from": 49,
          "to": 53
        },
        {
          "target": "個人消費",
          "category": "NULL#general",
          "polarity": "negative",
          "from": 61,
          "to": 65
        }
      ]
    },
    {
      "sentence_id": 1,
      "sentence": "当社グループを取り巻く事業環境は、機械関連については、舶用機器の需要は、国内造船所における過年度までの豊富な受注残の下支えがあるものの、新造船の新規受注低迷の影響を受け弱含みに推移いたしました",
      "opinions": [
        {
          "target": "需要",
          "category": "NULL#general",
          "polarity": "negative",
          "from": 32,
          "to": 34
        },
        {
          "target": "新規受注",
          "category": "NULL#general",
          "polarity": "negative",
          "from": 72,
          "to": 76
        }
      ]
    },
    {
      "sentence_id": 2,
      "sentence": "資源関連については、住宅関連資材向け需要並びに、半導体、情報関連分野の需要とも、弱含みに推移したものの、年度後半には回復の兆しも見られました",
      "opinions": [
        {
          "target": "資源関連",
          "category": "NULL#general",
          "polarity": "positive",
          "from": 0,
          "to": 4
        },
        {
          "target": "需要",
          "category": "NULL#general",
          "polarity": "negative",
          "from": 18,
          "to": 20
        },
        {
          "target": "需要",
          "category": "NULL#general",
          "polarity": "negative",
          "from": 35,
          "to": 37
        }
      ]
    },
    {
      "sentence_id": 3,
      "sentence": "賃貸ビル業においては、都内オフィスビルの平均空室率は低下基調にあります",
      "opinions": [
        {
          "target": "賃貸ビル業",
          "category": "NULL#general",
          "polarity": "positive",
          "from": 0,
          "to": 5
        },
        {
          "target": "平均空室率",
          "category": "NULL#general",
          "polarity": "positive",
          "from": 20,
          "to": 25
        }
      ]
    },
    {
      "sentence_id": 4,
      "sentence": "このような状況の中で、当社グループは、生産体制の拡充や品質管理の強化により顧客ニーズへの一層の対応に努めるとともに、受注全般について引き続き採算管理の徹底を図る等、全事業部門を通じて、売上高の確保とコスト削減、業務の効率化等による収益力の強化に努めました",
      "opinions": []
    },
    {
      "sentence_id": 5,
      "sentence": "そうした中で、資源関連事業に係るハイシリカ（精製珪石粉等）部門においては、コスト削減の成果が上がったものの、同部門における棚卸資産（原材料）に係る評価損を売上原価に計上したことから、収益改善は小幅なものに留まりました",
      "opinions": [
        {
          "target": "ハイシリカ（精製珪石粉等）部門",
          "category": "business#cost",
          "polarity": "positive",
          "from": 16,
          "to": 31
        },
        {
          "target": "ハイシリカ（精製珪石粉等）部門",
          "category": "business#profit",
          "polarity": "positive",
          "from": 16,
          "to": 31
        },
        {
          "target": "売上原価",
          "category": "NULL#cost",
          "polarity": "negative",
          "from": 77,
          "to": 81
        }
      ]
    },
    {
      "sentence_id": 6,
      "sentence": "また、営業外における中国合弁会社の業績回復に伴う持分法による投資利益の改善がグループ収益に寄与いたしました",
      "opinions": [
        {
          "target": "中国合弁会社",
          "category": "company#general",
          "polarity": "positive",
          "from": 10,
          "to": 16
        },
        {
          "target": "投資利益",
          "category": "NULL#profit",
          "polarity": "positive",
          "from": 30,
          "to": 34
        }
      ]
    },
    {
      "sentence_id": 7,
      "sentence": "この結果、当連結会計年度の売上高は93億６千万円（前連結会計年度比4.4％減）、営業利益は４億３千３百万円（同0.3%減）、経常利益は４億７千２百万円（同10.6％増）となり、また、特別損失として資源関連事業の結晶質石灰石部門に関する減損損失１億８千３百万円を計上したこと等から、親会社株主に帰属する当期純利益は１億７千９百万円（同21.9％増）となりました",
      "opinions": [
        {
          "target": "売上高",
          "category": "NULL#sales",
          "polarity": "negative",
          "from": 13,
          "to": 16
        },
        {
          "target": "営業利益",
          "category": "NULL#profit",
          "polarity": "negative",
          "from": 40,
          "to": 44
        },
        {
          "target": "経常利益",
          "category": "NULL#profit",
          "polarity": "positive",
          "from": 62,
          "to": 66
        },
        {
          "target": "特別損失",
          "category": "NULL#profit",
          "polarity": "negative",
          "from": 91,
          "to": 95
        },
        {
          "target": "当期純利益",
          "category": "NULL#profit",
          "polarity": "positive",
          "from": 150,
          "to": 155
        }
      ]
    },
    {
      "sentence_id": 8,
      "sentence": "セグメントの業績は次のとおりであります",
      "opinions": []
    },
    {
      "sentence_id": 9,
      "sentence": "①機械関連事業",
      "opinions": []
    },
    {
      "sentence_id": 10,
      "sentence": "舶用機器は、新造船の新規受注低迷を受けての造船所の建造ペースの減速の影響等により売上、受注とも減少いたしました",
      "opinions": [
        {
          "target": "舶用機器",
          "category": "product#amount",
          "polarity": "negative",
          "from": 0,
          "to": 4
        },
        {
          "target": "舶用機器",
          "category": "product#sales",
          "polarity": "negative",
          "from": 0,
          "to": 4
        },
        {
          "target": "新規受注",
          "category": "NULL#general",
          "polarity": "negative",
          "from": 10,
          "to": 14
        },
        {
          "target": "建造ペース",
          "category": "NULL#general",
          "polarity": "negative",
          "from": 25,
          "to": 30
        }
      ]
    },
    {
      "sentence_id": 11,
      "sentence": "産業機器は、売上は、空気予熱機関連が増加したものの、製鉄関連が減少し、全体ではやや減少いたしました",
      "opinions": [
        {
          "target": "産業機器",
          "category": "product#sales",
          "polarity": "negative",
          "from": 0,
          "to": 4
        },
        {
          "target": "空気予熱機関連",
          "category": "product#sales",
          "polarity": "positive",
          "from": 10,
          "to": 17
        },
        {
          "target": "製鉄関連",
          "category": "product#sales",
          "polarity": "negative",
          "from": 26,
          "to": 30
        }
      ]
    },
    {
      "sentence_id": 12,
      "sentence": "受注は、重電関連が増加したものの、製鉄関連の大型案件の一巡や設備工事関連の減少等により、減少いたしました",
      "opinions": [
        {
          "target": "受注",
          "category": "NULL#amount",
          "polarity": "negative",
          "from": 0,
          "to": 2
        },
        {
          "target": "重電関連",
          "category": "product#amount",
          "polarity": "positive",
          "from": 4,
          "to": 8
        },
        {
          "target": "設備工事関連",
          "category": "product#amount",
          "polarity": "negative",
          "from": 30,
          "to": 36
        }
      ]
    },
    {
      "sentence_id": 13,
      "sentence": "また、コスト削減努力あるいは採算管理の徹底等により、粗利益率に顕著な改善が見られました",
      "opinions": [
        {
          "target": "粗利益率",
          "category": "NULL#profit",
          "polarity": "positive",
          "from": 26,
          "to": 30
        }
      ]
    },
    {
      "sentence_id": 14,
      "sentence": "この結果、機械関連事業全体では、売上高は65億３千４百万円（前連結会計年度比2.9％減）、営業利益は５億８千８百万円（同2.5％増）となりました",
      "opinions": [
        {
          "target": "機械関連事業",
          "category": "business#sales",
          "polarity": "negative",
          "from": 5,
          "to": 11
        },
        {
          "target": "機械関連事業",
          "category": "business#profit",
          "polarity": "positive",
          "from": 5,
          "to": 11
        }
      ]
    },
    {
      "sentence_id": 15,
      "sentence": "②資源関連事業",
      "opinions": []
    },
    {
      "sentence_id": 16,
      "sentence": "結晶質石灰石部門の売上は、年度後半以降住宅関連資材向け需要に緩やかな回復が見られましたが、大雨等の影響による出鉱量の制約から、減少いたしました",
      "opinions": [
        {
          "target": "結晶質石灰石部門",
          "category": "NULL#sales",
          "polarity": "negative",
          "from": 0,
          "to": 8
        },
        {
          "target": "需要",
          "category": "NULL#general",
          "polarity": "positive",
          "from": 27,
          "to": 29
        }
      ]
    },
    {
      "sentence_id": 17,
      "sentence": "また、砂利、砂等の土木建設資材の取り扱いもやや減少いたしました",
      "opinions": [
        {
          "target": "土木建設資材",
          "category": "product#amount",
          "polarity": "negative",
          "from": 9,
          "to": 15
        }
      ]
    },
    {
      "sentence_id": 18,
      "sentence": "半導体封止材などの原料であるハイシリカ部門の売上は、光学関連及び電子材料関連の需要が減速したものの、年度後半以降半導体関連の需要が回復し、増加いたしました",
      "opinions": [
        {
          "target": "ハイシリカ部門",
          "category": "business#sales",
          "polarity": "positive",
          "from": 14,
          "to": 21
        },
        {
          "target": "需要",
          "category": "NULL#general",
          "polarity": "negative",
          "from": 39,
          "to": 41
        },
        {
          "target": "需要",
          "category": "NULL#general",
          "polarity": "positive",
          "from": 62,
          "to": 64
        }
      ]
    },
    {
      "sentence_id": 19,
      "sentence": "また、同部門では、棚卸資産（原材料）に係る評価損１億７千３百万円を売上原価に計上いたしました",
      "opinions": []
    },
    {
      "sentence_id": 20,
      "sentence": "この結果、資源関連事業全体では、売上高は20億５千万円（前連結会計年度比5.6％減）、営業損失は２億１千４百万円（前連結会計年度は営業損失２億４千３百万円）となりました",
      "opinions": [
        {
          "target": "資源関連事業",
          "category": "business#sales",
          "polarity": "negative",
          "from": 5,
          "to": 11
        },
        {
          "target": "資源関連事業",
          "category": "business#profit",
          "polarity": "neutral",
          "from": 5,
          "to": 11
        }
      ]
    },
    {
      "sentence_id": 21,
      "sentence": "③不動産関連事業",
      "opinions": []
    },
    {
      "sentence_id": 22,
      "sentence": "新規テナントの入居により、稼働率が改善したこと等から、売上高は１億３千３百万円（前連結会計年度比15.5％増）、営業利益は４千８百万円（同17.5%増）となりました",
      "opinions": [
        {
          "target": "稼働率",
          "category": "NULL#general",
          "polarity": "positive",
          "from": 13,
          "to": 16
        },
        {
          "target": "売上高",
          "category": "NULL#sales",
          "polarity": "positive",
          "from": 27,
          "to": 30
        },
        {
          "target": "営業利益",
          "category": "NULL#profit",
          "polarity": "positive",
          "from": 56,
          "to": 60
        }
      ]
    },
    {
      "sentence_id": 23,
      "sentence": "④素材関連事業",
      "opinions": []
    },
    {
      "sentence_id": 24,
      "sentence": "耐熱塗料の売上は、設備用に加え、OA機器向け輸出仕様品等工業用も低調に推移し、減少いたしました",
      "opinions": [
        {
          "target": "耐熱塗料",
          "category": "product#sales",
          "polarity": "negative",
          "from": 0,
          "to": 4
        },
        {
          "target": "設備用",
          "category": "product#sales",
          "polarity": "negative",
          "from": 9,
          "to": 12
        },
        {
          "target": "輸出仕様品等工業用",
          "category": "product#sales",
          "polarity": "negative",
          "from": 22,
          "to": 31
        }
      ]
    },
    {
      "sentence_id": 25,
      "sentence": "また、ライナテックス（高純度天然ゴム）関連の売上も、セメント業界向け大型案件の一巡で減少し、この結果、素材関連事業全体では、売上高は６億４千２百万円（前連結会計年度比16.1％減）、営業利益は２百万円（同96.0%減）となりました",
      "opinions": [
        {
          "target": "ライナテックス（高純度天然ゴム）関連",
          "category": "product#sales",
          "polarity": "negative",
          "from": 3,
          "to": 21
        },
        {
          "target": "素材関連事業",
          "category": "business#sales",
          "polarity": "negative",
          "from": 51,
          "to": 57
        },
        {
          "target": "素材関連事業",
          "category": "business#profit",
          "polarity": "negative",
          "from": 51,
          "to": 57
        }
      ]
    }
  ]
}