{
  "header": {
    "document_id": "E00146",
    "document_name": "株式会社九電工",
    "doc_text": "有価証券報告書",
    "edi_id": "E00146",
    "security_code": "19590",
    "category33": "建設業",
    "category17": "建設・資材",
    "scale": "4"
  },
  "sentences": [
    {
      "sentence_id": 0,
      "sentence": "当連結会計年度におけるわが国の経済は、英国のＥＵ離脱問題や米国新政権の政策などを始め、海外情勢に大きな変化が見られたものの、景気は雇用・所得環境や企業収益の改善を背景に、緩やかな回復の動きを続けてきた",
      "opinions": [
        {
          "target": "経済",
          "category": "NULL#general",
          "polarity": "positive",
          "from": 15,
          "to": 17
        },
        {
          "target": "雇用",
          "category": "NULL#general",
          "polarity": "positive",
          "from": 65,
          "to": 67
        },
        {
          "target": "所得環境",
          "category": "NULL#general",
          "polarity": "positive",
          "from": 68,
          "to": 72
        },
        {
          "target": "企業収益",
          "category": "NULL#general",
          "polarity": "positive",
          "from": 73,
          "to": 77
        }
      ]
    },
    {
      "sentence_id": 1,
      "sentence": "そのような中、建設業界においては、民間設備投資並びに公共投資の底堅い動きと共に、東京オリンピック関連工事や都市再開発工事の本格化なども相俟って、建設需要は引き続き好調に推移してきた",
      "opinions": [
        {
          "target": "民間設備投資",
          "category": "NULL#general",
          "polarity": "positive",
          "from": 17,
          "to": 23
        },
        {
          "target": "公共投資",
          "category": "NULL#general",
          "polarity": "positive",
          "from": 26,
          "to": 30
        },
        {
          "target": "建設需要",
          "category": "NULL#general",
          "polarity": "positive",
          "from": 72,
          "to": 76
        }
      ]
    },
    {
      "sentence_id": 2,
      "sentence": "このような状況のもと当社グループは、九州における安定的な基盤確立、首都圏事業の強化を始め、中期経営計画に掲げた成長戦略に基づく諸施策を強力に推進してきた",
      "opinions": []
    },
    {
      "sentence_id": 3,
      "sentence": "特に、営業・技術両面からの受注獲得率の向上や首都圏における大型工事の受注及び、アフターサービス体制の充実・強化など、電気・空調管工事の受注確保に向けた取り組みに全力を傾注してきた",
      "opinions": []
    },
    {
      "sentence_id": 4,
      "sentence": "同時に、配電線工事の収益の向上や、電気・空調管工事の最低原価を目指した工事コスト削減、施工戦力の強化などの工事採算性向上に向けた取り組みを進めてきた",
      "opinions": []
    },
    {
      "sentence_id": 5,
      "sentence": "このような事業運営の結果、当連結会計年度の業績は、以下のとおりとなった",
      "opinions": []
    },
    {
      "sentence_id": 6,
      "sentence": "セグメント別の業績は、次のとおりである",
      "opinions": []
    },
    {
      "sentence_id": 7,
      "sentence": "①　設備工事業",
      "opinions": []
    },
    {
      "sentence_id": 8,
      "sentence": "売上高は、大幅に増加した期首の手持工事が順調に進捗したことなどから、前連結会計年度に比べ323億13百万円増加（10.9％増）し、3,289億15百万円となった",
      "opinions": [
        {
          "target": "売上高",
          "category": "NULL#sales",
          "polarity": "positive",
          "from": 0,
          "to": 3
        },
        {
          "target": "手持工事",
          "category": "NULL#general",
          "polarity": "positive",
          "from": 15,
          "to": 19
        }
      ]
    },
    {
      "sentence_id": 9,
      "sentence": "セグメント利益は、売上高の増加に伴い、前連結会計年度に比べ48億２百万円増加し、290億71百万円となった",
      "opinions": [
        {
          "target": "セグメント利益",
          "category": "NULL#profit",
          "polarity": "positive",
          "from": 0,
          "to": 7
        },
        {
          "target": "売上高",
          "category": "NULL#sales",
          "polarity": "positive",
          "from": 9,
          "to": 12
        }
      ]
    },
    {
      "sentence_id": 10,
      "sentence": "②　その他",
      "opinions": []
    },
    {
      "sentence_id": 11,
      "sentence": "売上高は、工事に関する材料並びに機器の販売事業などが減少したことなどから、前連結会計年度に比べ18億88百万円減少（12.8％減）し、128億55百万円となった",
      "opinions": [
        {
          "target": "売上高",
          "category": "NULL#sales",
          "polarity": "negative",
          "from": 0,
          "to": 3
        },
        {
          "target": "販売事業",
          "category": "business#sales",
          "polarity": "negative",
          "from": 19,
          "to": 23
        }
      ]
    },
    {
      "sentence_id": 12,
      "sentence": "セグメント利益は、前連結会計年度に比べ４億84百万円増加し、15億０百万円となった",
      "opinions": [
        {
          "target": "セグメント利益",
          "category": "NULL#profit",
          "polarity": "positive",
          "from": 0,
          "to": 7
        }
      ]
    }
  ]
}