{
  "header": {
    "document_id": "E00168",
    "document_name": "日比谷総合設備株式会社",
    "doc_text": "訂正有価証券報告書",
    "edi_id": "E00168",
    "security_code": "19820",
    "category33": "建設業",
    "category17": "建設・資材",
    "scale": "7"
  },
  "sentences": [
    {
      "sentence_id": 0,
      "sentence": "当連結会計年度におけるわが国の経済は、政府や日本銀行による各種施策効果もあり、引き続き穏やかな回復基調で推移してまいりました",
      "opinions": [
        {
          "target": "経済",
          "category": "NULL#general",
          "polarity": "positive",
          "from": 15,
          "to": 17
        }
      ]
    },
    {
      "sentence_id": 1,
      "sentence": "設備投資は企業収益が高水準で推移するなかで、緩やかな増加基調にあり、個人消費は雇用・所得環境の改善を背景に持ち直しの動きが見られました",
      "opinions": [
        {
          "target": "設備投資",
          "category": "NULL#general",
          "polarity": "positive",
          "from": 0,
          "to": 4
        },
        {
          "target": "企業収益",
          "category": "NULL#general",
          "polarity": "positive",
          "from": 5,
          "to": 9
        },
        {
          "target": "個人消費",
          "category": "NULL#general",
          "polarity": "positive",
          "from": 34,
          "to": 38
        },
        {
          "target": "雇用",
          "category": "NULL#general",
          "polarity": "positive",
          "from": 39,
          "to": 41
        },
        {
          "target": "所得環境",
          "category": "NULL#general",
          "polarity": "positive",
          "from": 42,
          "to": 46
        }
      ]
    },
    {
      "sentence_id": 2,
      "sentence": "建設業界におきましては、再開発事業や経済対策に伴う公共事業の増加を背景に、市況は堅調に推移いたしました",
      "opinions": [
        {
          "target": "公共事業",
          "category": "NULL#general",
          "polarity": "positive",
          "from": 25,
          "to": 29
        },
        {
          "target": "市況",
          "category": "NULL#general",
          "polarity": "positive",
          "from": 37,
          "to": 39
        }
      ]
    },
    {
      "sentence_id": 3,
      "sentence": "このような状況のもとで当社グループは、2014年度よりスタートした「第５次中期経営計画」に則り、ＬＣトータルソリューション営業を推進してまいりました",
      "opinions": []
    },
    {
      "sentence_id": 4,
      "sentence": "また、組織的な集約購買やグループの技術を活かした施工省力化と品質向上による競争力のある原価の構築、事故撲滅に向けた安全品質管理の推進、コンプライアンスの徹底やＩＣＴ化推進による業務効率化等の経営基盤強化に取り組むなど、昨年7月のグループ創業50周年を機に更なる成長ステージへの飛躍を目指してまいりました",
      "opinions": []
    },
    {
      "sentence_id": 5,
      "sentence": "その結果、受注高につきましては、前連結会計年度比0.6％増の773億65百万円となりました",
      "opinions": [
        {
          "target": "受注高",
          "category": "business#amount",
          "polarity": "positive",
          "from": 5,
          "to": 8
        }
      ]
    },
    {
      "sentence_id": 6,
      "sentence": "売上高につきましては、前連結会計年度比1.3％減の783億87百万円となりました",
      "opinions": [
        {
          "target": "売上高",
          "category": "business#sales",
          "polarity": "negative",
          "from": 0,
          "to": 3
        }
      ]
    },
    {
      "sentence_id": 7,
      "sentence": "利益につきましては、営業利益は前連結会計年度比20.0％増の56億8百万円、経常利益は前連結会計年度比10.0％増の69億76百万円、親会社株主に帰属する当期純利益は前連結会計年度比12.2％増の52億7百万円となりました",
      "opinions": [
        {
          "target": "営業利益",
          "category": "NULL#profit",
          "polarity": "positive",
          "from": 10,
          "to": 14
        },
        {
          "target": "経常利益",
          "category": "NULL#profit",
          "polarity": "positive",
          "from": 38,
          "to": 42
        },
        {
          "target": "当期純利益",
          "category": "NULL#profit",
          "polarity": "positive",
          "from": 77,
          "to": 82
        }
      ]
    },
    {
      "sentence_id": 8,
      "sentence": "なお、セグメント別の業績は次のとおりであります",
      "opinions": []
    },
    {
      "sentence_id": 9,
      "sentence": "①設備工事事業",
      "opinions": []
    },
    {
      "sentence_id": 10,
      "sentence": "売上高は690億21百万円（前連結会計年度比2.4％減）、営業利益は48億97百万円（前連結会計年度比20.7％増）となりました",
      "opinions": [
        {
          "target": "売上高",
          "category": "NULL#sales",
          "polarity": "negative",
          "from": 0,
          "to": 3
        },
        {
          "target": "営業利益",
          "category": "NULL#profit",
          "polarity": "positive",
          "from": 29,
          "to": 33
        }
      ]
    },
    {
      "sentence_id": 11,
      "sentence": "②設備機器販売事業",
      "opinions": []
    },
    {
      "sentence_id": 12,
      "sentence": "売上高は60億90百万円（前連結会計年度比12.0％増）、営業利益は3億16百万円（前連結会計年度比43.1％増）となりました",
      "opinions": [
        {
          "target": "売上高",
          "category": "NULL#sales",
          "polarity": "positive",
          "from": 0,
          "to": 3
        },
        {
          "target": "営業利益",
          "category": "NULL#profit",
          "polarity": "positive",
          "from": 29,
          "to": 33
        }
      ]
    },
    {
      "sentence_id": 13,
      "sentence": "③設備機器製造事業",
      "opinions": []
    },
    {
      "sentence_id": 14,
      "sentence": "売上高は32億75百万円（前連結会計年度比0.2％減）、営業利益は3億83百万円（前連結会計年度比1.6％減）となりました",
      "opinions": [
        {
          "target": "売上高",
          "category": "NULL#sales",
          "polarity": "negative",
          "from": 0,
          "to": 3
        },
        {
          "target": "営業利益",
          "category": "NULL#profit",
          "polarity": "negative",
          "from": 28,
          "to": 32
        }
      ]
    }
  ]
}