{
  "header": {
    "document_id": "E00380",
    "document_name": "株式会社ブルボン",
    "doc_text": "有価証券報告書",
    "edi_id": "E00380",
    "security_code": "22080",
    "category33": "食料品",
    "category17": "食品",
    "scale": ""
  },
  "sentences": [
    {
      "sentence_id": 0,
      "sentence": "当連結会計年度におけるわが国経済は、海外経済の不確実な情勢が継続したことなどにより、為替相場や株式市場が不安定に推移したものの、政府主導の経済政策、金融緩和を背景に企業の収益や雇用、所得環境の改善が続き、緩やかな回復基調で推移いたしました",
      "opinions": [
        {
          "target": "わが国経済",
          "category": "NULL#general",
          "polarity": "positive",
          "from": 11,
          "to": 16
        },
        {
          "target": "情勢",
          "category": "NULL#general",
          "polarity": "negative",
          "from": 27,
          "to": 29
        },
        {
          "target": "為替相場",
          "category": "NULL#general",
          "polarity": "negative",
          "from": 42,
          "to": 46
        },
        {
          "target": "株式市場",
          "category": "NULL#general",
          "polarity": "negative",
          "from": 47,
          "to": 51
        },
        {
          "target": "収益",
          "category": "NULL#general",
          "polarity": "positive",
          "from": 85,
          "to": 87
        },
        {
          "target": "雇用",
          "category": "NULL#general",
          "polarity": "positive",
          "from": 88,
          "to": 90
        },
        {
          "target": "所得環境",
          "category": "NULL#general",
          "polarity": "positive",
          "from": 91,
          "to": 95
        }
      ]
    },
    {
      "sentence_id": 1,
      "sentence": "菓子、飲料、食品業界は、健康志向やより良いものを求めるニーズの高まりがありました",
      "opinions": []
    },
    {
      "sentence_id": 2,
      "sentence": "また、働き方改革を背景に個人消費の拡大が期待されたものの、社会保障を含めた先行きの不安が払拭されず生活防衛意識が継続しました",
      "opinions": []
    },
    {
      "sentence_id": 3,
      "sentence": "このような中、当社グループは一貫して、食品製造企業として品質保証第一主義に徹し、安全で安心な実質価値の高い商品の安定した供給と消費者ニーズにお応えしたサービスの提供など、顧客満足度の向上に向けた活動を推進してまいりました",
      "opinions": []
    },
    {
      "sentence_id": 4,
      "sentence": "具体的には、女性の活躍推進や、単身・シニア世帯、共働き家庭の増加などによるニーズの変化等への対応により、消費者が求める価値の実現に機敏かつ柔軟に取り組み、きめ細かい店頭フォロー活動や地域のニーズに合わせた企画提案型の営業活動、品揃えの強化と付加価値を高めた魅力のある商品開発を通して、お客様の満足につながる活動を推進してまいりました",
      "opinions": []
    },
    {
      "sentence_id": 5,
      "sentence": "また、新規事業として「ルマンドアイス」を発売しアイスクリーム事業に参入したほか、再生医療研究用増殖制御基礎培養液「Ｘｙｌｔｅｃｈ（キシルテック）」の開発を通じて再生医療向け試薬事業へ参入いたしました",
      "opinions": []
    },
    {
      "sentence_id": 6,
      "sentence": "その結果、天候要因による影響を受けた品目があったものの、ファミリーサイズ商品群やエクセレントスイーツシリーズ、小箱チョコレート商品群などが好調に推移したことから、ビスケット品目、チョコレート品目、キャンデー品目などが伸張し売上高は前期を上回りました",
      "opinions": [
        {
          "target": "ファミリーサイズ商品群",
          "category": "product#general",
          "polarity": "positive",
          "from": 28,
          "to": 39
        },
        {
          "target": "エクセレントスイーツシリーズ",
          "category": "product#general",
          "polarity": "positive",
          "from": 40,
          "to": 54
        },
        {
          "target": "小箱チョコレート商品群",
          "category": "product#general",
          "polarity": "positive",
          "from": 55,
          "to": 66
        },
        {
          "target": "ビスケット品目",
          "category": "product#general",
          "polarity": "positive",
          "from": 81,
          "to": 88
        },
        {
          "target": "チョコレート品目",
          "category": "product#general",
          "polarity": "positive",
          "from": 89,
          "to": 97
        },
        {
          "target": "キャンデー品目",
          "category": "product#general",
          "polarity": "positive",
          "from": 98,
          "to": 105
        }
      ]
    },
    {
      "sentence_id": 7,
      "sentence": "また、利益面では、売上高の伸張とコスト削減、生産性の向上、経費の効率的な使用に取り組んだことなどにより、営業利益、経常利益、親会社株主に帰属する当期純利益はともに前期を上回りました",
      "opinions": [
        {
          "target": "売上高",
          "category": "NULL#sales",
          "polarity": "positive",
          "from": 9,
          "to": 12
        },
        {
          "target": "営業利益",
          "category": "NULL#profit",
          "polarity": "positive",
          "from": 52,
          "to": 56
        },
        {
          "target": "経常利益",
          "category": "NULL#profit",
          "polarity": "positive",
          "from": 57,
          "to": 61
        },
        {
          "target": "当期純利益",
          "category": "NULL#profit",
          "polarity": "positive",
          "from": 72,
          "to": 77
        }
      ]
    },
    {
      "sentence_id": 8,
      "sentence": "営業品目別の概況",
      "opinions": []
    },
    {
      "sentence_id": 9,
      "sentence": "菓子の合計売上高は106,763百万円（対前期比102.6％）となりました",
      "opinions": [
        {
          "target": "菓子",
          "category": "product#sales",
          "polarity": "positive",
          "from": 0,
          "to": 2
        }
      ]
    },
    {
      "sentence_id": 10,
      "sentence": "菓子では、ビスケット品目を中心として、豆菓子、キャンデー、デザート、米菓、スナック、チョコレートなどの品目を展開しています",
      "opinions": []
    },
    {
      "sentence_id": 11,
      "sentence": "需要期での天候要因に恵まれずデザート品目が伸び悩んだものの、ビスケット品目では発酵バターパイ「サクリス」を新たに発売し、エクセレントスイーツシリーズが大きく伸張しました",
      "opinions": [
        {
          "target": "デザート品目",
          "category": "product#general",
          "polarity": "negative",
          "from": 14,
          "to": 20
        },
        {
          "target": "エクセレントスイーツシリーズ",
          "category": "product#general",
          "polarity": "positive",
          "from": 60,
          "to": 74
        }
      ]
    },
    {
      "sentence_id": 12,
      "sentence": "加えて、季節に合わせた商品企画として、抹茶フェア、パインフェア、夏塩フェア、いも・栗フェア、ホワイトフェア、いちごフェアを実施したことにより、ファミリーサイズ商品群やマイベネフィット商品群などが好調に推移しました",
      "opinions": [
        {
          "target": "ファミリーサイズ商品群",
          "category": "product#general",
          "polarity": "positive",
          "from": 71,
          "to": 82
        },
        {
          "target": "マイベネフィット商品群",
          "category": "product#general",
          "polarity": "positive",
          "from": 83,
          "to": 94
        }
      ]
    },
    {
      "sentence_id": 13,
      "sentence": "また、チョコレート品目ではカカオ７０％のチョコレートで包んだオイルｉｎチョコ「オリーブオイル×チョコレート」、「ココナッツオイル×チョコレート」や宝石のように輝くチョコレート「パールショコラ」シリーズを新たに発売したほか、抹茶や小豆、きなこなど和の素材を用いた「アルフォートミニチョコレート」や「ブリリアントトリュフ」などを展開しました",
      "opinions": []
    },
    {
      "sentence_id": 14,
      "sentence": "さらに、神戸学院大学および神戸市との産学官連携により神戸開港１５０年記念商品「白のアルフォートミニチョコレート塩バニラ」を共同開発しました",
      "opinions": []
    },
    {
      "sentence_id": 15,
      "sentence": "米菓品目の「チーズおかき」シリーズを中心に加工米菓商品群が伸張したほか、キャンデー品目の「フェットチーネグミ」シリーズにおいては、ミックスフルーツソーダ味やはちみつレモン味などの新味の発売に加え、ハードな食感がお楽しみいただける「フェットチーネグミコーラ味ハードボイルド」などを品揃えし好評をいただきました",
      "opinions": [
        {
          "target": "加工米菓商品群",
          "category": "product#general",
          "polarity": "positive",
          "from": 21,
          "to": 28
        },
        {
          "target": "「フェットチーネグミ」シリーズ",
          "category": "product#general",
          "polarity": "positive",
          "from": 44,
          "to": 59
        }
      ]
    },
    {
      "sentence_id": 16,
      "sentence": "一方、期間限定で東京駅一番街にオープンした当社初のアンテナショップ「パティスリーブルボン」では、特別に仕立てたクッキーの限定商品「ラングレイス」や「ルマンドアソート」などに大きな反響をいただきました",
      "opinions": [
        {
          "target": "ラングレイス",
          "category": "product#general",
          "polarity": "positive",
          "from": 65,
          "to": 71
        },
        {
          "target": "ルマンドアソート",
          "category": "product#general",
          "polarity": "positive",
          "from": 74,
          "to": 82
        }
      ]
    },
    {
      "sentence_id": 17,
      "sentence": "ビスケット品目のほかチョコレート品目、キャンデー品目、米菓品目などが伸張したことから、品目全体でも前期を上回りました",
      "opinions": [
        {
          "target": "ビスケット品目",
          "category": "product#general",
          "polarity": "positive",
          "from": 0,
          "to": 7
        },
        {
          "target": "チョコレート品目",
          "category": "product#general",
          "polarity": "positive",
          "from": 10,
          "to": 18
        },
        {
          "target": "キャンデー品目",
          "category": "product#general",
          "polarity": "positive",
          "from": 19,
          "to": 26
        },
        {
          "target": "米菓品目",
          "category": "product#general",
          "polarity": "positive",
          "from": 27,
          "to": 31
        },
        {
          "target": "品目全体",
          "category": "NULL#general",
          "polarity": "positive",
          "from": 43,
          "to": 47
        }
      ]
    },
    {
      "sentence_id": 18,
      "sentence": "飲料・食品・その他の合計売上高は6,155百万円（対前期比112.4％）となりました",
      "opinions": [
        {
          "target": "合計売上高",
          "category": "NULL#sales",
          "polarity": "positive",
          "from": 10,
          "to": 15
        }
      ]
    },
    {
      "sentence_id": 19,
      "sentence": "飲料・食品品目は、健康志向の高まりを受けて、濃厚でまろやかな「おいしいココナッツミルク」が好調に推移しました",
      "opinions": [
        {
          "target": "おいしいココナッツミルク",
          "category": "product#general",
          "polarity": "positive",
          "from": 31,
          "to": 43
        }
      ]
    },
    {
      "sentence_id": 20,
      "sentence": "販売ルートの拡大などにより「牛乳でおいしくホットなココア」が伸張しました",
      "opinions": [
        {
          "target": "牛乳でおいしくホットなココア",
          "category": "product#general",
          "polarity": "positive",
          "from": 14,
          "to": 28
        }
      ]
    },
    {
      "sentence_id": 21,
      "sentence": "また、マルチスタイルスイーツ「スライス生チョコレート」は、リニューアルをするとともに「スライス生チョコレートホワイト」を発売し、新しい食のスタイルを訴求したテレビコマーシャルを実施するなど拡販を図りました",
      "opinions": []
    },
    {
      "sentence_id": 22,
      "sentence": "一方、地震災害をきっかけとした防災意識の高まりから、缶入りの保存商品に継続して関心をいただきました",
      "opinions": [
        {
          "target": "保存商品",
          "category": "product#general",
          "polarity": "neutral",
          "from": 30,
          "to": 34
        }
      ]
    },
    {
      "sentence_id": 23,
      "sentence": "機能性食品は、栄養調整食品「スローバー」シリーズにおいて、新味を品揃えし取り扱いの拡大により伸張しました",
      "opinions": [
        {
          "target": "「スローバー」シリーズ",
          "category": "product#general",
          "polarity": "positive",
          "from": 13,
          "to": 24
        }
      ]
    },
    {
      "sentence_id": 24,
      "sentence": "加えて、機能性表示食品「カラダみらい」シリーズを販売開始しました",
      "opinions": []
    },
    {
      "sentence_id": 25,
      "sentence": "以上により品目全体では前期を上回りました",
      "opinions": []
    },
    {
      "sentence_id": 26,
      "sentence": "新規参入した冷菓は、「ルマンドアイス」の供給安定化を図り、新潟県と北陸３県（富山県、石川県、福井県）に加え、甲信地域（山梨県、長野県）において販売エリアを拡大しました",
      "opinions": []
    },
    {
      "sentence_id": 27,
      "sentence": "その他品目では、通信販売事業は、催事企画商品の展開や付加価値を高めた商品の充実により、お客様の利便性と満足度の向上を図り、顧客の拡大とリピーターの増加に取り組みました",
      "opinions": []
    },
    {
      "sentence_id": 28,
      "sentence": "自動販売機事業は、多様な商品を取り扱うプチモールの設置環境の選択による効率性の向上に取り組んだほか、ロケーションの開拓による台数の増加に伴って伸張しました",
      "opinions": []
    },
    {
      "sentence_id": 29,
      "sentence": "また、酒類販売事業は、期間限定商品として「ＦＬＹＩＮＧ　ＩＰＡ」を発売したほか、受託生産や輸出が引き続き好調に推移したことから前期を上回りました",
      "opinions": [
        {
          "target": "酒類販売事業",
          "category": "business#general",
          "polarity": "positive",
          "from": 3,
          "to": 9
        },
        {
          "target": "受託生産",
          "category": "business#general",
          "polarity": "positive",
          "from": 40,
          "to": 44
        },
        {
          "target": "輸出",
          "category": "business#general",
          "polarity": "positive",
          "from": 45,
          "to": 47
        }
      ]
    },
    {
      "sentence_id": 30,
      "sentence": "その結果、品目全体でも前期を上回りました",
      "opinions": [
        {
          "target": "品目全体",
          "category": "NULL#general",
          "polarity": "positive",
          "from": 5,
          "to": 9
        }
      ]
    },
    {
      "sentence_id": 31,
      "sentence": "以上の営業活動により業績の向上に努めてまいりました結果、当連結会計年度の売上高は112,918百万円（対前期比103.1％）、営業利益は4,809百万円（対前期比110.1％）、経常利益は4,666百万円（対前期比112.4％）、親会社株主に帰属する当期純利益は3,652百万円（対前期比140.1％）となりました",
      "opinions": [
        {
          "target": "売上高",
          "category": "NULL#sales",
          "polarity": "positive",
          "from": 36,
          "to": 39
        },
        {
          "target": "営業利益",
          "category": "NULL#profit",
          "polarity": "positive",
          "from": 63,
          "to": 67
        },
        {
          "target": "経常利益",
          "category": "NULL#profit",
          "polarity": "positive",
          "from": 89,
          "to": 93
        },
        {
          "target": "当期純利益",
          "category": "NULL#profit",
          "polarity": "positive",
          "from": 125,
          "to": 130
        }
      ]
    }
  ]
}