{
  "header": {
    "document_id": "E00354",
    "document_name": "東洋精糖株式会社",
    "doc_text": "有価証券報告書",
    "edi_id": "E00354",
    "security_code": "21070",
    "category33": "食料品",
    "category17": "食品",
    "scale": "7"
  },
  "sentences": [
    {
      "sentence_id": 0,
      "sentence": "当連結会計年度のわが国経済は、雇用・所得環境の改善から個人消費は持ち直しの動向が見られるなど緩やかな回復基調が続きましたが、英国の欧州連合(ＥＵ)離脱決定や米国新政権の政策動向による影響など、海外経済は不確実な状況で推移いたしました",
      "opinions": [
        {
          "target": "わが国経済",
          "category": "NULL#general",
          "polarity": "positive",
          "from": 8,
          "to": 13
        },
        {
          "target": "雇用",
          "category": "NULL#general",
          "polarity": "positive",
          "from": 15,
          "to": 17
        },
        {
          "target": "所得環境",
          "category": "NULL#general",
          "polarity": "positive",
          "from": 18,
          "to": 22
        },
        {
          "target": "個人消費",
          "category": "NULL#general",
          "polarity": "positive",
          "from": 27,
          "to": 31
        },
        {
          "target": "海外経済",
          "category": "NULL#general",
          "polarity": "neutral",
          "from": 96,
          "to": 100
        }
      ]
    },
    {
      "sentence_id": 1,
      "sentence": "当業界におきましては、砂糖の国内消費が８年ぶりに前年比増加したものの、粗糖相場の上昇と円安の進行により原料コストが上昇しており、消費者の節約志向も勘案すると今後の国内消費の動向には引き続き留意すべき状況にあります",
      "opinions": [
        {
          "target": "国内消費",
          "category": "NULL#amount",
          "polarity": "positive",
          "from": 14,
          "to": 18
        },
        {
          "target": "粗糖相場",
          "category": "market#general",
          "polarity": "negative",
          "from": 35,
          "to": 39
        },
        {
          "target": "原料コスト",
          "category": "NULL#cost",
          "polarity": "negative",
          "from": 51,
          "to": 56
        },
        {
          "target": "国内消費",
          "category": "NULL#general",
          "polarity": "neutral",
          "from": 81,
          "to": 85
        }
      ]
    },
    {
      "sentence_id": 2,
      "sentence": "このような状況下、当社グループは製販一体となった取組みを進め、収益向上に努めてまいりました",
      "opinions": []
    },
    {
      "sentence_id": 3,
      "sentence": "その結果、全事業の連結売上高は14,370百万円(前連結会計年度比0.7％減)、連結営業利益は668百万円(前連結会計年度比9.6％増)、連結経常利益は713百万円(前連結会計年度比1.8％減)、親会社株主に帰属する当期純利益は596百万円(前連結会計年度比12.8％増)となりました",
      "opinions": [
        {
          "target": "連結売上高",
          "category": "NULL#sales",
          "polarity": "negative",
          "from": 9,
          "to": 14
        },
        {
          "target": "連結営業利益",
          "category": "NULL#profit",
          "polarity": "positive",
          "from": 40,
          "to": 46
        },
        {
          "target": "連結経常利益",
          "category": "NULL#profit",
          "polarity": "negative",
          "from": 69,
          "to": 75
        },
        {
          "target": "当期純利益",
          "category": "NULL#profit",
          "polarity": "positive",
          "from": 108,
          "to": 113
        }
      ]
    },
    {
      "sentence_id": 4,
      "sentence": "セグメントの業績は、次のとおりであります",
      "opinions": []
    },
    {
      "sentence_id": 5,
      "sentence": "砂糖事業",
      "opinions": []
    },
    {
      "sentence_id": 6,
      "sentence": "ニューヨーク粗糖先物相場の期近限月は、１ポンド当たり15.40セントで始まり、タイ、インド及び中国の減産や最大の生産国であるブラジルの減産予測による５年ぶりの供給不足を背景とした先行き不透明感から上昇し、10月に期中最高値となる23.90セントをつけました",
      "opinions": [
        {
          "target": "ニューヨーク粗糖先物相場",
          "category": "market#general",
          "polarity": "negative",
          "from": 0,
          "to": 12
        },
        {
          "target": "タイ",
          "category": "NULL#general",
          "polarity": "negative",
          "from": 39,
          "to": 41
        },
        {
          "target": "インド",
          "category": "NULL#general",
          "polarity": "negative",
          "from": 42,
          "to": 45
        },
        {
          "target": "中国",
          "category": "NULL#general",
          "polarity": "negative",
          "from": 47,
          "to": 49
        },
        {
          "target": "ブラジル",
          "category": "NULL#general",
          "polarity": "negative",
          "from": 62,
          "to": 66
        }
      ]
    },
    {
      "sentence_id": 7,
      "sentence": "その後、ブラジルの天候回復やタイの歩留改善による生産量改善見通しにより下落傾向となり、16.76セントで当期を終了いたしました",
      "opinions": [
        {
          "target": "タイ",
          "category": "NULL#general",
          "polarity": "positive",
          "from": 14,
          "to": 16
        }
      ]
    },
    {
      "sentence_id": 8,
      "sentence": "一方、日本経済新聞掲載の東京上白糖現物相場は、１キログラム当たり187円～188円で始まり、ニューヨーク粗糖先物相場の上昇に伴い10月に５円上昇、さらに米国新政権への期待感から円安傾向となり２月に３円上昇し、195円～196円で当期を終了いたしました",
      "opinions": []
    },
    {
      "sentence_id": 9,
      "sentence": "このような状況の中、天候不順による販売量への影響はあったものの販売価格の上昇により、売上高は前年並みの13,363百万円(前連結会計年度比0.7％増)となり、営業利益は1,143百万円(前連結会計年度比0.1％増)となりました",
      "opinions": [
        {
          "target": "販売価格",
          "category": "NULL#price",
          "polarity": "positive",
          "from": 31,
          "to": 35
        },
        {
          "target": "売上高",
          "category": "NULL#sales",
          "polarity": "positive",
          "from": 42,
          "to": 45
        },
        {
          "target": "営業利益",
          "category": "NULL#profit",
          "polarity": "positive",
          "from": 79,
          "to": 83
        }
      ]
    },
    {
      "sentence_id": 10,
      "sentence": "機能素材事業",
      "opinions": []
    },
    {
      "sentence_id": 11,
      "sentence": "販売量は化粧品原料が堅調に推移したものの飲料・食品向けが伸び悩み、売上高は1,007百万円(前連結会計年度比8.8％減)となりましたが、営業利益は製造・販売コスト等の低減に努めた結果、68百万円(前連結会計年度比42.0％増)となりました",
      "opinions": [
        {
          "target": "化粧品原料",
          "category": "product#amount",
          "polarity": "positive",
          "from": 4,
          "to": 9
        },
        {
          "target": "飲料・食品向け",
          "category": "product#amount",
          "polarity": "negative",
          "from": 20,
          "to": 27
        },
        {
          "target": "売上高",
          "category": "NULL#sales",
          "polarity": "negative",
          "from": 33,
          "to": 36
        },
        {
          "target": "営業利益",
          "category": "NULL#profit",
          "polarity": "positive",
          "from": 68,
          "to": 72
        }
      ]
    }
  ]
}