{
  "header": {
    "document_id": "E00406",
    "document_name": "株式会社ヤクルト本社",
    "doc_text": "有価証券報告書",
    "edi_id": "E00406",
    "security_code": "22670",
    "category33": "食料品",
    "category17": "食品",
    "scale": "4"
  },
  "sentences": [
    {
      "sentence_id": 0,
      "sentence": "① 業 績 全 般",
      "opinions": []
    },
    {
      "sentence_id": 1,
      "sentence": "当連結会計年度におけるわが国経済は、雇用情勢および所得環境の改善などにより、景気は緩やかな回復基調をたどりましたが、海外経済の不確実性の高まりなどを受け、先行きは不透明な状況で推移しました",
      "opinions": [
        {
          "target": "雇用情勢",
          "category": "NULL#general",
          "polarity": "positive",
          "from": 18,
          "to": 22
        },
        {
          "target": "所得環境",
          "category": "NULL#general",
          "polarity": "positive",
          "from": 25,
          "to": 29
        },
        {
          "target": "景気",
          "category": "NULL#general",
          "polarity": "positive",
          "from": 38,
          "to": 40
        },
        {
          "target": "海外経済",
          "category": "NULL#general",
          "polarity": "negative",
          "from": 58,
          "to": 62
        },
        {
          "target": "先行き",
          "category": "NULL#general",
          "polarity": "neutral",
          "from": 77,
          "to": 80
        }
      ]
    },
    {
      "sentence_id": 2,
      "sentence": "このような状況の中で、当社グループは、事業の根幹であるプロバイオティクスの啓発・普及活動を展開し、商品の優位性を訴求してきました",
      "opinions": []
    },
    {
      "sentence_id": 3,
      "sentence": "また、販売組織の拡充、新商品の研究開発や生産設備の更新に加え、国際事業や医薬品事業にも積極的に取り組み、業績の向上に努めました",
      "opinions": []
    },
    {
      "sentence_id": 4,
      "sentence": "一方で、国際事業においては、円高による為替換算の影響を受けました",
      "opinions": []
    },
    {
      "sentence_id": 5,
      "sentence": "これらの結果、当連結会計年度の連結売上高は378,307百万円（前期比3.1％減）となりました",
      "opinions": [
        {
          "target": "連結売上高",
          "category": "NULL#sales",
          "polarity": "negative",
          "from": 15,
          "to": 20
        }
      ]
    },
    {
      "sentence_id": 6,
      "sentence": "利益面においては、営業利益は37,281百万円（前期比6.9％減)、経常利益は49,370百万円（前期比2.5％減)、親会社株主に帰属する当期純利益は30,154百万円（前期比4.5％増）となりました",
      "opinions": [
        {
          "target": "営業利益",
          "category": "NULL#profit",
          "polarity": "negative",
          "from": 9,
          "to": 13
        },
        {
          "target": "経常利益",
          "category": "NULL#profit",
          "polarity": "negative",
          "from": 34,
          "to": 38
        },
        {
          "target": "当期純利益",
          "category": "NULL#profit",
          "polarity": "positive",
          "from": 69,
          "to": 74
        }
      ]
    },
    {
      "sentence_id": 7,
      "sentence": "②セグメント別の状況",
      "opinions": []
    },
    {
      "sentence_id": 8,
      "sentence": "・飲料および食品製造販売事業部門（日本）",
      "opinions": []
    },
    {
      "sentence_id": 9,
      "sentence": "日本国内における乳製品については、当社独自の「乳酸菌 シロタ株」などの科学性を広く訴求するため、エビデンスを活用した「価値普及」活動を積極的に展開しました",
      "opinions": []
    },
    {
      "sentence_id": 10,
      "sentence": "宅配チャネルにおいては、昨年５月末に価格改定およびデザインリニューアルを実施した乳製品乳酸菌飲料「ヤクルト400」および「ヤクルト400LT」について、既存のお客さまへの継続飲用の促進および新規のお客さまづくりに努めました",
      "opinions": []
    },
    {
      "sentence_id": 11,
      "sentence": "また、宅配組織の強化を図るため、ヤクルトレディの働く環境整備をすすめるとともに、積極的な採用活動を継続して展開しました",
      "opinions": []
    },
    {
      "sentence_id": 12,
      "sentence": "店頭チャネルにおいては、乳製品乳酸菌飲料「Newヤクルト」および昨年５月にリニューアルした「Newヤクルトカロリーハーフ」を中心に、プロモーションスタッフを活用したお客さまへの「価値普及」活動を展開しました",
      "opinions": []
    },
    {
      "sentence_id": 13,
      "sentence": "さらに、これらの商品を対象に、昨年10月に「2016スワローズ応援感謝フェア」を、本年１月から２月にかけて「続けて実感！ 乳酸菌 シロタ株 キャンペーン」を実施し、ブランドの活性化を図りました",
      "opinions": []
    },
    {
      "sentence_id": 14,
      "sentence": "また、セブン-イレブンの地域限定で発売していた「毎日飲むヤクルト」については、昨年５月に販売エリアを全国に拡大しました",
      "opinions": []
    },
    {
      "sentence_id": 15,
      "sentence": "加えて、昨年11月にはイトーヨーカドーなどのセブン＆アイグループのスーパー各店でも販売を開始し、売り上げの増大を図りました",
      "opinions": []
    },
    {
      "sentence_id": 16,
      "sentence": "商品別では、のむヨーグルト「ジョア」について、ウォルト・ディズニー・ジャパン株式会社とのライセンス契約に基づき、ディズニーキャラクターを用いたパッケージを引き続き展開しました",
      "opinions": []
    },
    {
      "sentence_id": 17,
      "sentence": "さらに、「ジョア ピーチ」「ジョア 贅沢オレンジ」などの期間限定アイテムを導入し、ブランドの活性化を図りました",
      "opinions": []
    },
    {
      "sentence_id": 18,
      "sentence": "そのほか、当社の強みである「ヤクルト400」「ヤクルトレディ」および「研究開発・技術力」をPRするテレビCMを集中投下し、営業現場の活動を強力にバックアップしました",
      "opinions": []
    },
    {
      "sentence_id": 19,
      "sentence": "このような取り組みを中心に販売強化に努めた結果、乳製品全体では前期を上回る実績となりました",
      "opinions": [
        {
          "target": "乳製品",
          "category": "product#general",
          "polarity": "positive",
          "from": 24,
          "to": 27
        }
      ]
    },
    {
      "sentence_id": 20,
      "sentence": "一方、ジュース・清涼飲料については、昨年５月に乳性飲料「ミルージュ」シリーズのリニューアルを実施しました",
      "opinions": []
    },
    {
      "sentence_id": 21,
      "sentence": "また、昨年６月に栄養ドリンク「タフマン」および「タフマンＶ」の東京ヤクルトスワローズデザインを導入し、７月にはテレビCMを中心とした広告施策を実施することにより、売り上げの増大を図りました",
      "opinions": []
    },
    {
      "sentence_id": 22,
      "sentence": "しかしながら、健康機能性飲料の売り上げが伸び悩み、ジュース・清涼飲料全体では前期を下回る結果となりました",
      "opinions": [
        {
          "target": "健康機能性飲料",
          "category": "product#sales",
          "polarity": "negative",
          "from": 7,
          "to": 14
        },
        {
          "target": "ジュース・清涼飲料",
          "category": "product#general",
          "polarity": "negative",
          "from": 25,
          "to": 34
        }
      ]
    },
    {
      "sentence_id": 23,
      "sentence": "これらの結果、飲料および食品製造販売事業部門（日本）の連結売上高は204,130百万円（前期比2.6％増）となりました",
      "opinions": [
        {
          "target": "飲料および食品製造販売事業部門",
          "category": "business#sales",
          "polarity": "positive",
          "from": 7,
          "to": 22
        }
      ]
    },
    {
      "sentence_id": 24,
      "sentence": "・飲料および食品製造販売事業部門（海外）",
      "opinions": []
    },
    {
      "sentence_id": 25,
      "sentence": "海外については、昭和39年３月の台湾ヤクルト株式会社の営業開始をかわきりに、現在28の事業所および１つの研究所を中心に、37の国と地域で主として乳製品乳酸菌飲料「ヤクルト」の製造、販売を行っており、平成29年３月の一日当たり平均販売本数は約2,866万本（前年同月差204万本増）となっています",
      "opinions": []
    },
    {
      "sentence_id": 26,
      "sentence": "ア．米 州 地 域",
      "opinions": []
    },
    {
      "sentence_id": 27,
      "sentence": "米州地域においては、ブラジル、メキシコおよび米国で乳製品乳酸菌飲料「ヤクルト」などを製造、販売しています",
      "opinions": []
    },
    {
      "sentence_id": 28,
      "sentence": "ブラジルにおいては、消費者の健康意識向上による低カロリー製品ニーズの高まりに応えるため、昨年７月から乳製品乳酸菌飲料「ヤクルト40ライト」の販売を開始しました",
      "opinions": [
        {
          "target": "低カロリー製品ニーズ",
          "category": "NULL#general",
          "polarity": "positive",
          "from": 23,
          "to": 33
        }
      ]
    },
    {
      "sentence_id": 29,
      "sentence": "米国においては、昨年７月から米国中西部を中心に大手流通チェーンで「ヤクルト」の販売を順次開始しました",
      "opinions": []
    },
    {
      "sentence_id": 30,
      "sentence": "これらの結果、飲料および食品製造販売事業部門（米州地域）の連結売上高は45,252百万円（前期比14.2％減）となりました",
      "opinions": [
        {
          "target": "飲料および食品製造販売事業部門",
          "category": "business#sales",
          "polarity": "negative",
          "from": 7,
          "to": 22
        }
      ]
    },
    {
      "sentence_id": 31,
      "sentence": "イ．アジア・オセアニア地域",
      "opinions": []
    },
    {
      "sentence_id": 32,
      "sentence": "アジア・オセアニア地域においては、香港、シンガポール、インドネシア、オーストラリア、マレーシア、ベトナム、インドおよび中国などで乳製品乳酸菌飲料「ヤクルト」などを製造、販売しています",
      "opinions": []
    },
    {
      "sentence_id": 33,
      "sentence": "中国においては、昨年６月から雲南省昆明市および広西チワン族自治区南寧市での販売を開始しました",
      "opinions": []
    },
    {
      "sentence_id": 34,
      "sentence": "さらに、太原支店、ハルビン支店および嘉興支店を設立し、本年１月から「ヤクルト」および「ヤクルトライト」の販売を開始しました",
      "opinions": []
    },
    {
      "sentence_id": 35,
      "sentence": "これらにより、中国の販売拠点は36か所となり、さらなる販売体制の強化を図っています",
      "opinions": []
    },
    {
      "sentence_id": 36,
      "sentence": "中東の湾岸諸国においては、本年３月から、アラブ首長国連邦（UAE）、オマーン、バーレーン王国、カタールおよびクウェートで「ヤクルト」の輸入販売を開始しました",
      "opinions": []
    },
    {
      "sentence_id": 37,
      "sentence": "これにより、海外進出数については、37の国と地域に販売網が拡大しました",
      "opinions": []
    },
    {
      "sentence_id": 38,
      "sentence": "ミャンマーにおいては、平成30年の「ヤクルト」の製造、販売開始に向けて準備を進めています",
      "opinions": []
    },
    {
      "sentence_id": 39,
      "sentence": "これらの結果、飲料および食品製造販売事業部門（アジア・オセアニア地域）の連結売上高は93,364百万円（前期比3.9％減）となりました",
      "opinions": [
        {
          "target": "飲料および食品製造販売事業部門",
          "category": "business#sales",
          "polarity": "negative",
          "from": 7,
          "to": 22
        }
      ]
    },
    {
      "sentence_id": 40,
      "sentence": "ウ．ヨーロッパ地域",
      "opinions": []
    },
    {
      "sentence_id": 41,
      "sentence": "ヨーロッパ地域においては、乳製品乳酸菌飲料「ヤクルト」などをオランダで製造し、同国を含め、ベルギー、イギリス、ドイツ、オーストリアおよびイタリアなどで販売しています",
      "opinions": []
    },
    {
      "sentence_id": 42,
      "sentence": "ヨーロッパのプロバイオティクス市場は依然として厳しい現地経済の影響を受けており、また競合他社との競争が続いています",
      "opinions": []
    },
    {
      "sentence_id": 43,
      "sentence": "これらの結果、飲料および食品製造販売事業部門（ヨーロッパ地域）の連結売上高は7,800百万円（前期比9.5％減）となりました",
      "opinions": [
        {
          "target": "飲料および食品製造販売事業部門",
          "category": "business#sales",
          "polarity": "negative",
          "from": 7,
          "to": 22
        }
      ]
    },
    {
      "sentence_id": 44,
      "sentence": "・医薬品製造販売事業部門",
      "opinions": []
    },
    {
      "sentence_id": 45,
      "sentence": "医薬品については、がんおよびその周辺領域に特化した当社製品の啓発活動や適正使用を推奨する活動を推進しました",
      "opinions": []
    },
    {
      "sentence_id": 46,
      "sentence": "当社の主力製品である抗悪性腫瘍剤「エルプラット」は、平成27年に「胃がん」が効能・効果に加わったことから、既存の効能・効果に加え、胃がん領域での浸透を図るため、医療関係者を対象に講演会などを積極的に開催し、シェアの拡大に努めました",
      "opinions": []
    },
    {
      "sentence_id": 47,
      "sentence": "「エルプラット」の後発医薬品が上市されて以降、後発医薬品へ切り替える医療機関が増加しつつあるものの、先発医薬品を開発した当社の強みである情報提供力により、引き続き「エルプラット」を選択してもらうよう活動を展開しました",
      "opinions": []
    },
    {
      "sentence_id": 48,
      "sentence": "そのほか、代謝拮抗性抗悪性腫瘍剤「ゲムシタビンヤクルト」、骨吸収抑制剤「ゾレドロン酸ヤクルト」およびタキソイド系抗悪性腫瘍剤「ドセタキセルヤクルト」などの販路拡大に努め、売り上げの増大を図りました",
      "opinions": []
    },
    {
      "sentence_id": 49,
      "sentence": "しかしながら、昨年４月の薬価改定により、当社製品の薬価が大きく引き下げられており、苦戦を強いられました",
      "opinions": [
        {
          "target": "薬価",
          "category": "NULL#price",
          "polarity": "negative",
          "from": 25,
          "to": 27
        }
      ]
    },
    {
      "sentence_id": 50,
      "sentence": "一方、研究開発においては、4SC AG社から導入しているHDAC阻害剤「レスミノスタット」、エテルナゼンタリス社から導入しているPI3K／Akt阻害剤「ペリフォシン」および日産化学工業株式会社と共同開発を進めている血小板増加薬「YHI-1501」などの開発パイプラインの開発を推進しました",
      "opinions": []
    },
    {
      "sentence_id": 51,
      "sentence": "これらにより、今後、がんおよびその周辺領域において、さらなる強固な地位の確立を目指します",
      "opinions": []
    },
    {
      "sentence_id": 52,
      "sentence": "これらの結果、医薬品製造販売事業部門の連結売上高は27,836百万円（前期比20.0％減）となりました",
      "opinions": [
        {
          "target": "医薬品製造販売事業部門",
          "category": "business#sales",
          "polarity": "negative",
          "from": 7,
          "to": 18
        }
      ]
    },
    {
      "sentence_id": 53,
      "sentence": "・その他事業部門",
      "opinions": []
    },
    {
      "sentence_id": 54,
      "sentence": "その他事業部門には、化粧品の製造販売およびプロ野球興行などがあります",
      "opinions": []
    },
    {
      "sentence_id": 55,
      "sentence": "化粧品については、当社が創業以来培ってきた乳酸菌研究から生まれたオリジナル保湿成分「S.E.（シロタエッセンス）」の「価値普及」に重点をおき、基礎化粧品の主力ブランドである「パラビオ」「リベシィ」および「リベシィホワイト」を中心としたカウンセリング型訪問販売活動を継続して展開しました",
      "opinions": []
    },
    {
      "sentence_id": 56,
      "sentence": "具体的には、四半期ごとにテーマと重点商品を設定した営業施策の徹底により、お客さまづくりに取り組みました",
      "opinions": []
    },
    {
      "sentence_id": 57,
      "sentence": "また、「パラビオ」において、昨年６月に「パラビオ ベースメイク」を、11月には「パラビオ ACクリーム サイ」を発売し、一昨年に発売したスキンケアシリーズとあわせてブランドのフルリニューアルを図ることで、お客さま満足度の向上と売り上げの増大に努めました",
      "opinions": []
    },
    {
      "sentence_id": 58,
      "sentence": "これらにより、化粧品全体としては、ほぼ前期並みの実績となりました",
      "opinions": [
        {
          "target": "化粧品",
          "category": "product#general",
          "polarity": "neutral",
          "from": 7,
          "to": 10
        }
      ]
    },
    {
      "sentence_id": 59,
      "sentence": "一方、プロ野球興行については、神宮球場において各種イベントやさまざまな情報発信を行うなど、積極的なファンサービスに取り組んだ結果、入場者数が増加しました",
      "opinions": [
        {
          "target": "プロ野球興行",
          "category": "business#amount",
          "polarity": "positive",
          "from": 3,
          "to": 9
        }
      ]
    },
    {
      "sentence_id": 60,
      "sentence": "これらの結果、その他事業部門の連結売上高は19,951百万円（前期比1.8%減）となりました",
      "opinions": [
        {
          "target": "その他事業部門",
          "category": "product#sales",
          "polarity": "negative",
          "from": 7,
          "to": 14
        }
      ]
    },
    {
      "sentence_id": 61,
      "sentence": "なお、セグメント別売上高には消費税等は含まれていません",
      "opinions": []
    },
    {
      "sentence_id": 62,
      "sentence": "（注）各セグメントの連結売上高には、セグメント間売上高が含まれています",
      "opinions": []
    }
  ]
}