{
  "header": {
    "document_id": "E00465",
    "document_name": "ユタカフーズ株式会社",
    "doc_text": "有価証券報告書",
    "edi_id": "E00465",
    "security_code": "28060",
    "category33": "食料品",
    "category17": "食品",
    "scale": ""
  },
  "sentences": [
    {
      "sentence_id": 0,
      "sentence": "当事業年度におけるわが国経済は、企業収益・雇用・個人所得の改善が見られ景気は概ね回復傾向に推移しましたが、原油を筆頭に資源価格の不安定な値動きや欧州、新興国経済の先行きの不透明感の増大及び米国の金融政策の影響など景気下振れリスクの懸念があり、また、年明けから急激な円高等の兆候が現れ企業収益の悪化懸念が強まり、依然として先行きは不透明な状況となっております",
      "opinions": [
        {
          "target": "企業収益",
          "category": "NULL#general",
          "polarity": "positive",
          "from": 16,
          "to": 20
        },
        {
          "target": "雇用",
          "category": "NULL#general",
          "polarity": "positive",
          "from": 21,
          "to": 23
        },
        {
          "target": "個人所得",
          "category": "NULL#general",
          "polarity": "positive",
          "from": 24,
          "to": 28
        },
        {
          "target": "景気",
          "category": "NULL#general",
          "polarity": "positive",
          "from": 35,
          "to": 37
        },
        {
          "target": "資源価格",
          "category": "NULL#general",
          "polarity": "negative",
          "from": 59,
          "to": 63
        },
        {
          "target": "欧州",
          "category": "NULL#general",
          "polarity": "negative",
          "from": 72,
          "to": 74
        },
        {
          "target": "新興国経済",
          "category": "NULL#general",
          "polarity": "negative",
          "from": 75,
          "to": 80
        },
        {
          "target": "悪化懸念",
          "category": "NULL#general",
          "polarity": "negative",
          "from": 146,
          "to": 150
        },
        {
          "target": "先行き",
          "category": "NULL#general",
          "polarity": "neutral",
          "from": 160,
          "to": 163
        }
      ]
    },
    {
      "sentence_id": 1,
      "sentence": "食品業界におきましては、食の安心・安全に対する関心が一層高まるとともに、輸入原料を中心に原材料価格の上昇が依然続く状況にあり厳しい経営環境が継続しております",
      "opinions": [
        {
          "target": "原材料価格",
          "category": "NULL#cost",
          "polarity": "negative",
          "from": 44,
          "to": 49
        },
        {
          "target": "経営環境",
          "category": "NULL#general",
          "polarity": "negative",
          "from": 65,
          "to": 69
        }
      ]
    },
    {
      "sentence_id": 2,
      "sentence": "このような状況の中で、当社は取引先のニーズを追求した提案型営業を強化し、既存設備の活用と合理化、省力化に取り組むとともに、企業価値のさらなる向上を図るとして、チルド食品部門の「ゆで麺ライン」を撤去し、即席麺部門において１ライン増設し、全社あげての合理化活動を推進し、最も効率的なオペレーション体制を構築しながら、経営効率の向上と利益目標の達成に取り組んでまいりました",
      "opinions": []
    },
    {
      "sentence_id": 3,
      "sentence": "以上の結果、当期の業績は、売上高は20,440百万円と前年同期と比べ609百万円（2.9％）の減収となり、営業利益は1,007百万円と前年同期と比べ319百万円（24.1％）、経常利益は1,123百万円と前年同期と比べ296百万円（20.9％）、当期純利益は固定資産の除却及び撤去費用の発生等により716百万円と前年同期と比べ225百万円（24.0％）の減益となりました",
      "opinions": [
        {
          "target": "売上高",
          "category": "NULL#sales",
          "polarity": "negative",
          "from": 13,
          "to": 16
        },
        {
          "target": "営業利益",
          "category": "NULL#profit",
          "polarity": "positive",
          "from": 53,
          "to": 57
        },
        {
          "target": "経常利益",
          "category": "NULL#profit",
          "polarity": "positive",
          "from": 88,
          "to": 92
        },
        {
          "target": "当期純利益",
          "category": "NULL#profit",
          "polarity": "negative",
          "from": 123,
          "to": 128
        }
      ]
    },
    {
      "sentence_id": 4,
      "sentence": "セグメントの業績は次のとおりであります",
      "opinions": []
    },
    {
      "sentence_id": 5,
      "sentence": "液体調味食品部門は、業務用調味液の売上が増加し、売上高は3,653百万円と前年同期と比べ105百万円（3.0％）の増収となりましたが、セグメント利益（営業利益）は362百万円と前年同期と比べ35百万円（8.8％）の減益となりました",
      "opinions": [
        {
          "target": "液体調味食品部門",
          "category": "business#sales",
          "polarity": "positive",
          "from": 0,
          "to": 8
        },
        {
          "target": "液体調味食品部門",
          "category": "business#profit",
          "polarity": "negative",
          "from": 0,
          "to": 8
        },
        {
          "target": "業務用調味液",
          "category": "product#sales",
          "polarity": "positive",
          "from": 10,
          "to": 16
        }
      ]
    },
    {
      "sentence_id": 6,
      "sentence": "粉粒体食品部門は、粉末スープ及び顆粒製品の受託が伸び悩み、売上高は4,675百万円と前年同期と比べ131百万円（2.7％）の減収となり、セグメント利益（営業利益）は74百万円と前年同期と比べ100百万円（57.6％）の減益となりました",
      "opinions": [
        {
          "target": "粉粒体食品部門",
          "category": "business#sales",
          "polarity": "negative",
          "from": 0,
          "to": 7
        },
        {
          "target": "粉粒体食品部門",
          "category": "business#profit",
          "polarity": "negative",
          "from": 0,
          "to": 7
        },
        {
          "target": "粉末スープ",
          "category": "product#amount",
          "polarity": "negative",
          "from": 9,
          "to": 14
        },
        {
          "target": "顆粒製品",
          "category": "product#amount",
          "polarity": "negative",
          "from": 16,
          "to": 20
        }
      ]
    },
    {
      "sentence_id": 7,
      "sentence": "チルド食品部門は、焼そば、生ラーメンの受託は好調でしたが、ゆで麺製造ラインを１月に撤去したことにより、売上高は3,198百万円と前年同期と比べ52百万円（1.6％）の減収となり、セグメント利益（営業利益）は336百万円と前年同期と比べ34百万円（11.5％）の増益となりました",
      "opinions": [
        {
          "target": "チルド食品部門",
          "category": "business#sales",
          "polarity": "negative",
          "from": 0,
          "to": 7
        },
        {
          "target": "チルド食品部門",
          "category": "business#profit",
          "polarity": "positive",
          "from": 0,
          "to": 7
        },
        {
          "target": "焼そば",
          "category": "product#amount",
          "polarity": "positive",
          "from": 9,
          "to": 12
        },
        {
          "target": "生ラーメン",
          "category": "product#amount",
          "polarity": "positive",
          "from": 13,
          "to": 18
        }
      ]
    },
    {
      "sentence_id": 8,
      "sentence": "即席麺部門は、製造ラインの移設に伴う稼働率の低下と受託が低調に推移し、また、３月に製造ラインを増設しましたが、売上の寄与は低く、売上高は7,085百万円と前年同期と比べ659百万円（8.5％）の減収となり、セグメント利益（営業利益）は204百万円と前年同期と比べ219百万円（51.8％）の減益となりました",
      "opinions": [
        {
          "target": "即席麺部門",
          "category": "business#sales",
          "polarity": "negative",
          "from": 0,
          "to": 5
        },
        {
          "target": "即席麺部門",
          "category": "business#profit",
          "polarity": "negative",
          "from": 0,
          "to": 5
        },
        {
          "target": "稼働率",
          "category": "NULL#general",
          "polarity": "negative",
          "from": 18,
          "to": 21
        },
        {
          "target": "受託",
          "category": "NULL#general",
          "polarity": "negative",
          "from": 25,
          "to": 27
        }
      ]
    },
    {
      "sentence_id": 9,
      "sentence": "その他は、水産物の取扱いが前年と比べ増加したことに伴い、売上高は1,827百万円と前年同期と比べ128百万円（7.6％）の増収となり、セグメント利益（営業利益）は29百万円と前年同期と比べ1百万円（4.1％）の増益となりました",
      "opinions": [
        {
          "target": "その他",
          "category": "business#sales",
          "polarity": "positive",
          "from": 0,
          "to": 3
        },
        {
          "target": "その他",
          "category": "business#profit",
          "polarity": "positive",
          "from": 0,
          "to": 3
        },
        {
          "target": "水産物",
          "category": "product#amount",
          "polarity": "positive",
          "from": 5,
          "to": 8
        }
      ]
    }
  ]
}