{
  "header": {
    "document_id": "E00603",
    "document_name": "株式会社ゴールドウイン",
    "doc_text": "有価証券報告書",
    "edi_id": "E00603",
    "security_code": "81110",
    "category33": "繊維製品",
    "category17": "素材・化学",
    "scale": "6"
  },
  "sentences": [
    {
      "sentence_id": 0,
      "sentence": "当連結会計年度におけるわが国経済は、政府の各種経済政策による下支えはあるものの本格的な景気浮揚には至っておらず、懸案であった個人消費の回復によるデフレ脱却という課題も充分達成されたとは言い難い状況であります",
      "opinions": [
        {
          "target": "わが国経済",
          "category": "NULL#general",
          "polarity": "negative",
          "from": 11,
          "to": 16
        }
      ]
    },
    {
      "sentence_id": 1,
      "sentence": "また、中国を始めとするアジア新興国の景気減速、英国のＥＵ離脱問題やトランプ政権誕生に伴う米国の経済政策の変化、更には直近の朝鮮半島を巡る緊迫した情勢等、海外の政治経済状況が不安定さを増しており、わが国経済への波及が憂慮される状況であります",
      "opinions": [
        {
          "target": "アジア新興国",
          "category": "NULL#general",
          "polarity": "negative",
          "from": 11,
          "to": 17
        },
        {
          "target": "政治経済状況",
          "category": "NULL#general",
          "polarity": "negative",
          "from": 79,
          "to": 85
        }
      ]
    },
    {
      "sentence_id": 2,
      "sentence": "足許の消費市場においても、百貨店を始めとする既存流通の退潮とそれに替わる新業態の相次ぐ市場参入、全体としてのオーバーストアの昂進、更にｅコマース市場の急激な拡大等、市場構造変化が急速に進んでおります",
      "opinions": [
        {
          "target": "オーバーストア",
          "category": "NULL#general",
          "polarity": "negative",
          "from": 54,
          "to": 61
        }
      ]
    },
    {
      "sentence_id": 3,
      "sentence": "こうした経営環境の下で、当社グループ（当社、連結子会社および持分法適用会社）は当連結会計年度（第66期）を初年度とする平成33年３月期（第70期）までの中期経営計画を策定し、その遂行に鋭意取り組んでおります",
      "opinions": []
    },
    {
      "sentence_id": 4,
      "sentence": "連結売上高については、アウトドア関連ブランドの「ザ・ノース・フェイス」「ヘリー・ハンセン」の販売が、春夏・秋冬を通じて極めて好調に推移、特に直営店売上が順調に拡大したことにより前期比大幅増収となりました",
      "opinions": [
        {
          "target": "連結売上高",
          "category": "NULL#sales",
          "polarity": "positive",
          "from": 0,
          "to": 5
        },
        {
          "target": "ザ・ノース・フェイス",
          "category": "product#amount",
          "polarity": "positive",
          "from": 24,
          "to": 34
        },
        {
          "target": "ヘリー・ハンセン",
          "category": "product#amount",
          "polarity": "positive",
          "from": 36,
          "to": 44
        },
        {
          "target": "直営店売上",
          "category": "NULL#sales",
          "polarity": "positive",
          "from": 70,
          "to": 75
        }
      ]
    },
    {
      "sentence_id": 5,
      "sentence": "アスレチック関連ブランドでは、「カンタベリー・オブ・ニュージーランド」や「ブラックアンドホワイト」の販売は堅調に推移いたしましたが、百貨店を主販路とする「エレッセ」や専門店・ナショナルスポーツチェーン向け卸事業を主業態とする「スピード」は苦戦し減収となりました",
      "opinions": [
        {
          "target": "カンタベリー・オブ・ニュージーランド",
          "category": "product#amount",
          "polarity": "positive",
          "from": 16,
          "to": 34
        },
        {
          "target": "ブラックアンドホワイト",
          "category": "product#amount",
          "polarity": "positive",
          "from": 37,
          "to": 48
        },
        {
          "target": "エレッセ",
          "category": "product#sales",
          "polarity": "negative",
          "from": 77,
          "to": 81
        },
        {
          "target": "スピード",
          "category": "product#sales",
          "polarity": "negative",
          "from": 113,
          "to": 117
        }
      ]
    },
    {
      "sentence_id": 6,
      "sentence": "また、ウィンター関連ブランドは、スノーボードウエアを中心に依然慢性的な市況低迷が続いており、流通在庫過多状況の下で大幅な仕入販売調整を実施したことにより減収となりました",
      "opinions": [
        {
          "target": "ウィンター関連ブランド",
          "category": "product#sales",
          "polarity": "negative",
          "from": 3,
          "to": 14
        },
        {
          "target": "市況低迷",
          "category": "NULL#general",
          "polarity": "negative",
          "from": 35,
          "to": 39
        }
      ]
    },
    {
      "sentence_id": 7,
      "sentence": "合計売上としては、前期末のチャンピオン事業譲渡に伴う減収（3,100百万円）や一部不振事業の減収を、好調事業、特にアウトドア関連ブランドの増収が上回った結果、前期比1,189百万円の増収を確保することができました",
      "opinions": [
        {
          "target": "合計売上",
          "category": "NULL#sales",
          "polarity": "positive",
          "from": 0,
          "to": 4
        },
        {
          "target": "一部不振事業",
          "category": "NULL#general",
          "polarity": "negative",
          "from": 39,
          "to": 45
        },
        {
          "target": "アウトドア関連ブランド",
          "category": "product#sales",
          "polarity": "positive",
          "from": 57,
          "to": 68
        }
      ]
    },
    {
      "sentence_id": 8,
      "sentence": "営業利益については、増収による粗利益の増加に加え、直営店を中心とするリテール売上が拡大したこと、発注流動管理強化により、販売ロスの削減やプロパー販売比率改善が進んだこと、調達原価率が低減したこと等により、粗利益率が2.2ポイント改善し粗利益が大幅増となりました",
      "opinions": [
        {
          "target": "粗利益",
          "category": "NULL#profit",
          "polarity": "positive",
          "from": 15,
          "to": 18
        },
        {
          "target": "リテール売上",
          "category": "NULL#sales",
          "polarity": "positive",
          "from": 34,
          "to": 40
        },
        {
          "target": "販売ロス",
          "category": "NULL#cost",
          "polarity": "positive",
          "from": 60,
          "to": 64
        },
        {
          "target": "プロパー販売比率改善",
          "category": "NULL#general",
          "polarity": "positive",
          "from": 68,
          "to": 78
        },
        {
          "target": "調達原価率",
          "category": "NULL#cost",
          "polarity": "positive",
          "from": 85,
          "to": 90
        },
        {
          "target": "粗利益率",
          "category": "NULL#profit",
          "polarity": "positive",
          "from": 102,
          "to": 106
        },
        {
          "target": "粗利益",
          "category": "NULL#profit",
          "polarity": "positive",
          "from": 117,
          "to": 120
        }
      ]
    },
    {
      "sentence_id": 9,
      "sentence": "一方で出店増に伴う人件費、賃借料を中心に販売管理費も増加しましたが、粗利益増がこれら販売管理費増を上回った結果、前期比780百万円の増益となりました",
      "opinions": [
        {
          "target": "人件費",
          "category": "NULL#cost",
          "polarity": "negative",
          "from": 9,
          "to": 12
        },
        {
          "target": "販売管理費",
          "category": "NULL#cost",
          "polarity": "negative",
          "from": 20,
          "to": 25
        },
        {
          "target": "粗利益増",
          "category": "NULL#general",
          "polarity": "positive",
          "from": 34,
          "to": 38
        }
      ]
    },
    {
      "sentence_id": 10,
      "sentence": "経常利益については、韓国における持分法適用関連会社であるYOUNGONE OUTDOOR Corporationの業績が、同国アウトドア市場低迷により低調推移となったことで、持分法投資利益が前期比387百万円減少いたしましたが、単体事業での営業利益の増加に加え、その他連結子会社の業績が総じて堅調であったことから、前期比398百万円の増益を確保することができました",
      "opinions": [
        {
          "target": "経常利益",
          "category": "NULL#profit",
          "polarity": "positive",
          "from": 0,
          "to": 4
        },
        {
          "target": "YOUNGONE OUTDOOR Corporation",
          "category": "company#general",
          "polarity": "negative",
          "from": 28,
          "to": 56
        },
        {
          "target": "持分法投資利益",
          "category": "NULL#profit",
          "polarity": "negative",
          "from": 87,
          "to": 94
        },
        {
          "target": "営業利益",
          "category": "NULL#profit",
          "polarity": "positive",
          "from": 120,
          "to": 124
        },
        {
          "target": "その他連結子会社",
          "category": "company#general",
          "polarity": "positive",
          "from": 131,
          "to": 139
        }
      ]
    },
    {
      "sentence_id": 11,
      "sentence": "親会社株主に帰属する当期純利益については、法人税等の増加に加え、一部不採算店舗の減損に伴う特別損失を計上したこと等により、差引前期比54百万円の増益となりました",
      "opinions": [
        {
          "target": "当期純利益",
          "category": "NULL#profit",
          "polarity": "positive",
          "from": 10,
          "to": 15
        },
        {
          "target": "法人税",
          "category": "NULL#cost",
          "polarity": "negative",
          "from": 21,
          "to": 24
        },
        {
          "target": "一部不採算店舗",
          "category": "NULL#general",
          "polarity": "negative",
          "from": 32,
          "to": 39
        }
      ]
    },
    {
      "sentence_id": 12,
      "sentence": "これらの結果、当連結会計年度の業績は、売上高60,903百万円（前期比2.0％増）、営業利益3,910百万円（前期比24.9％増）、経常利益4,578百万円（前期比9.5％増）、親会社株主に帰属する当期純利益は3,424百万円（前期比1.6％増）となり、売上高は７期連続の増収、営業利益は９期連続の増益、経常利益は４期連続の過去最高益の更新となりました",
      "opinions": [
        {
          "target": "売上高",
          "category": "NULL#sales",
          "polarity": "positive",
          "from": 19,
          "to": 22
        },
        {
          "target": "営業利益",
          "category": "NULL#profit",
          "polarity": "positive",
          "from": 42,
          "to": 46
        },
        {
          "target": "経常利益",
          "category": "NULL#profit",
          "polarity": "positive",
          "from": 66,
          "to": 70
        },
        {
          "target": "当期純利益",
          "category": "NULL#profit",
          "polarity": "positive",
          "from": 99,
          "to": 104
        },
        {
          "target": "売上高",
          "category": "NULL#sales",
          "polarity": "positive",
          "from": 127,
          "to": 130
        },
        {
          "target": "営業利益",
          "category": "NULL#profit",
          "polarity": "positive",
          "from": 139,
          "to": 143
        },
        {
          "target": "経常利益",
          "category": "NULL#profit",
          "polarity": "positive",
          "from": 152,
          "to": 156
        }
      ]
    },
    {
      "sentence_id": 13,
      "sentence": "なお、記載金額には、消費税等は含まれておりません",
      "opinions": []
    }
  ]
}