{
  "header": {
    "document_id": "E00832",
    "document_name": "藤倉化成株式会社",
    "doc_text": "有価証券報告書",
    "edi_id": "E00832",
    "security_code": "46200",
    "category33": "化学",
    "category17": "素材・化学",
    "scale": "7"
  },
  "sentences": [
    {
      "sentence_id": 0,
      "sentence": "当連結会計年度におけるわが国の経済は、個人消費が伸び悩んだものの、輸出関連を中心に企業収益に持ち直しの動きが見られ、雇用情勢にも改善が見られるなど、緩やかな回復基調で推移いたしました",
      "opinions": [
        {
          "target": "経済",
          "category": "NULL#general",
          "polarity": "positive",
          "from": 15,
          "to": 17
        },
        {
          "target": "個人消費",
          "category": "NULL#general",
          "polarity": "negative",
          "from": 19,
          "to": 23
        },
        {
          "target": "企業収益",
          "category": "NULL#general",
          "polarity": "positive",
          "from": 41,
          "to": 45
        },
        {
          "target": "雇用情勢",
          "category": "NULL#general",
          "polarity": "positive",
          "from": 58,
          "to": 62
        }
      ]
    },
    {
      "sentence_id": 1,
      "sentence": "一方、海外におきましては、英国のＥＵ離脱問題や米国における新政権の政策動向などによる為替相場や株式市場への影響懸念など、先行き不透明な状況で推移いたしました",
      "opinions": [
        {
          "target": "海外",
          "category": "NULL#general",
          "polarity": "neutral",
          "from": 3,
          "to": 5
        }
      ]
    },
    {
      "sentence_id": 2,
      "sentence": "当社グループの関連する業界におきましては、自動車産業においては、国内では、軽自動車の販売台数が減少したものの、新型車投入による効果などによって普通自動車の販売台数が増加するなど、国内の新車登録台数は前年度を上回りました",
      "opinions": [
        {
          "target": "販売台数",
          "category": "NULL#amount",
          "polarity": "negative",
          "from": 42,
          "to": 46
        },
        {
          "target": "普通自動車",
          "category": "NULL#amount",
          "polarity": "positive",
          "from": 71,
          "to": 76
        },
        {
          "target": "新車登録台数",
          "category": "NULL#amount",
          "polarity": "positive",
          "from": 92,
          "to": 98
        }
      ]
    },
    {
      "sentence_id": 3,
      "sentence": "海外におきましては、北米では、雇用情勢の安定やガソリン価格の低下などを背景に、引き続き自動車販売が好調を維持いたしました",
      "opinions": [
        {
          "target": "雇用情勢",
          "category": "NULL#general",
          "polarity": "positive",
          "from": 15,
          "to": 19
        },
        {
          "target": "ガソリン価格",
          "category": "NULL#price",
          "polarity": "negative",
          "from": 23,
          "to": 29
        },
        {
          "target": "自動車販売",
          "category": "NULL#general",
          "polarity": "positive",
          "from": 43,
          "to": 48
        }
      ]
    },
    {
      "sentence_id": 4,
      "sentence": "住宅産業につきましては、所得環境の改善に加え、日銀によるマイナス金利政策を受けた住宅ローン金利の低下などを背景に、新築住宅着工戸数は前年度に比べ増加いたしました",
      "opinions": [
        {
          "target": "所得環境",
          "category": "NULL#general",
          "polarity": "positive",
          "from": 12,
          "to": 16
        },
        {
          "target": "住宅ローン金利",
          "category": "NULL#general",
          "polarity": "positive",
          "from": 40,
          "to": 47
        },
        {
          "target": "新築住宅着工戸数",
          "category": "NULL#amount",
          "polarity": "positive",
          "from": 57,
          "to": 65
        }
      ]
    },
    {
      "sentence_id": 5,
      "sentence": "エレクトロニクス産業につきましては、スマートフォン向け分野やカーエレクトロニクス分野における市場の拡大があったものの、円高の影響などによる国際的な価格競争力の低下や国内における薄型テレビ市場の縮小など厳しい市場環境となりました",
      "opinions": [
        {
          "target": "市場",
          "category": "NULL#general",
          "polarity": "positive",
          "from": 46,
          "to": 48
        },
        {
          "target": "価格競争力",
          "category": "NULL#general",
          "polarity": "negative",
          "from": 73,
          "to": 78
        },
        {
          "target": "薄型テレビ市場",
          "category": "market#general",
          "polarity": "negative",
          "from": 88,
          "to": 95
        }
      ]
    },
    {
      "sentence_id": 6,
      "sentence": "このような環境の下、当連結会計年度の売上高は627億80百万円(前連結会計年度比14.9％減)となり、営業利益は30億77百万円(同2.2％増)、経常利益は33億48百万円(同12.5％増)、親会社株主に帰属する当期純利益は24億円(同35.9％増)となりました",
      "opinions": [
        {
          "target": "売上高",
          "category": "NULL#sales",
          "polarity": "negative",
          "from": 18,
          "to": 21
        },
        {
          "target": "営業利益",
          "category": "NULL#profit",
          "polarity": "positive",
          "from": 51,
          "to": 55
        },
        {
          "target": "経常利益",
          "category": "NULL#profit",
          "polarity": "positive",
          "from": 73,
          "to": 77
        },
        {
          "target": "当期純利益",
          "category": "NULL#profit",
          "polarity": "positive",
          "from": 106,
          "to": 111
        }
      ]
    },
    {
      "sentence_id": 7,
      "sentence": "各セグメントの業績は次のとおりであります",
      "opinions": []
    },
    {
      "sentence_id": 8,
      "sentence": "なお、当連結会計年度より、報告セグメントの区分等を変更しており、当連結会計年度の比較・分析は、変更後の区分に基づいております",
      "opinions": []
    },
    {
      "sentence_id": 9,
      "sentence": "①　コーティング",
      "opinions": []
    },
    {
      "sentence_id": 10,
      "sentence": "プラスチック用コーティング材（『レクラック』・『フジハード』など）を取扱うコーティング部門におきましては、主力の自動車向け市場においては、国内市場では、生産台数が増加したことなどにより需要が堅調に推移いたしましたが、海外市場においては、為替相場が円高に推移し、米国の連結子会社であるレッドスポット社における業績が影響を受けるなど、売上高は前年度を下回りました",
      "opinions": [
        {
          "target": "コーティング部門",
          "category": "business#amount",
          "polarity": "positive",
          "from": 37,
          "to": 45
        },
        {
          "target": "コーティング部門",
          "category": "business#sales",
          "polarity": "negative",
          "from": 37,
          "to": 45
        },
        {
          "target": "生産台数",
          "category": "NULL#amount",
          "polarity": "positive",
          "from": 76,
          "to": 80
        },
        {
          "target": "レッドスポット社",
          "category": "company#general",
          "polarity": "negative",
          "from": 141,
          "to": 149
        }
      ]
    },
    {
      "sentence_id": 11,
      "sentence": "この結果、売上高は234億24百万円（同8.3％減）となり、営業利益は19億16百万円（同0.8％増）となりました",
      "opinions": [
        {
          "target": "売上高",
          "category": "NULL#sales",
          "polarity": "negative",
          "from": 5,
          "to": 8
        },
        {
          "target": "営業利益",
          "category": "NULL#profit",
          "polarity": "positive",
          "from": 30,
          "to": 34
        }
      ]
    },
    {
      "sentence_id": 12,
      "sentence": "②　塗料",
      "opinions": []
    },
    {
      "sentence_id": 13,
      "sentence": "建築用塗料を取扱う塗料部門におきましては、新築向け市場及びリフォーム向け市場とも、工事を伴う施工棟数が前年度に比べ伸び悩んだことなどにより、売上高は減少いたしました",
      "opinions": [
        {
          "target": "塗料部門",
          "category": "business#sales",
          "polarity": "negative",
          "from": 9,
          "to": 13
        },
        {
          "target": "施工棟数",
          "category": "NULL#amount",
          "polarity": "negative",
          "from": 46,
          "to": 50
        }
      ]
    },
    {
      "sentence_id": 14,
      "sentence": "この結果、売上高は126億17百万円（同4.8％減）となり、営業利益は７億40百万円（同11.2％減）となりました",
      "opinions": [
        {
          "target": "売上高",
          "category": "NULL#sales",
          "polarity": "negative",
          "from": 5,
          "to": 8
        },
        {
          "target": "営業利益",
          "category": "NULL#profit",
          "polarity": "negative",
          "from": 30,
          "to": 34
        }
      ]
    },
    {
      "sentence_id": 15,
      "sentence": "③　電子材料",
      "opinions": []
    },
    {
      "sentence_id": 16,
      "sentence": "導電性ペースト材（『ドータイト』など）を取扱う電子材料部門におきましては、海外市場における価格競争力の低下やパソコン向け市場での需要低迷などの影響により、売上高は減少いたしました",
      "opinions": [
        {
          "target": "電子材料部門",
          "category": "business#amount",
          "polarity": "negative",
          "from": 23,
          "to": 29
        },
        {
          "target": "電子材料部門",
          "category": "business#sales",
          "polarity": "negative",
          "from": 23,
          "to": 29
        },
        {
          "target": "価格競争力",
          "category": "NULL#general",
          "polarity": "negative",
          "from": 45,
          "to": 50
        }
      ]
    },
    {
      "sentence_id": 17,
      "sentence": "この結果、売上高は29億88百万円（同10.7％減）となり、営業利益は１億円（同10.1％増）となりました",
      "opinions": [
        {
          "target": "売上高",
          "category": "NULL#sales",
          "polarity": "negative",
          "from": 5,
          "to": 8
        },
        {
          "target": "営業利益",
          "category": "NULL#profit",
          "polarity": "positive",
          "from": 30,
          "to": 34
        }
      ]
    },
    {
      "sentence_id": 18,
      "sentence": "④　化成品",
      "opinions": []
    },
    {
      "sentence_id": 19,
      "sentence": "トナー用レジン、樹脂ベース（『アクリベース』）やメディカル材料などを取扱う化成品部門におきましては、トナー用レジンの需要は減少したものの、粘着剤を中心とする樹脂ベースの需要が順調に推移し、売上高は増加いたしました",
      "opinions": [
        {
          "target": "化成品部門",
          "category": "business#sales",
          "polarity": "positive",
          "from": 37,
          "to": 42
        },
        {
          "target": "トナー用レジン",
          "category": "product#amount",
          "polarity": "negative",
          "from": 50,
          "to": 57
        },
        {
          "target": "樹脂ベース",
          "category": "product#amount",
          "polarity": "positive",
          "from": 78,
          "to": 83
        }
      ]
    },
    {
      "sentence_id": 20,
      "sentence": "この結果、売上高は36億81百万円（同3.1％増）となり、営業利益は２億51百万円（同64.2％増）となりました",
      "opinions": [
        {
          "target": "売上高",
          "category": "NULL#sales",
          "polarity": "positive",
          "from": 5,
          "to": 8
        },
        {
          "target": "営業利益",
          "category": "NULL#profit",
          "polarity": "positive",
          "from": 29,
          "to": 33
        }
      ]
    },
    {
      "sentence_id": 21,
      "sentence": "⑤　合成樹脂",
      "opinions": []
    },
    {
      "sentence_id": 22,
      "sentence": "子会社藤光樹脂株式会社などが取扱うアクリル樹脂の原材料・加工品の販売におきましては、前期まで好調に推移していた海外市場向けの液晶テレビ用途関連製品が、技術革新などに伴って大幅に需要が減少したことなどから、売上高は前期を大きく下回りました",
      "opinions": [
        {
          "target": "液晶テレビ用途関連製品",
          "category": "product#amount",
          "polarity": "negative",
          "from": 62,
          "to": 73
        },
        {
          "target": "売上高",
          "category": "NULL#sales",
          "polarity": "negative",
          "from": 102,
          "to": 105
        }
      ]
    },
    {
      "sentence_id": 23,
      "sentence": "この結果、売上高は201億55百万円（同28.3％減）となり、営業利益は70百万円（同111.5％増）となりました",
      "opinions": [
        {
          "target": "売上高",
          "category": "NULL#sales",
          "polarity": "negative",
          "from": 5,
          "to": 8
        },
        {
          "target": "営業利益",
          "category": "NULL#profit",
          "polarity": "positive",
          "from": 31,
          "to": 35
        }
      ]
    }
  ]
}