{
  "header": {
    "document_id": "E00838",
    "document_name": "リケンテクノス株式会社",
    "doc_text": "有価証券報告書",
    "edi_id": "E00838",
    "security_code": "42200",
    "category33": "化学",
    "category17": "素材・化学",
    "scale": "7"
  },
  "sentences": [
    {
      "sentence_id": 0,
      "sentence": "当連結会計年度におけるわが国経済は、雇用所得の改善がみられる中、個人消費は足踏み状態から持ち直しつつあり、緩やかな回復傾向となりました",
      "opinions": [
        {
          "target": "わが国経済",
          "category": "NULL#general",
          "polarity": "positive",
          "from": 11,
          "to": 16
        },
        {
          "target": "雇用所得",
          "category": "NULL#general",
          "polarity": "positive",
          "from": 18,
          "to": 22
        },
        {
          "target": "個人消費",
          "category": "NULL#general",
          "polarity": "positive",
          "from": 32,
          "to": 36
        }
      ]
    },
    {
      "sentence_id": 1,
      "sentence": "海外では、米国経済は個人消費、民間設備投資が堅調で景気回復基調が続いております",
      "opinions": [
        {
          "target": "米国経済",
          "category": "NULL#general",
          "polarity": "positive",
          "from": 5,
          "to": 9
        },
        {
          "target": "個人消費",
          "category": "NULL#sales",
          "polarity": "positive",
          "from": 10,
          "to": 14
        },
        {
          "target": "民間設備投資",
          "category": "NULL#sales",
          "polarity": "positive",
          "from": 15,
          "to": 21
        }
      ]
    },
    {
      "sentence_id": 2,
      "sentence": "欧州経済は緩やかに回復しているものの、政策に関する不確実性の影響、地政学的リスクなどの影響等に留意すべき状況が続いております",
      "opinions": [
        {
          "target": "欧州経済",
          "category": "NULL#general",
          "polarity": "neutral",
          "from": 0,
          "to": 4
        }
      ]
    },
    {
      "sentence_id": 3,
      "sentence": "景気減速局面にあった中国では、各種政策の効果もあり、景気は持ち直しの動きがみられました",
      "opinions": [
        {
          "target": "景気",
          "category": "NULL#general",
          "polarity": "positive",
          "from": 26,
          "to": 28
        }
      ]
    },
    {
      "sentence_id": 4,
      "sentence": "産業別には、国内の自動車業界は、各社の新型車発売の効果により後半から販売が回復し、全体としては前年を上回りました",
      "opinions": [
        {
          "target": "自動車業界",
          "category": "market#general",
          "polarity": "positive",
          "from": 9,
          "to": 14
        },
        {
          "target": "販売",
          "category": "NULL#general",
          "polarity": "positive",
          "from": 34,
          "to": 36
        }
      ]
    },
    {
      "sentence_id": 5,
      "sentence": "建材業界は、消費税率引き上げの影響が一巡し低迷が続いていた住宅着工件数も回復の傾向がみられました",
      "opinions": [
        {
          "target": "住宅着工件数",
          "category": "NULL#amount",
          "polarity": "positive",
          "from": 29,
          "to": 35
        }
      ]
    },
    {
      "sentence_id": 6,
      "sentence": "また、家電業界においては高付加価値品への買い替えによる回復がみられました",
      "opinions": [
        {
          "target": "家電業界",
          "category": "market#general",
          "polarity": "positive",
          "from": 3,
          "to": 7
        }
      ]
    },
    {
      "sentence_id": 7,
      "sentence": "このような環境の中、当社グループはグローバルな視点で顧客ニーズを確実に捉え、受注につなげることで業績の向上に努めました",
      "opinions": []
    },
    {
      "sentence_id": 8,
      "sentence": "海外需要を確実に獲得する取り組みの一環として新設したベトナム国の生産子会社、増設した中国のコンパウンド工場および北米のコンパウンド工場の稼働を開始しました",
      "opinions": []
    },
    {
      "sentence_id": 9,
      "sentence": "その結果、連結売上高は88,300百万円、前連結会計年度比(以下「前年同期比」)2.5％減少、連結営業利益は5,862百万円(前年同期比15.3％増加)、連結経常利益は5,834百万円(前年同期比18.3％増加)、親会社株主に帰属する当期純利益は2,716百万円(前年同期比9.5％増加)となりました",
      "opinions": [
        {
          "target": "連結売上高",
          "category": "NULL#sales",
          "polarity": "negative",
          "from": 5,
          "to": 10
        },
        {
          "target": "連結営業利益",
          "category": "NULL#profit",
          "polarity": "positive",
          "from": 47,
          "to": 53
        },
        {
          "target": "連結経常利益",
          "category": "NULL#profit",
          "polarity": "positive",
          "from": 77,
          "to": 83
        },
        {
          "target": "当期純利益",
          "category": "NULL#profit",
          "polarity": "positive",
          "from": 117,
          "to": 122
        }
      ]
    },
    {
      "sentence_id": 10,
      "sentence": "セグメント別の業績は次のとおりであります",
      "opinions": []
    },
    {
      "sentence_id": 11,
      "sentence": "国内のコンパウンド事業のうち塩ビコンパウンドは、電線市場、自動車市場で後半に受注の回復がみられたものの、建材市場では原材料価格の下落に伴う製品価格調整の影響もあり、減収となりました",
      "opinions": [
        {
          "target": "塩ビコンパウンド",
          "category": "product#sales",
          "polarity": "negative",
          "from": 14,
          "to": 22
        },
        {
          "target": "受注",
          "category": "NULL#amount",
          "polarity": "positive",
          "from": 38,
          "to": 40
        },
        {
          "target": "原材料価格",
          "category": "NULL#cost",
          "polarity": "positive",
          "from": 58,
          "to": 63
        }
      ]
    },
    {
      "sentence_id": 12,
      "sentence": "エラストマーコンパウンドは、国内では主力の自動車市場において国内生産台数に回復がみられ、また医療市場、食品市場でも売上が伸長し、増収となりました",
      "opinions": [
        {
          "target": "エラストマーコンパウンド",
          "category": "product#sales",
          "polarity": "positive",
          "from": 0,
          "to": 12
        },
        {
          "target": "国内生産台数",
          "category": "NULL#amount",
          "polarity": "positive",
          "from": 30,
          "to": 36
        },
        {
          "target": "売上",
          "category": "NULL#sales",
          "polarity": "positive",
          "from": 57,
          "to": 59
        }
      ]
    },
    {
      "sentence_id": 13,
      "sentence": "海外では、中国現地法人で経済成長率の鈍化により前半売り上げが低迷しましたが、自動車市場で後半に受注の回復がみられました",
      "opinions": [
        {
          "target": "中国現地法人",
          "category": "company#sales",
          "polarity": "negative",
          "from": 5,
          "to": 11
        },
        {
          "target": "経済成長率",
          "category": "NULL#general",
          "polarity": "negative",
          "from": 12,
          "to": 17
        },
        {
          "target": "受注",
          "category": "NULL#amount",
          "polarity": "positive",
          "from": 47,
          "to": 49
        }
      ]
    },
    {
      "sentence_id": 14,
      "sentence": "また、タイ国現地法人では自動車市場、医療市場が、インドネシア国現地法人では電線市場、医療市場で堅調に推移しましたが、原材料価格の下落に伴う製品価格調整の影響もあり、アジア全体として減収となりました",
      "opinions": [
        {
          "target": "自動車市場",
          "category": "market#general",
          "polarity": "positive",
          "from": 12,
          "to": 17
        },
        {
          "target": "医療市場",
          "category": "market#general",
          "polarity": "positive",
          "from": 18,
          "to": 22
        },
        {
          "target": "電線市場",
          "category": "market#general",
          "polarity": "positive",
          "from": 37,
          "to": 41
        },
        {
          "target": "医療市場",
          "category": "market#general",
          "polarity": "positive",
          "from": 42,
          "to": 46
        },
        {
          "target": "原材料価格",
          "category": "NULL#cost",
          "polarity": "positive",
          "from": 58,
          "to": 63
        },
        {
          "target": "アジア",
          "category": "business#sales",
          "polarity": "negative",
          "from": 82,
          "to": 85
        }
      ]
    },
    {
      "sentence_id": 15,
      "sentence": "米国では自動車市場、建材市場、電線市場が堅調に推移しましたが、同様に減収となりました",
      "opinions": [
        {
          "target": "米国",
          "category": "business#sales",
          "polarity": "negative",
          "from": 0,
          "to": 2
        },
        {
          "target": "建材市場",
          "category": "market#general",
          "polarity": "positive",
          "from": 10,
          "to": 14
        },
        {
          "target": "電線市場",
          "category": "market#general",
          "polarity": "positive",
          "from": 15,
          "to": 19
        }
      ]
    },
    {
      "sentence_id": 16,
      "sentence": "利益面につきましては、生産性の改善および海外での確実な需要の取込みを行いましたが、為替の影響もあり全体として減益となりました",
      "opinions": [
        {
          "target": "利益面",
          "category": "NULL#profit",
          "polarity": "negative",
          "from": 0,
          "to": 3
        }
      ]
    },
    {
      "sentence_id": 17,
      "sentence": "その結果、売上高は61,285百万円(前年同期比4.1％減少)、セグメント利益は5,168百万円(前年同期比3.1％減少)となりました",
      "opinions": [
        {
          "target": "売上高",
          "category": "NULL#sales",
          "polarity": "negative",
          "from": 5,
          "to": 8
        },
        {
          "target": "セグメント利益",
          "category": "NULL#profit",
          "polarity": "negative",
          "from": 32,
          "to": 39
        }
      ]
    },
    {
      "sentence_id": 18,
      "sentence": "国内のフイルム事業のうち、建装材市場の住宅分野では、リフォーム需要、賃貸向けおよびパワービルダー向けが好調に推移し、増収となりました",
      "opinions": [
        {
          "target": "住宅分野",
          "category": "business#sales",
          "polarity": "positive",
          "from": 19,
          "to": 23
        },
        {
          "target": "リフォーム需要",
          "category": "NULL#general",
          "polarity": "positive",
          "from": 26,
          "to": 33
        },
        {
          "target": "賃貸向け",
          "category": "product#general",
          "polarity": "positive",
          "from": 34,
          "to": 38
        },
        {
          "target": "パワービルダー向け",
          "category": "product#general",
          "polarity": "positive",
          "from": 41,
          "to": 50
        }
      ]
    },
    {
      "sentence_id": 19,
      "sentence": "住宅以外の分野では商業施設、公共施設、ホテル等の新設、リニューアル等の需要は好調に推移しましたが、慢性的な人手不足により着工ペースは鈍く、売上は微増となりました",
      "opinions": [
        {
          "target": "需要",
          "category": "NULL#general",
          "polarity": "positive",
          "from": 35,
          "to": 37
        },
        {
          "target": "着工ペース",
          "category": "NULL#general",
          "polarity": "negative",
          "from": 60,
          "to": 65
        },
        {
          "target": "売上",
          "category": "NULL#sales",
          "polarity": "positive",
          "from": 69,
          "to": 71
        }
      ]
    },
    {
      "sentence_id": 20,
      "sentence": "光学分野では、大手家電メーカーのモバイル関連で後半に量産販売を開始し、改善の兆しがみられました",
      "opinions": []
    },
    {
      "sentence_id": 21,
      "sentence": "輸出は、建装材市場では堅調に推移した北米向けが、後半よりやや低調になりました",
      "opinions": [
        {
          "target": "北米向け",
          "category": "product#general",
          "polarity": "neutral",
          "from": 18,
          "to": 22
        }
      ]
    },
    {
      "sentence_id": 22,
      "sentence": "欧州、中国向けは、後半に新規採用もあり回復の兆しはありましたが、減収となりました",
      "opinions": [
        {
          "target": "欧州、中国向け",
          "category": "product#sales",
          "polarity": "negative",
          "from": 0,
          "to": 7
        }
      ]
    },
    {
      "sentence_id": 23,
      "sentence": "電線市場では、自動車用は堅調に推移しました",
      "opinions": [
        {
          "target": "自動車用",
          "category": "product#general",
          "polarity": "positive",
          "from": 7,
          "to": 11
        }
      ]
    },
    {
      "sentence_id": 24,
      "sentence": "利益面につきましては、生産性改善と合理化施策を推し進めましたが、光学分野では新製品の販売により損失は縮小したものの、全体として黒字化するに至りませんでした",
      "opinions": [
        {
          "target": "利益面",
          "category": "NULL#profit",
          "polarity": "neutral",
          "from": 0,
          "to": 3
        },
        {
          "target": "光学分野",
          "category": "business#profit",
          "polarity": "neutral",
          "from": 32,
          "to": 36
        }
      ]
    },
    {
      "sentence_id": 25,
      "sentence": "その結果、売上高は12,205百万円(前年同期比1.7％増加)、セグメント損失は254百万円(前年同期は725百万円の損失)となりました",
      "opinions": [
        {
          "target": "売上高",
          "category": "NULL#sales",
          "polarity": "positive",
          "from": 5,
          "to": 8
        },
        {
          "target": "セグメント損失",
          "category": "NULL#profit",
          "polarity": "negative",
          "from": 32,
          "to": 39
        }
      ]
    },
    {
      "sentence_id": 26,
      "sentence": "国内の食品包材事業のうち、主要製品である業務用塩ビラップは、塩ビ回帰の流れが徐々に拡大し始めたことで、好調に推移しました",
      "opinions": [
        {
          "target": "業務用塩ビラップ",
          "category": "product#general",
          "polarity": "positive",
          "from": 20,
          "to": 28
        },
        {
          "target": "流れ",
          "category": "NULL#general",
          "polarity": "positive",
          "from": 35,
          "to": 37
        }
      ]
    },
    {
      "sentence_id": 27,
      "sentence": "また、小巻ラップでは同業他社の事業撤退もあり増収となりました",
      "opinions": [
        {
          "target": "小巻ラップ",
          "category": "product#sales",
          "polarity": "positive",
          "from": 3,
          "to": 8
        }
      ]
    },
    {
      "sentence_id": 28,
      "sentence": "利益面につきましては、生産性改善および低採算仕入商品の採算是正等により、増益となりました",
      "opinions": [
        {
          "target": "利益面",
          "category": "NULL#profit",
          "polarity": "positive",
          "from": 0,
          "to": 3
        }
      ]
    },
    {
      "sentence_id": 29,
      "sentence": "中国現地法人は　代理店と連携した拡販活動と生産合理化により、増収増益となりました",
      "opinions": [
        {
          "target": "中国現地法人",
          "category": "company#sales",
          "polarity": "positive",
          "from": 0,
          "to": 6
        },
        {
          "target": "中国現地法人",
          "category": "company#profit",
          "polarity": "positive",
          "from": 0,
          "to": 6
        }
      ]
    },
    {
      "sentence_id": 30,
      "sentence": "その結果、売上高は11,369百万円(前年同期比1.7％増加)、セグメント利益は1,086百万円(前年同期比86.6％増加)となりました",
      "opinions": [
        {
          "target": "売上高",
          "category": "NULL#sales",
          "polarity": "positive",
          "from": 5,
          "to": 8
        },
        {
          "target": "セグメント利益",
          "category": "NULL#profit",
          "polarity": "positive",
          "from": 32,
          "to": 39
        }
      ]
    }
  ]
}