{
  "header": {
    "document_id": "E00840",
    "document_name": "三井化学株式会社",
    "doc_text": "有価証券報告書",
    "edi_id": "E00840",
    "security_code": "41830",
    "category33": "化学",
    "category17": "素材・化学",
    "scale": "4"
  },
  "sentences": [
    {
      "sentence_id": 0,
      "sentence": "当連結会計年度の世界経済は、米国やヨーロッパでの堅調な個人消費を背景とした景気回復が継続しましたが、中国や新興国の一部では停滞や減速が見られました",
      "opinions": [
        {
          "target": "世界経済",
          "category": "NULL#general",
          "polarity": "positive",
          "from": 8,
          "to": 12
        },
        {
          "target": "個人消費",
          "category": "NULL#general",
          "polarity": "positive",
          "from": 27,
          "to": 31
        },
        {
          "target": "中国",
          "category": "NULL#general",
          "polarity": "negative",
          "from": 50,
          "to": 52
        },
        {
          "target": "一部",
          "category": "NULL#general",
          "polarity": "negative",
          "from": 57,
          "to": 59
        }
      ]
    },
    {
      "sentence_id": 1,
      "sentence": "また、英国のＥＵ離脱決定や米国の大統領選挙など、世界経済の変動に留意すべき状況が継続しました",
      "opinions": []
    },
    {
      "sentence_id": 2,
      "sentence": "日本経済におきましては、雇用や所得環境の改善が続く中、景気には一部に改善の遅れも見られるものの緩やかな回復基調が継続しました",
      "opinions": [
        {
          "target": "雇用",
          "category": "NULL#general",
          "polarity": "positive",
          "from": 12,
          "to": 14
        },
        {
          "target": "所得環境",
          "category": "NULL#general",
          "polarity": "positive",
          "from": 15,
          "to": 19
        },
        {
          "target": "景気",
          "category": "NULL#general",
          "polarity": "positive",
          "from": 27,
          "to": 29
        }
      ]
    },
    {
      "sentence_id": 3,
      "sentence": "化学工業界におきましては、原油価格の安定的な推移や国内の余剰設備削減等の構造改革の効果により、国内のナフサクラッカーは高水準で稼働しました",
      "opinions": [
        {
          "target": "ナフサクラッカー",
          "category": "NULL#general",
          "polarity": "positive",
          "from": 50,
          "to": 58
        }
      ]
    },
    {
      "sentence_id": 4,
      "sentence": "このような情勢のもとで、当社グループは、平成26年度を初年度とする中期経営計画の成長３領域である「モビリティ」、「ヘルスケア」、「フード＆パッケージング」の集中的な拡大と、「基盤素材」領域における事業再構築の着実な実行に努めました",
      "opinions": []
    },
    {
      "sentence_id": 5,
      "sentence": "最終年度にあたる当連結会計年度においては、中期経営計画の基本戦略を推進するため、４つの事業領域に合わせた事業本部体制を確立し、次のとおり取り組みました",
      "opinions": []
    },
    {
      "sentence_id": 6,
      "sentence": "また、更なる持続的な成長を目指して、平成37年度を見据えた長期経営計画を策定しました",
      "opinions": []
    },
    {
      "sentence_id": 7,
      "sentence": "モビリティ領域では、ポリプロピレン（ＰＰ）コンパウンドやエラストマー等を中心とする機能樹脂製品が、自動車販売の増加に伴う需要拡大を受け、これまで実施してきた成長投資の順調な回収に貢献しました",
      "opinions": [
        {
          "target": "機能樹脂製品",
          "category": "product#amount",
          "polarity": "positive",
          "from": 41,
          "to": 47
        },
        {
          "target": "自動車販売",
          "category": "NULL#amount",
          "polarity": "positive",
          "from": 49,
          "to": 54
        }
      ]
    },
    {
      "sentence_id": 8,
      "sentence": "とりわけ自動車軽量化等による更なる需要増加が見込まれるＰＰコンパウンドについては、世界トップクラスの供給力を強固なものとするべく、世界８つの地域における生産能力を合計105万トンに増強することとしました",
      "opinions": []
    },
    {
      "sentence_id": 9,
      "sentence": "ヘルスケア領域では、メガネレンズ材料の販売が堅調に推移するとともに、平成28年３月の大型設備の運転開始によって、更なる拡販が可能な供給体制を構築しました",
      "opinions": [
        {
          "target": "メガネレンズ材料",
          "category": "product#amount",
          "polarity": "positive",
          "from": 10,
          "to": 18
        }
      ]
    },
    {
      "sentence_id": 10,
      "sentence": "不織布は、主な用途であるプレミアム紙おむつの今後の需要拡大に対応するため、タイや中国に続き、名古屋、四日市において生産能力を増強することとしました",
      "opinions": []
    },
    {
      "sentence_id": 11,
      "sentence": "歯科材料は、北米での営業体制を強化するなど持続的な成長に向けて取り組みました",
      "opinions": []
    },
    {
      "sentence_id": 12,
      "sentence": "フード＆パッケージング領域では、農薬の海外事業を拡大するため、インドPI社との合弁会社Solinnos社の設立、ベトナムCuulong社及び欧州Belchim社との事業・資本提携を進めました",
      "opinions": []
    },
    {
      "sentence_id": 13,
      "sentence": "パッケージング分野においては、安定した国内需要を捉えて機能性フィルム・シートの販売活動を行うとともに、環境に優しく機能性の高い世界初のポリウレタン材料であるフォルティモ®及びスタビオ®の用途開拓を加速しました",
      "opinions": []
    },
    {
      "sentence_id": 14,
      "sentence": "石化・基礎化学品を中心とする基盤素材領域では、国内最適生産体制の確立、安定的なフル稼働の継続等、事業再構築の効果を着実に発現させてまいりました",
      "opinions": []
    },
    {
      "sentence_id": 15,
      "sentence": "これにより、当連結会計年度の業績は以下のとおりとなりました",
      "opinions": []
    },
    {
      "sentence_id": 16,
      "sentence": "セグメント別の業績は、次のとおりであります",
      "opinions": []
    },
    {
      "sentence_id": 17,
      "sentence": "なお、当社は平成26年度中期経営計画における基本戦略の更なる推進を図るため、平成28年４月１日付で一部事業セグメントを見直しました",
      "opinions": []
    },
    {
      "sentence_id": 18,
      "sentence": "これに伴い当連結会計年度よりセグメントを一部変更しておりますので、前年同期比較にあたっては、前連結会計年度分を変更後のセグメントに組み替えて行っております",
      "opinions": []
    },
    {
      "sentence_id": 19,
      "sentence": "（モビリティ）",
      "opinions": []
    },
    {
      "sentence_id": 20,
      "sentence": "モビリティセグメントの売上高は、前連結会計年度に比べ249億円減の2,933億円、売上高全体に占める割合は24％となりました",
      "opinions": [
        {
          "target": "モビリティセグメント",
          "category": "business#sales",
          "polarity": "negative",
          "from": 0,
          "to": 10
        }
      ]
    },
    {
      "sentence_id": 21,
      "sentence": "また、営業利益は、販売数量が拡大したものの、円高の影響及び交易条件の悪化等により、前連結会計年度に比べ42億円減の407億円となりました",
      "opinions": [
        {
          "target": "営業利益",
          "category": "NULL#profit",
          "polarity": "negative",
          "from": 3,
          "to": 7
        },
        {
          "target": "販売数量",
          "category": "NULL#amount",
          "polarity": "positive",
          "from": 9,
          "to": 13
        }
      ]
    },
    {
      "sentence_id": 22,
      "sentence": "以上により、セグメント全体では、減収・減益となりました",
      "opinions": [
        {
          "target": "セグメント",
          "category": "business#sales",
          "polarity": "negative",
          "from": 6,
          "to": 11
        },
        {
          "target": "セグメント",
          "category": "business#profit",
          "polarity": "negative",
          "from": 6,
          "to": 11
        }
      ]
    },
    {
      "sentence_id": 23,
      "sentence": "自動車部品及び樹脂改質材用途を中心とするエラストマーは、販売は堅調に推移したものの、交易条件の悪化及び円高の影響を受けました",
      "opinions": [
        {
          "target": "エラストマー",
          "category": "product#amount",
          "polarity": "positive",
          "from": 20,
          "to": 26
        },
        {
          "target": "交易条件",
          "category": "NULL#general",
          "polarity": "negative",
          "from": 42,
          "to": 46
        }
      ]
    },
    {
      "sentence_id": 24,
      "sentence": "機能性コンパウンド製品は、円高の影響があったものの、中国コンパウンド新会社の立ち上がり等により、順調に販売を拡大しました",
      "opinions": [
        {
          "target": "機能性コンパウンド製品",
          "category": "product#amount",
          "polarity": "positive",
          "from": 0,
          "to": 11
        }
      ]
    },
    {
      "sentence_id": 25,
      "sentence": "ＩＣＴ（情報通信技術）関連用途を中心とする機能性ポリマーは、販売は堅調に推移したものの、円高の影響を受けました",
      "opinions": [
        {
          "target": "機能性ポリマー",
          "category": "product#amount",
          "polarity": "positive",
          "from": 21,
          "to": 28
        }
      ]
    },
    {
      "sentence_id": 26,
      "sentence": "海外ポリプロピレン・コンパウンド事業は、北米を中心に自動車生産台数は増加したものの、円高の影響を含む交易条件が悪化しました",
      "opinions": [
        {
          "target": "自動車生産台数",
          "category": "NULL#amount",
          "polarity": "positive",
          "from": 26,
          "to": 33
        },
        {
          "target": "交易条件",
          "category": "NULL#general",
          "polarity": "negative",
          "from": 50,
          "to": 54
        }
      ]
    },
    {
      "sentence_id": 27,
      "sentence": "（ヘルスケア）",
      "opinions": []
    },
    {
      "sentence_id": 28,
      "sentence": "ヘルスケアセグメントの売上高は、前連結会計年度に比べ269億円減の1,342億円、売上高全体に占める割合は11％となりました",
      "opinions": [
        {
          "target": "ヘルスケアセグメント",
          "category": "business#sales",
          "polarity": "negative",
          "from": 0,
          "to": 10
        }
      ]
    },
    {
      "sentence_id": 29,
      "sentence": "また、営業利益は、ビジョンケア材料等における堅調な販売及び歯科材料における固定費減少があったものの、不織布における販売数量の減少により、前連結会計年度に比べ15億円減の101億円となりました",
      "opinions": [
        {
          "target": "営業利益",
          "category": "NULL#profit",
          "polarity": "negative",
          "from": 3,
          "to": 7
        },
        {
          "target": "ビジョンケア材料",
          "category": "product#amount",
          "polarity": "positive",
          "from": 9,
          "to": 17
        },
        {
          "target": "歯科材料",
          "category": "product#cost",
          "polarity": "positive",
          "from": 29,
          "to": 33
        },
        {
          "target": "不織布",
          "category": "product#amount",
          "polarity": "negative",
          "from": 50,
          "to": 53
        }
      ]
    },
    {
      "sentence_id": 30,
      "sentence": "以上により、セグメント全体では、減収・減益となりました",
      "opinions": [
        {
          "target": "セグメント",
          "category": "business#sales",
          "polarity": "negative",
          "from": 6,
          "to": 11
        },
        {
          "target": "セグメント",
          "category": "business#profit",
          "polarity": "negative",
          "from": 6,
          "to": 11
        }
      ]
    },
    {
      "sentence_id": 31,
      "sentence": "ビジョンケア材料のメガネレンズ用材料は、販売が堅調に推移しました",
      "opinions": [
        {
          "target": "メガネレンズ用材料",
          "category": "product#amount",
          "polarity": "positive",
          "from": 9,
          "to": 18
        }
      ]
    },
    {
      "sentence_id": 32,
      "sentence": "不織布は、プレミアム紙おむつの消費が堅調に推移したものの、流通在庫の消化のために当社の販売は影響を受けました",
      "opinions": [
        {
          "target": "プレミアム紙おむつ",
          "category": "product#amount",
          "polarity": "positive",
          "from": 5,
          "to": 14
        }
      ]
    },
    {
      "sentence_id": 33,
      "sentence": "歯科材料は、前連結会計年度における決算期変更による販売数量の減少があるものの、欧米を中心に販売が堅調に推移しました",
      "opinions": [
        {
          "target": "歯科材料",
          "category": "product#amount",
          "polarity": "negative",
          "from": 0,
          "to": 4
        },
        {
          "target": "歯科材料",
          "category": "product#amount",
          "polarity": "positive",
          "from": 0,
          "to": 4
        }
      ]
    },
    {
      "sentence_id": 34,
      "sentence": "また、前連結会計年度における減損損失の計上により、のれん償却費等の固定費が減少しました",
      "opinions": [
        {
          "target": "のれん償却費等",
          "category": "NULL#cost",
          "polarity": "positive",
          "from": 25,
          "to": 32
        }
      ]
    },
    {
      "sentence_id": 35,
      "sentence": "（フード＆パッケージング）",
      "opinions": []
    },
    {
      "sentence_id": 36,
      "sentence": "フード＆パッケージングセグメントの売上高は、前連結会計年度に比べ127億円減の1,825億円、売上高全体に占める割合は15％となりました",
      "opinions": [
        {
          "target": "フード＆パッケージングセグメント",
          "category": "business#sales",
          "polarity": "negative",
          "from": 0,
          "to": 16
        }
      ]
    },
    {
      "sentence_id": 37,
      "sentence": "一方、営業利益は、円高の影響があったものの、堅調な販売により、前連結会計年度に比べに比べ３億円増の206億円となりました",
      "opinions": [
        {
          "target": "営業利益",
          "category": "NULL#profit",
          "polarity": "positive",
          "from": 3,
          "to": 7
        }
      ]
    },
    {
      "sentence_id": 38,
      "sentence": "以上により、セグメント全体では、減収・増益となりました",
      "opinions": [
        {
          "target": "セグメント",
          "category": "business#sales",
          "polarity": "negative",
          "from": 6,
          "to": 11
        },
        {
          "target": "セグメント",
          "category": "business#profit",
          "polarity": "positive",
          "from": 6,
          "to": 11
        }
      ]
    },
    {
      "sentence_id": 39,
      "sentence": "コーティング・機能材は、販売が堅調に推移しました",
      "opinions": [
        {
          "target": "コーティング・機能材",
          "category": "product#amount",
          "polarity": "positive",
          "from": 0,
          "to": 10
        }
      ]
    },
    {
      "sentence_id": 40,
      "sentence": "機能性フィルム・シートは、包装用フィルム分野における販売が堅調に推移しました",
      "opinions": [
        {
          "target": "包装用フィルム分野",
          "category": "business#amount",
          "polarity": "positive",
          "from": 13,
          "to": 22
        }
      ]
    },
    {
      "sentence_id": 41,
      "sentence": "農薬は、海外における販売数量が減少し、また、円高の影響を受けました",
      "opinions": [
        {
          "target": "農薬",
          "category": "product#amount",
          "polarity": "negative",
          "from": 0,
          "to": 2
        }
      ]
    },
    {
      "sentence_id": 42,
      "sentence": "（基盤素材）",
      "opinions": []
    },
    {
      "sentence_id": 43,
      "sentence": "基盤素材セグメントの売上高は、前連結会計年度に比べ652億円減の5,656億円、売上高全体に占める割合は47％となりました",
      "opinions": [
        {
          "target": "基盤素材セグメント",
          "category": "business#sales",
          "polarity": "negative",
          "from": 0,
          "to": 9
        }
      ]
    },
    {
      "sentence_id": 44,
      "sentence": "一方、営業利益は、当社が進めてきた事業構造改善の効果が発現したこと及び堅調な国内需要の影響により、前連結会計年度に比べ375億円増の385億円となりました",
      "opinions": [
        {
          "target": "営業利益",
          "category": "NULL#profit",
          "polarity": "positive",
          "from": 3,
          "to": 7
        },
        {
          "target": "国内需要",
          "category": "NULL#general",
          "polarity": "positive",
          "from": 38,
          "to": 42
        }
      ]
    },
    {
      "sentence_id": 45,
      "sentence": "以上により、セグメント全体では、減収・増益となりました",
      "opinions": [
        {
          "target": "セグメント",
          "category": "business#sales",
          "polarity": "negative",
          "from": 6,
          "to": 11
        },
        {
          "target": "セグメント",
          "category": "business#profit",
          "polarity": "positive",
          "from": 6,
          "to": 11
        }
      ]
    },
    {
      "sentence_id": 46,
      "sentence": "ナフサクラッカーの稼働率は、前連結会計年度を上回りました",
      "opinions": [
        {
          "target": "稼働率",
          "category": "NULL#general",
          "polarity": "positive",
          "from": 9,
          "to": 12
        }
      ]
    },
    {
      "sentence_id": 47,
      "sentence": "また、ポリエチレン及びポリプロピレンは、国内需要を背景に販売が堅調に推移しました",
      "opinions": [
        {
          "target": "ポリエチレン",
          "category": "product#amount",
          "polarity": "positive",
          "from": 3,
          "to": 9
        },
        {
          "target": "ポリプロピレン",
          "category": "product#amount",
          "polarity": "positive",
          "from": 11,
          "to": 18
        }
      ]
    },
    {
      "sentence_id": 48,
      "sentence": "フェノールは、前連結会計年度に比べ市況は低迷しましたが、事業構造改善の効果が徐々に現れております",
      "opinions": [
        {
          "target": "市況",
          "category": "market#general",
          "polarity": "negative",
          "from": 17,
          "to": 19
        }
      ]
    },
    {
      "sentence_id": 49,
      "sentence": "高純度テレフタル酸は、中国市況の低迷を背景に厳しい状況が続いているものの、事業構造改善の効果が発現しております",
      "opinions": []
    },
    {
      "sentence_id": 50,
      "sentence": "ポリウレタン材料は、事業構造改善による固定費の減少等により、収益が改善しております",
      "opinions": [
        {
          "target": "ポリウレタン材料",
          "category": "product#profit",
          "polarity": "positive",
          "from": 0,
          "to": 8
        },
        {
          "target": "固定費",
          "category": "NULL#cost",
          "polarity": "positive",
          "from": 19,
          "to": 22
        }
      ]
    },
    {
      "sentence_id": 51,
      "sentence": "（その他）",
      "opinions": []
    },
    {
      "sentence_id": 52,
      "sentence": "当セグメントの売上高は、前連結会計年度に比べ19億円減の367億円、売上高全体に占める割合は３％となりました",
      "opinions": [
        {
          "target": "当セグメント",
          "category": "business#sales",
          "polarity": "negative",
          "from": 0,
          "to": 6
        }
      ]
    },
    {
      "sentence_id": 53,
      "sentence": "また、営業損失は、前連結会計年度に比べ２億円増の３億円となりました",
      "opinions": [
        {
          "target": "営業損失",
          "category": "NULL#profit",
          "polarity": "negative",
          "from": 3,
          "to": 7
        }
      ]
    }
  ]
}