{
  "header": {
    "document_id": "E00962",
    "document_name": "キッセイ薬品工業株式会社",
    "doc_text": "有価証券報告書",
    "edi_id": "E00962",
    "security_code": "45470",
    "category33": "医薬品",
    "category17": "医薬品",
    "scale": "4"
  },
  "sentences": [
    {
      "sentence_id": 0,
      "sentence": "当連結会計年度におけるわが国経済は、欧米先進国での景況感の改善傾向や中国・アジア新興国での景気の持ち直しなどがあった一方、米国新政権が主導する経済政策の実現可能性への懸念もあり、先行き不透明な状況で推移しました",
      "opinions": [
        {
          "target": "わが国経済",
          "category": "NULL#general",
          "polarity": "neutral",
          "from": 11,
          "to": 16
        },
        {
          "target": "景況感",
          "category": "NULL#general",
          "polarity": "positive",
          "from": 25,
          "to": 28
        },
        {
          "target": "景気",
          "category": "NULL#general",
          "polarity": "positive",
          "from": 45,
          "to": 47
        }
      ]
    },
    {
      "sentence_id": 1,
      "sentence": "医薬品業界におきましては、後発品使用促進策等の医療費抑制策の進展に加え、昨年４月に実施されました薬価改定におきまして、新薬創出・適応外薬解消等促進加算の試行的導入が継続される一方で、特例市場拡大再算定や後発品への置き換えが進まない長期収載医薬品への特例的引下げが実施されるなど、引き続き厳しい経営環境のもとに推移しております",
      "opinions": [
        {
          "target": "医薬品業界",
          "category": "market#general",
          "polarity": "negative",
          "from": 0,
          "to": 5
        }
      ]
    },
    {
      "sentence_id": 2,
      "sentence": "また、情報サービス業界、物品販売業界、建設業界におきましては、企業におけるIT投資及び設備投資意欲に改善傾向が見られるものの、足元の景気は個人消費を中心に回復の足取りが弱く、依然として厳しい競争環境下にありました",
      "opinions": [
        {
          "target": "情報サービス業界",
          "category": "market#general",
          "polarity": "negative",
          "from": 3,
          "to": 11
        },
        {
          "target": "物品販売業界",
          "category": "market#general",
          "polarity": "negative",
          "from": 12,
          "to": 18
        },
        {
          "target": "建設業界",
          "category": "market#general",
          "polarity": "negative",
          "from": 19,
          "to": 23
        },
        {
          "target": "IT投資",
          "category": "NULL#general",
          "polarity": "positive",
          "from": 37,
          "to": 41
        },
        {
          "target": "設備投資意欲",
          "category": "NULL#general",
          "polarity": "positive",
          "from": 43,
          "to": 49
        },
        {
          "target": "個人消費",
          "category": "NULL#general",
          "polarity": "negative",
          "from": 69,
          "to": 73
        }
      ]
    },
    {
      "sentence_id": 3,
      "sentence": "このような状況下、当連結会計年度の業績は以下のとおりとなりました",
      "opinions": []
    },
    {
      "sentence_id": 4,
      "sentence": "・売上高（医薬品事業）の状況",
      "opinions": []
    },
    {
      "sentence_id": 5,
      "sentence": "医薬品事業の売上高は、614億５千４百万円（前連結会計年度比0.6％減）となりました",
      "opinions": [
        {
          "target": "医薬品事業",
          "category": "business#sales",
          "polarity": "negative",
          "from": 0,
          "to": 5
        }
      ]
    },
    {
      "sentence_id": 6,
      "sentence": "主力製品における積極的な医薬情報活動を推進いたしましたことなどにより、高リン血症治療薬「ピートルチュアブル錠」、前立腺肥大症に伴う排尿障害改善薬「ユリーフ錠」及び「ユリーフOD錠」、糖尿病治療薬「グルベス配合錠」並びに「グルファスト錠」及び「グルファストOD錠」などの売上が増加いたしました一方、技術料売上や国内販売提携先への供給額が減少いたしましたことなどにより減収となりました",
      "opinions": [
        {
          "target": "ピートルチュアブル錠",
          "category": "product#sales",
          "polarity": "positive",
          "from": 44,
          "to": 54
        },
        {
          "target": "ユリーフ錠",
          "category": "product#sales",
          "polarity": "positive",
          "from": 73,
          "to": 78
        },
        {
          "target": "ユリーフOD錠",
          "category": "product#sales",
          "polarity": "positive",
          "from": 82,
          "to": 89
        },
        {
          "target": "グルベス配合錠",
          "category": "product#sales",
          "polarity": "positive",
          "from": 98,
          "to": 105
        },
        {
          "target": "グルファスト錠",
          "category": "product#sales",
          "polarity": "positive",
          "from": 110,
          "to": 117
        },
        {
          "target": "グルファストOD錠",
          "category": "product#sales",
          "polarity": "positive",
          "from": 121,
          "to": 130
        },
        {
          "target": "技術料売上",
          "category": "NULL#sales",
          "polarity": "negative",
          "from": 148,
          "to": 153
        },
        {
          "target": "供給額",
          "category": "NULL#general",
          "polarity": "negative",
          "from": 163,
          "to": 166
        }
      ]
    },
    {
      "sentence_id": 7,
      "sentence": "また、前立腺肥大症に伴う排尿障害改善薬シロドシン（一般名、日本製品名ユリーフ）の北米・中南米における技術導出先でありますアラガン社（アメリカ）及び欧州・中東・アフリカなどにおける技術導出先でありますレコルダッチ社（イタリア）では、当連結会計年度におきましても引き続きそれぞれの許諾地域内において製品育成を進めております",
      "opinions": []
    },
    {
      "sentence_id": 8,
      "sentence": "なお、昨年12月にはアスペンジャパン株式会社との間で同社が製造・販売しております免疫抑制剤「イムラン錠」の日本国内におけるコ・プロモーション契約を締結し、本年１月より医薬情報活動を開始しております",
      "opinions": []
    },
    {
      "sentence_id": 9,
      "sentence": "・売上高（その他の事業）の状況",
      "opinions": []
    },
    {
      "sentence_id": 10,
      "sentence": "その他の事業の売上高は、102億５千１百万円（前連結会計年度比8.2％増）となりました",
      "opinions": [
        {
          "target": "事業",
          "category": "business#sales",
          "polarity": "positive",
          "from": 4,
          "to": 6
        }
      ]
    },
    {
      "sentence_id": 11,
      "sentence": "情報サービス業、物品販売業、建設請負業のそれぞれにおきまして増収となりました",
      "opinions": [
        {
          "target": "情報サービス業",
          "category": "business#sales",
          "polarity": "positive",
          "from": 0,
          "to": 7
        },
        {
          "target": "物品販売業",
          "category": "business#sales",
          "polarity": "positive",
          "from": 8,
          "to": 13
        },
        {
          "target": "建設請負業",
          "category": "business#sales",
          "polarity": "positive",
          "from": 14,
          "to": 19
        }
      ]
    },
    {
      "sentence_id": 12,
      "sentence": "・利益の状況",
      "opinions": []
    },
    {
      "sentence_id": 13,
      "sentence": "利益面では、売上原価率が上昇するとともに、販売費を主に販売費及び一般管理費が増加いたしましたことにより、営業利益、経常利益及び親会社株主に帰属する当期純利益は減益となりました",
      "opinions": [
        {
          "target": "売上原価率",
          "category": "NULL#cost",
          "polarity": "negative",
          "from": 6,
          "to": 11
        },
        {
          "target": "販売費及び一般管理費",
          "category": "NULL#cost",
          "polarity": "negative",
          "from": 27,
          "to": 37
        },
        {
          "target": "営業利益",
          "category": "NULL#profit",
          "polarity": "negative",
          "from": 52,
          "to": 56
        },
        {
          "target": "経常利益",
          "category": "NULL#profit",
          "polarity": "negative",
          "from": 57,
          "to": 61
        },
        {
          "target": "当期純利益",
          "category": "NULL#profit",
          "polarity": "negative",
          "from": 73,
          "to": 78
        }
      ]
    }
  ]
}