{
  "header": {
    "document_id": "E00976",
    "document_name": "沢井製薬株式会社",
    "doc_text": "訂正有価証券報告書",
    "edi_id": "E00976",
    "security_code": "45550",
    "category33": "医薬品",
    "category17": "医薬品",
    "scale": "4"
  },
  "sentences": [
    {
      "sentence_id": 0,
      "sentence": "当連結会計年度（平成28年４月１日～平成29年３月31日）におけるわが国経済は、政府・日銀による各種政策効果もあり、景気は緩やかな回復基調が続きました",
      "opinions": [
        {
          "target": "景気",
          "category": "NULL#general",
          "polarity": "positive",
          "from": 58,
          "to": 60
        }
      ]
    },
    {
      "sentence_id": 1,
      "sentence": "一方、個人消費の伸び悩み、中国をはじめとするアジア新興国経済の減速、米国新政権の政策変更等の影響もあり、先行きへの不透明感が高まりました",
      "opinions": [
        {
          "target": "個人消費",
          "category": "NULL#general",
          "polarity": "negative",
          "from": 3,
          "to": 7
        },
        {
          "target": "アジア新興国経済",
          "category": "NULL#general",
          "polarity": "negative",
          "from": 22,
          "to": 30
        }
      ]
    },
    {
      "sentence_id": 2,
      "sentence": "ジェネリック医薬品業界におきましては、平成27年６月末に閣議決定された「経済財政運営と改革の基本方針2015（以下、骨太の方針2015）」において、ジェネリック医薬品の数量シェア目標として、「平成29年央に70％以上とするとともに平成30年度から32年度末までの間のなるべく早い時期に80％以上とする」ことが掲げられたことを受け、平成28年４月には、保険薬局における「後発医薬品調剤体制加算」とＤＰＣ制度（ＤＰＣ／ＰＤＰＳ）における「後発医薬品指数」の要件見直し、医療機関における「後発医薬品使用体制加算」の指標見直しに加え、院内処方を行う診療所における「後発医薬品使用体制」に関する評価の新設（外来後発医薬品使用体制加算）、一般名処方の一層の推進等のジェネリック使用促進策を含む診療報酬改定が実施されたことから、薬局市場のみならず、病院市場や診療所市場においてもジェネリック医薬品の需要が伸長しました",
      "opinions": [
        {
          "target": "需要",
          "category": "NULL#general",
          "polarity": "positive",
          "from": 392,
          "to": 394
        }
      ]
    },
    {
      "sentence_id": 3,
      "sentence": "しかしながら、その一方で、既収載ジェネリック医薬品の薬価が３つに集約された影響、新規収載ジェネリック医薬品の薬価のさらなる引き下げ、大型品目を中心とした相次ぐＡＧ（オーソライズドジェネリック）の登場等が相まって、当期の収益環境は一段と厳しいものとなりました",
      "opinions": [
        {
          "target": "薬価",
          "category": "NULL#price",
          "polarity": "negative",
          "from": 54,
          "to": 56
        },
        {
          "target": "収益環境",
          "category": "NULL#general",
          "polarity": "negative",
          "from": 109,
          "to": 113
        }
      ]
    },
    {
      "sentence_id": 4,
      "sentence": "また、医療機関における多剤処方の減薬指導などによって医薬品市場全体の伸びが鈍化していることに加え、市場におけるジェネリック医薬品の数量シェアが「平成29年央に70％以上」とする中間目標値に近づきつつあること等が重なり、ジェネリック医薬品の数量の伸びは当初の想定より鈍化してきています",
      "opinions": [
        {
          "target": "医薬品市場",
          "category": "market#general",
          "polarity": "negative",
          "from": 26,
          "to": 31
        },
        {
          "target": "数量",
          "category": "NULL#amount",
          "polarity": "negative",
          "from": 119,
          "to": 121
        }
      ]
    },
    {
      "sentence_id": 5,
      "sentence": "このような厳しい環境におきましても、当社グループは、「なによりも患者さんのために」の企業理念のもと、中期経営計画「Ｍ１　ＴＲＵＳＴ　２０１８（以下、中計）」に掲げた各施策の実現に取り組んでまいりましたが、骨太の方針2015の中で新たな数量シェア目標が打ち出されたことを受けて、今後の市場予測の修正とそれに伴う設備投資計画の一部前倒し、並びに米国市場向けの製品開発スケジュール早期化に伴う研究開発投資計画の見直し等が生じたことから、中計を修正し、その概要を８月に発表しました",
      "opinions": []
    },
    {
      "sentence_id": 6,
      "sentence": "生産・供給体制面においては、設備投資計画の一部前倒しに加え、今後の安定供給体制をより確かなものとするため、７月より、全国６工場の主に製剤・包装等の業務を担う有期雇用社員約700名を、勤務地と業務を限定した新しい無期雇用社員（名称：工場正社員）へ転換すると共に、工場正社員の新規採用を拡大することとしました",
      "opinions": []
    },
    {
      "sentence_id": 7,
      "sentence": "工場の主戦力である有期雇用社員の無期雇用化を推進し、社員が長く活躍できる雇用環境を提供することで、より高度な知識と技術を持つ優秀な人材の確保と人材育成を行ってまいります",
      "opinions": []
    },
    {
      "sentence_id": 8,
      "sentence": "また、９月に、製剤を中心とする三田工場の近隣に、新たに包装専用の三田西工場が竣工したことで、全国７つの工場それぞれの特徴を活かした最適な製造工程の選択による生産効率のアップと生産能力の拡大が可能となりました",
      "opinions": []
    },
    {
      "sentence_id": 9,
      "sentence": "製品開発・販売面においては、６月に、『オランザピン細粒１％「サワイ」』を含む５成分９品目の新製品を発売、９月には、『エスエーワン®配合ＯＤ錠Ｔ20 / 配合ＯＤ錠Ｔ25』の販売、また、12月には『ボセンタン錠62.5mg「サワイ」』を含む６成分９品目の新製品を発売しました",
      "opinions": []
    },
    {
      "sentence_id": 10,
      "sentence": "海外事業においては、米国市場向け製品の研究開発に注力しており、米国市場向け２品目目となる選択的β3アドレナリン受容体作動性過活動膀胱治療剤ミラベグロン錠を米国食品医薬品局（ＦＤＡ）に申請し、９月に受理されました",
      "opinions": []
    },
    {
      "sentence_id": 11,
      "sentence": "また、既に申請済みのピタバスタチン錠において、日本のジェネリック専業メーカーとして初のパラグラフⅣによる医薬品簡略承認申請（ＡＮＤＡ）の承認を２月に取得しました",
      "opinions": []
    },
    {
      "sentence_id": 12,
      "sentence": "この結果、当連結会計年度の業績につきましては、売上高は132,428百万円（前期比7.2％増）、営業利益が20,633百万円（同11.0％減）、経常利益が20,557百万円（同10.7％減）、親会社株主に帰属する当期純利益が15,914百万円（同7.2％減）となりました",
      "opinions": [
        {
          "target": "売上高",
          "category": "NULL#sales",
          "polarity": "positive",
          "from": 23,
          "to": 26
        },
        {
          "target": "営業利益",
          "category": "NULL#profit",
          "polarity": "negative",
          "from": 48,
          "to": 52
        },
        {
          "target": "経常利益",
          "category": "NULL#profit",
          "polarity": "negative",
          "from": 72,
          "to": 76
        },
        {
          "target": "当期純利益",
          "category": "NULL#profit",
          "polarity": "negative",
          "from": 106,
          "to": 111
        }
      ]
    }
  ]
}