{
  "header": {
    "document_id": "E01173",
    "document_name": "ＳＥＣカーボン株式会社",
    "doc_text": "有価証券報告書",
    "edi_id": "E01173",
    "security_code": "53040",
    "category33": "ガラス・土石製品",
    "category17": "建設・資材",
    "scale": ""
  },
  "sentences": [
    {
      "sentence_id": 0,
      "sentence": "当連結会計年度の世界経済は、米国及び欧州では緩やかな回復が見られ、また新興国及び資源国において一部景気の持ち直しが見られるものの、英国のＥＵ離脱問題や米国の新政権移行に伴う不確実性もあり、先行き不透明な状況が続きました",
      "opinions": [
        {
          "target": "世界経済",
          "category": "NULL#general",
          "polarity": "neutral",
          "from": 8,
          "to": 12
        },
        {
          "target": "米国",
          "category": "NULL#general",
          "polarity": "positive",
          "from": 14,
          "to": 16
        },
        {
          "target": "欧州",
          "category": "NULL#general",
          "polarity": "positive",
          "from": 18,
          "to": 20
        },
        {
          "target": "景気",
          "category": "NULL#general",
          "polarity": "positive",
          "from": 49,
          "to": 51
        }
      ]
    },
    {
      "sentence_id": 1,
      "sentence": "我が国の経済においても、企業収益、雇用・所得環境の改善や設備投資の持ち直しが見られたものの、依然として個人消費は低調となりました",
      "opinions": [
        {
          "target": "企業収益",
          "category": "NULL#general",
          "polarity": "positive",
          "from": 12,
          "to": 16
        },
        {
          "target": "雇用",
          "category": "NULL#general",
          "polarity": "positive",
          "from": 17,
          "to": 19
        },
        {
          "target": "所得環境",
          "category": "NULL#general",
          "polarity": "positive",
          "from": 20,
          "to": 24
        },
        {
          "target": "設備投資",
          "category": "NULL#general",
          "polarity": "positive",
          "from": 28,
          "to": 32
        },
        {
          "target": "個人消費",
          "category": "NULL#general",
          "polarity": "negative",
          "from": 51,
          "to": 55
        }
      ]
    },
    {
      "sentence_id": 2,
      "sentence": "このような状況下、当社グループ（当社及び連結子会社）では、コストダウン、製品の拡販及び品質向上等、経営体質の強化に取組んでまいりました",
      "opinions": []
    },
    {
      "sentence_id": 3,
      "sentence": "しかしながら、当連結会計年度においては、国内外の炭素製品市場では需給不均衡の状態が継続したため、前連結会計年度に比べ販売数量は減少しました",
      "opinions": [
        {
          "target": "炭素製品市場",
          "category": "market#general",
          "polarity": "negative",
          "from": 24,
          "to": 30
        },
        {
          "target": "販売数量",
          "category": "NULL#amount",
          "polarity": "negative",
          "from": 58,
          "to": 62
        }
      ]
    },
    {
      "sentence_id": 4,
      "sentence": "また価格競争の激化や円高により販売単価も下落しました",
      "opinions": [
        {
          "target": "価格競争",
          "category": "NULL#general",
          "polarity": "negative",
          "from": 2,
          "to": 6
        },
        {
          "target": "販売単価",
          "category": "NULL#price",
          "polarity": "negative",
          "from": 15,
          "to": 19
        }
      ]
    },
    {
      "sentence_id": 5,
      "sentence": "その結果、売上高は127億２千７百万円となり、前連結会計年度に比べて35.3％の減収となりました",
      "opinions": [
        {
          "target": "売上高",
          "category": "NULL#sales",
          "polarity": "negative",
          "from": 5,
          "to": 8
        }
      ]
    },
    {
      "sentence_id": 6,
      "sentence": "損益面に関しましては、全社一丸となってコストダウンを進めたものの、売上高減少の影響が大きく、棚卸資産評価損を売上原価に計上したことから、営業損失は23億７千万円（前連結会計年度は４億２千５百万円の営業損失）となりました",
      "opinions": [
        {
          "target": "売上高",
          "category": "NULL#sales",
          "polarity": "negative",
          "from": 33,
          "to": 36
        },
        {
          "target": "営業損失",
          "category": "NULL#profit",
          "polarity": "negative",
          "from": 68,
          "to": 72
        }
      ]
    },
    {
      "sentence_id": 7,
      "sentence": "円高に伴う為替差損１億２千７百万円を営業外費用に計上したことから、経常損失は26億２千１百万円（前連結会計年度は６億１千３百万円の経常損失）となり、繰延税金資産の取り崩し５億７千９百万円を法人税等調整額に計上したことから、親会社株主に帰属する当期純損失は32億３千４百万円（前連結会計年度は５億５百万円の親会社株主に帰属する当期純損失）となりました",
      "opinions": [
        {
          "target": "経常損失",
          "category": "NULL#profit",
          "polarity": "negative",
          "from": 33,
          "to": 37
        },
        {
          "target": "当期純損失",
          "category": "NULL#profit",
          "polarity": "negative",
          "from": 121,
          "to": 126
        }
      ]
    },
    {
      "sentence_id": 8,
      "sentence": "なお、当社グループは炭素製品の製造・販売を主な事業とする単一セグメントでありますが、当連結会計年度における製品別の売上高については、次の通りであります",
      "opinions": []
    },
    {
      "sentence_id": 9,
      "sentence": "・アルミニウム製錬用カソードブロック",
      "opinions": []
    },
    {
      "sentence_id": 10,
      "sentence": "ＬＭＥアルミニウム価格に持ち直しの動きが見られるものの、未だアルミニウム製錬メーカーの設備投資を促す水準には至っておらず、更新需要の低迷、工場新増設の先送りにより販売数量が減少しました",
      "opinions": [
        {
          "target": "ＬＭＥアルミニウム価格",
          "category": "NULL#general",
          "polarity": "positive",
          "from": 0,
          "to": 11
        },
        {
          "target": "更新需要",
          "category": "NULL#general",
          "polarity": "negative",
          "from": 61,
          "to": 65
        },
        {
          "target": "工場新増設",
          "category": "NULL#general",
          "polarity": "negative",
          "from": 69,
          "to": 74
        },
        {
          "target": "販売数量",
          "category": "NULL#amount",
          "polarity": "negative",
          "from": 81,
          "to": 85
        }
      ]
    },
    {
      "sentence_id": 11,
      "sentence": "また厳しい価格競争や円高により販売単価が下落したため、売上高は42億１百万円となり、前連結会計年度に比べて37.2％の減収となりました",
      "opinions": [
        {
          "target": "販売単価",
          "category": "NULL#price",
          "polarity": "negative",
          "from": 15,
          "to": 19
        },
        {
          "target": "売上高",
          "category": "NULL#sales",
          "polarity": "negative",
          "from": 27,
          "to": 30
        }
      ]
    },
    {
      "sentence_id": 12,
      "sentence": "・人造黒鉛電極",
      "opinions": []
    },
    {
      "sentence_id": 13,
      "sentence": "中国の景気減速に伴う中国製鋼材の大量流出により、国内外において需給不均衡の状態が継続し鋼材市況は低迷しました",
      "opinions": [
        {
          "target": "中国",
          "category": "NULL#general",
          "polarity": "negative",
          "from": 0,
          "to": 2
        },
        {
          "target": "鋼材市況",
          "category": "market#general",
          "polarity": "negative",
          "from": 43,
          "to": 47
        }
      ]
    },
    {
      "sentence_id": 14,
      "sentence": "それに伴い人造黒鉛電極の需要は減少し、特に輸出においては価格競争がさらに激化し、採算の合わない販売を抑制したため、販売数量が減少しました",
      "opinions": [
        {
          "target": "需要",
          "category": "NULL#general",
          "polarity": "negative",
          "from": 12,
          "to": 14
        },
        {
          "target": "価格競争",
          "category": "NULL#general",
          "polarity": "negative",
          "from": 28,
          "to": 32
        },
        {
          "target": "販売数量",
          "category": "NULL#amount",
          "polarity": "negative",
          "from": 57,
          "to": 61
        }
      ]
    },
    {
      "sentence_id": 15,
      "sentence": "そのため、売上高は52億４千９百万円となり、前連結会計年度に比べて39.9％の減収となりました",
      "opinions": [
        {
          "target": "売上高",
          "category": "NULL#sales",
          "polarity": "negative",
          "from": 5,
          "to": 8
        }
      ]
    },
    {
      "sentence_id": 16,
      "sentence": "・特殊炭素製品",
      "opinions": []
    },
    {
      "sentence_id": 17,
      "sentence": "非鉄金属関連の需要家における在庫調整により販売数量が減少したため、売上高は20億２千４百万円となり、前連結会計年度に比べて24.3％の減収となりました",
      "opinions": [
        {
          "target": "販売数量",
          "category": "NULL#amount",
          "polarity": "negative",
          "from": 21,
          "to": 25
        },
        {
          "target": "売上高",
          "category": "NULL#sales",
          "polarity": "negative",
          "from": 33,
          "to": 36
        }
      ]
    },
    {
      "sentence_id": 18,
      "sentence": "・ファインパウダー及びその他炭素製品",
      "opinions": []
    },
    {
      "sentence_id": 19,
      "sentence": "リチウムイオン二次電池関係の販売数量が減少したため、売上高は12億５千２百万円となり、前連結会計年度に比べて20.6％の減収となりました",
      "opinions": [
        {
          "target": "リチウムイオン二次電池",
          "category": "product#amount",
          "polarity": "negative",
          "from": 0,
          "to": 11
        },
        {
          "target": "売上高",
          "category": "NULL#sales",
          "polarity": "negative",
          "from": 26,
          "to": 29
        }
      ]
    },
    {
      "sentence_id": 20,
      "sentence": "なお、上記金額には消費税等は含まれておりません",
      "opinions": []
    }
  ]
}