{
  "header": {
    "document_id": "E01334",
    "document_name": "株式会社フジクラ",
    "doc_text": "有価証券報告書",
    "edi_id": "E01334",
    "security_code": "58030",
    "category33": "非鉄金属",
    "category17": "鉄鋼・非鉄",
    "scale": "4"
  },
  "sentences": [
    {
      "sentence_id": 0,
      "sentence": "平成28年度のわが国経済は、株価や為替の不安定な動き等により、企業収益や個人消費に足踏み状態が続き、11月の米国大統領選挙後は新政権下での財政拡大路線が強まるとの期待感を背景に、米国金利上昇に伴い円安基調に転じたものの、景気の先行きは依然として不透明な状況で推移しました",
      "opinions": [
        {
          "target": "株価",
          "category": "NULL#general",
          "polarity": "negative",
          "from": 14,
          "to": 16
        },
        {
          "target": "為替",
          "category": "NULL#general",
          "polarity": "negative",
          "from": 17,
          "to": 19
        },
        {
          "target": "企業収益",
          "category": "NULL#general",
          "polarity": "negative",
          "from": 31,
          "to": 35
        },
        {
          "target": "個人消費",
          "category": "NULL#general",
          "polarity": "negative",
          "from": 36,
          "to": 40
        },
        {
          "target": "先行き",
          "category": "NULL#general",
          "polarity": "neutral",
          "from": 113,
          "to": 116
        }
      ]
    },
    {
      "sentence_id": 1,
      "sentence": "このような状況のもと、当社グループの売上高は6,537億円（前年度比3.6％減）、営業利益は342億円（同4.9％増）、経常利益は325億円（同32.2％増）となりました",
      "opinions": [
        {
          "target": "売上高",
          "category": "NULL#sales",
          "polarity": "negative",
          "from": 18,
          "to": 21
        },
        {
          "target": "営業利益",
          "category": "NULL#profit",
          "polarity": "positive",
          "from": 41,
          "to": 45
        },
        {
          "target": "経常利益",
          "category": "NULL#profit",
          "polarity": "positive",
          "from": 60,
          "to": 64
        }
      ]
    },
    {
      "sentence_id": 2,
      "sentence": "また、税金費用で過年度法人税等を計上した影響もあり、親会社株主に帰属する当期純利益は129億円（同14.0％増）となりました",
      "opinions": [
        {
          "target": "当期純利益",
          "category": "NULL#profit",
          "polarity": "positive",
          "from": 36,
          "to": 41
        }
      ]
    },
    {
      "sentence_id": 3,
      "sentence": "セグメント別の業績は次のとおりであります",
      "opinions": []
    },
    {
      "sentence_id": 4,
      "sentence": "なお、当連結会計年度より、報告セグメントの区分を変更しており、以下の前年度比較については、前年度の数値を変更後のセグメント区分に組み替えた数値で比較しております",
      "opinions": []
    },
    {
      "sentence_id": 5,
      "sentence": "エネルギー・情報通信カンパニー",
      "opinions": []
    },
    {
      "sentence_id": 6,
      "sentence": "当セグメントにつきましては、為替及び銅価下落の影響を受けたものの、情報通信事業部門の好調や品種構成の改善等により、売上高は前年度比4.6％減の3,496億円（当社単独ベースの受注高は前年度比5.0％減の1,869億円）、営業利益は同42.3％増の203億円となりました",
      "opinions": [
        {
          "target": "銅価下落",
          "category": "NULL#price",
          "polarity": "negative",
          "from": 18,
          "to": 22
        },
        {
          "target": "情報通信事業部門",
          "category": "business#general",
          "polarity": "positive",
          "from": 33,
          "to": 41
        },
        {
          "target": "売上高",
          "category": "NULL#sales",
          "polarity": "negative",
          "from": 57,
          "to": 60
        },
        {
          "target": "受注高",
          "category": "NULL#amount",
          "polarity": "negative",
          "from": 87,
          "to": 90
        },
        {
          "target": "営業利益",
          "category": "NULL#profit",
          "polarity": "positive",
          "from": 110,
          "to": 114
        }
      ]
    },
    {
      "sentence_id": 7,
      "sentence": "エレクトロニクスカンパニー",
      "opinions": []
    },
    {
      "sentence_id": 8,
      "sentence": "当セグメントにつきましては、為替の影響に加え、競争激化の影響を受けたこと等により、売上高は前年度比2.7％減の1,567億円（当社単独ベースの受注高は前年度比20.0％増の1,168億円）、営業利益は同38.4％減の75億円となりました",
      "opinions": [
        {
          "target": "売上高",
          "category": "NULL#sales",
          "polarity": "negative",
          "from": 41,
          "to": 44
        },
        {
          "target": "営業利益",
          "category": "NULL#profit",
          "polarity": "negative",
          "from": 95,
          "to": 99
        }
      ]
    },
    {
      "sentence_id": 9,
      "sentence": "自動車電装カンパニー",
      "opinions": []
    },
    {
      "sentence_id": 10,
      "sentence": "当セグメントにつきましては、出荷量は増加したものの、為替の影響を受けたことにより、売上高は前年度比2.0％減の1,331億円（当社単独ベースの受注高は前年度比3.1％減の282億円）、また構造改革による固定費削減等により、営業利益は同7.7％増の25億円となりました",
      "opinions": [
        {
          "target": "出荷量",
          "category": "NULL#amount",
          "polarity": "positive",
          "from": 14,
          "to": 17
        },
        {
          "target": "売上高",
          "category": "NULL#sales",
          "polarity": "negative",
          "from": 41,
          "to": 44
        },
        {
          "target": "営業利益",
          "category": "NULL#profit",
          "polarity": "positive",
          "from": 111,
          "to": 115
        }
      ]
    },
    {
      "sentence_id": 11,
      "sentence": "不動産カンパニー",
      "opinions": []
    },
    {
      "sentence_id": 12,
      "sentence": "当セグメントにつきましては、当社旧深川工場跡地再開発事業である「深川ギャザリア」の賃貸料更新等により、売上高は前年度比4.9％減の101億円、営業利益は同13.6％減の46億円となりました",
      "opinions": [
        {
          "target": "売上高",
          "category": "NULL#sales",
          "polarity": "negative",
          "from": 51,
          "to": 54
        },
        {
          "target": "営業利益",
          "category": "NULL#profit",
          "polarity": "negative",
          "from": 71,
          "to": 75
        }
      ]
    }
  ]
}