{
  "header": {
    "document_id": "E01529",
    "document_name": "株式会社加地テック",
    "doc_text": "有価証券報告書",
    "edi_id": "E01529",
    "security_code": "63910",
    "category33": "機械",
    "category17": "機械",
    "scale": ""
  },
  "sentences": [
    {
      "sentence_id": 0,
      "sentence": "当事業年度におけるわが国経済は、企業の収益環境は良好であり、緩やかな回復基調で推移しましたが、米国トランプ政権の保護主義的な政策運営や欧州政治情勢など、海外動向に不透明感が残るなか、依然として先行き不透明な状況が続いています",
      "opinions": [
        {
          "target": "わが国経済",
          "category": "NULL#general",
          "polarity": "neutral",
          "from": 9,
          "to": 14
        },
        {
          "target": "収益環境",
          "category": "NULL#general",
          "polarity": "positive",
          "from": 19,
          "to": 23
        },
        {
          "target": "海外動向",
          "category": "NULL#general",
          "polarity": "neutral",
          "from": 76,
          "to": 80
        }
      ]
    },
    {
      "sentence_id": 1,
      "sentence": "設備投資については、営業キャッシュフローを大幅に下回る状態が続くなど、慎重姿勢は残るものの、良好な収益環境を受けて、緩やかな増加が続いています",
      "opinions": [
        {
          "target": "設備投資",
          "category": "NULL#general",
          "polarity": "positive",
          "from": 0,
          "to": 4
        },
        {
          "target": "収益環境",
          "category": "NULL#general",
          "polarity": "positive",
          "from": 49,
          "to": 53
        }
      ]
    },
    {
      "sentence_id": 2,
      "sentence": "このような状況下、当事業年度における業績は、当年度の国内における燃料電池車（FCV）用の水素ステーションの建設実施件数が前年度と比べ減少し、当社の超高圧水素圧縮機の案件についても減少したことに加え、海外市場における石油精製・石油化学案件が減少したこと等により売上高が、前年同期比6.5％減の5,072百万円となりました",
      "opinions": [
        {
          "target": "水素ステーション",
          "category": "product#amount",
          "polarity": "negative",
          "from": 44,
          "to": 52
        },
        {
          "target": "超高圧水素圧縮機",
          "category": "product#amount",
          "polarity": "negative",
          "from": 73,
          "to": 81
        },
        {
          "target": "石油精製",
          "category": "product#amount",
          "polarity": "negative",
          "from": 107,
          "to": 111
        },
        {
          "target": "石油化学案件",
          "category": "product#amount",
          "polarity": "negative",
          "from": 112,
          "to": 118
        },
        {
          "target": "売上高",
          "category": "NULL#sales",
          "polarity": "negative",
          "from": 129,
          "to": 132
        }
      ]
    },
    {
      "sentence_id": 3,
      "sentence": "売上総利益は前述の売上高が減少したこと等により前年同期比2.9％減の1,309百万円となりました",
      "opinions": [
        {
          "target": "売上総利益",
          "category": "NULL#profit",
          "polarity": "negative",
          "from": 0,
          "to": 5
        },
        {
          "target": "売上高",
          "category": "NULL#sales",
          "polarity": "negative",
          "from": 9,
          "to": 12
        }
      ]
    },
    {
      "sentence_id": 4,
      "sentence": "売上総利益の減少に加え、販売費及び一般管理費においては、販売促進強化の目的から見積の為の費用が増加したこと等により前年同期比97百万円増加し、営業利益は前年同期比27.3％減の363百万円、経常利益は前年同期比28.6％減の360百万円、当期純利益は前年同期比21.2％減の251百万円となりました",
      "opinions": [
        {
          "target": "売上総利益",
          "category": "NULL#profit",
          "polarity": "negative",
          "from": 0,
          "to": 5
        },
        {
          "target": "販売費及び一般管理費",
          "category": "NULL#cost",
          "polarity": "negative",
          "from": 12,
          "to": 22
        },
        {
          "target": "費用",
          "category": "NULL#cost",
          "polarity": "negative",
          "from": 44,
          "to": 46
        },
        {
          "target": "営業利益",
          "category": "NULL#profit",
          "polarity": "negative",
          "from": 71,
          "to": 75
        },
        {
          "target": "経常利益",
          "category": "NULL#profit",
          "polarity": "negative",
          "from": 95,
          "to": 99
        },
        {
          "target": "当期純利益",
          "category": "NULL#profit",
          "polarity": "negative",
          "from": 119,
          "to": 124
        }
      ]
    }
  ]
}