{
  "header": {
    "document_id": "E01620",
    "document_name": "フリージア・マクロス株式会社",
    "doc_text": "有価証券報告書",
    "edi_id": "E01620",
    "security_code": "63430",
    "category33": "機械",
    "category17": "機械",
    "scale": ""
  },
  "sentences": [
    {
      "sentence_id": 0,
      "sentence": "当連結会計年度におけるわが国経済は、雇用・所得環境の改善が続く中、個人消費も回復の兆しが見え、また、輸出の持ち直しや公共投資の増加などにより景気は穏やかに回復しております",
      "opinions": [
        {
          "target": "雇用",
          "category": "NULL#general",
          "polarity": "positive",
          "from": 18,
          "to": 20
        },
        {
          "target": "所得環境",
          "category": "NULL#general",
          "polarity": "positive",
          "from": 21,
          "to": 25
        },
        {
          "target": "個人消費",
          "category": "NULL#general",
          "polarity": "positive",
          "from": 33,
          "to": 37
        },
        {
          "target": "輸出",
          "category": "NULL#general",
          "polarity": "positive",
          "from": 50,
          "to": 52
        },
        {
          "target": "公共投資",
          "category": "NULL#general",
          "polarity": "positive",
          "from": 58,
          "to": 62
        },
        {
          "target": "景気",
          "category": "NULL#general",
          "polarity": "positive",
          "from": 70,
          "to": 72
        }
      ]
    },
    {
      "sentence_id": 1,
      "sentence": "しかしながら、新興国の景気減速や米国の経済政策による影響が懸念され、先行き不透明な状況にあります",
      "opinions": []
    },
    {
      "sentence_id": 2,
      "sentence": "かかる情勢の下での当社グループ（当社、連結子会社及び持分法適用会社）の経営成績は、用地代・建築コストが依然として高止まりの状況にあることから引き続きマンション建設事業を抑制したことによる売上高の減少、及び前年同期に伸長をした東北の復興需要による型枠製造に係る売上高の反動減の結果、売上高は、8,744百万円と前年同期に比べ1,489百万円（14.6％）減少、営業利益は、594百万円と前年同期に比べ463百万円（43.8％）減少し、経常利益は、574百万円と前年同期に比べて440百万円（43.4％）減少しました",
      "opinions": [
        {
          "target": "当社グループ",
          "category": "company#cost",
          "polarity": "negative",
          "from": 9,
          "to": 15
        },
        {
          "target": "当社グループ",
          "category": "company#sales",
          "polarity": "negative",
          "from": 9,
          "to": 15
        },
        {
          "target": "当社グループ",
          "category": "company#profit",
          "polarity": "negative",
          "from": 9,
          "to": 15
        },
        {
          "target": "売上高",
          "category": "NULL#sales",
          "polarity": "negative",
          "from": 93,
          "to": 96
        },
        {
          "target": "売上高",
          "category": "NULL#sales",
          "polarity": "negative",
          "from": 129,
          "to": 132
        }
      ]
    },
    {
      "sentence_id": 3,
      "sentence": "親会社株主に帰属する当期純利益は、投資有価証券売却益1,349百万円を計上したこともあり、879百万円と前年同期に比べて626百万円（247.0％）の増加となりました",
      "opinions": [
        {
          "target": "当期純利益",
          "category": "NULL#profit",
          "polarity": "positive",
          "from": 10,
          "to": 15
        }
      ]
    },
    {
      "sentence_id": 4,
      "sentence": "セグメントの業績は、次のとおりであります",
      "opinions": []
    },
    {
      "sentence_id": 5,
      "sentence": "①製造供給事業",
      "opinions": []
    },
    {
      "sentence_id": 6,
      "sentence": "本事業においては、プラスチック押出機及び試験機などの売上は堅調に推移したものの、前年同期に伸長をした東北の復興需要による型枠製造に係る売上高の反動減を補うまでには至らず、売上高は2,887百万円と前年同期に比べ712百万円減少し、セグメント損失は112百万円（前年同期セグメント利益204百万円）となりました",
      "opinions": [
        {
          "target": "本事業",
          "category": "business#sales",
          "polarity": "negative",
          "from": 0,
          "to": 3
        },
        {
          "target": "本事業",
          "category": "business#profit",
          "polarity": "negative",
          "from": 0,
          "to": 3
        },
        {
          "target": "プラスチック押出機",
          "category": "product#sales",
          "polarity": "positive",
          "from": 9,
          "to": 18
        },
        {
          "target": "試験機",
          "category": "product#sales",
          "polarity": "positive",
          "from": 20,
          "to": 23
        },
        {
          "target": "売上高",
          "category": "NULL#sales",
          "polarity": "negative",
          "from": 67,
          "to": 70
        }
      ]
    },
    {
      "sentence_id": 7,
      "sentence": "②住宅関連事業",
      "opinions": []
    },
    {
      "sentence_id": 8,
      "sentence": "本事業においては、マンション建設事業を抑制したことにより、売上高は6,177百万円と前年同期に比べ774百万円減少しました",
      "opinions": [
        {
          "target": "本事業",
          "category": "business#sales",
          "polarity": "negative",
          "from": 0,
          "to": 3
        }
      ]
    },
    {
      "sentence_id": 9,
      "sentence": "セグメント利益は、防蟻・防水・断熱工事等の住宅関連事業において収益性が向上し、セグメント利益の向上に貢献はしたものの、上記売上高の減少を補うまでには至らず、645百万円と前年同期に比べ56百万円減少しました",
      "opinions": [
        {
          "target": "セグメント利益",
          "category": "NULL#profit",
          "polarity": "negative",
          "from": 0,
          "to": 7
        },
        {
          "target": "住宅関連事業",
          "category": "business#profit",
          "polarity": "positive",
          "from": 21,
          "to": 27
        },
        {
          "target": "上記売上高",
          "category": "NULL#sales",
          "polarity": "negative",
          "from": 59,
          "to": 64
        }
      ]
    },
    {
      "sentence_id": 10,
      "sentence": "③投資・流通サービス事業",
      "opinions": []
    },
    {
      "sentence_id": 11,
      "sentence": "本事業においては、売上高は535百万円と前年同期に比べ25百万円減少し、セグメント利益は、82百万円と前年同期に比べ75百万円の減少となりました",
      "opinions": [
        {
          "target": "売上高",
          "category": "NULL#sales",
          "polarity": "negative",
          "from": 9,
          "to": 12
        },
        {
          "target": "セグメント利益",
          "category": "NULL#profit",
          "polarity": "negative",
          "from": 36,
          "to": 43
        }
      ]
    }
  ]
}