{
  "header": {
    "document_id": "E01624",
    "document_name": "株式会社宮入バルブ製作所",
    "doc_text": "有価証券報告書",
    "edi_id": "E01624",
    "security_code": "64950",
    "category33": "機械",
    "category17": "機械",
    "scale": ""
  },
  "sentences": [
    {
      "sentence_id": 0,
      "sentence": "当事業年度におけるわが国経済は、企業収益や設備投資に改善が見られ、景気は緩やかな回復基調で推移しましたが、英国のＥＵ離脱問題や米国の大統領選挙の結果、欧州でのテロや極東地域の政情不安などの影響により海外経済の不確実性が高まるなか、為替市場や国際商品市況が不安定な状況で推移いたしました",
      "opinions": [
        {
          "target": "企業収益",
          "category": "NULL#general",
          "polarity": "positive",
          "from": 16,
          "to": 20
        },
        {
          "target": "設備投資",
          "category": "NULL#general",
          "polarity": "positive",
          "from": 21,
          "to": 25
        },
        {
          "target": "景気",
          "category": "NULL#general",
          "polarity": "positive",
          "from": 33,
          "to": 35
        },
        {
          "target": "極東地域",
          "category": "NULL#general",
          "polarity": "negative",
          "from": 82,
          "to": 86
        },
        {
          "target": "海外経済",
          "category": "NULL#general",
          "polarity": "negative",
          "from": 99,
          "to": 103
        },
        {
          "target": "為替市場",
          "category": "NULL#general",
          "polarity": "negative",
          "from": 115,
          "to": 119
        },
        {
          "target": "国際商品市況",
          "category": "NULL#general",
          "polarity": "negative",
          "from": 120,
          "to": 126
        }
      ]
    },
    {
      "sentence_id": 1,
      "sentence": "このような状況のなか、当事業年度の売上高は、ＬＰガス容器用弁については年初からの販売価格の見直しにより販売単価は改善しましたが、ＬＰガス容器の耐圧検査需要が伸び悩むなかで競合他社との競争が激化したことにより前年対比で減少しました",
      "opinions": [
        {
          "target": "売上高",
          "category": "NULL#sales",
          "polarity": "negative",
          "from": 17,
          "to": 20
        },
        {
          "target": "弁",
          "category": "product#price",
          "polarity": "positive",
          "from": 29,
          "to": 30
        },
        {
          "target": "耐圧検査需要",
          "category": "NULL#general",
          "polarity": "negative",
          "from": 71,
          "to": 77
        },
        {
          "target": "競争",
          "category": "NULL#general",
          "polarity": "negative",
          "from": 91,
          "to": 93
        }
      ]
    },
    {
      "sentence_id": 2,
      "sentence": "また、鉄鋼製装置用弁は、年初からの販売価格の見直しに対し前期末に駆け込み需要があったこと、および造船市場の冷え込みにより海上用輸送用弁が減少したため前年対比で減少しました",
      "opinions": [
        {
          "target": "弁",
          "category": "product#general",
          "polarity": "negative",
          "from": 9,
          "to": 10
        },
        {
          "target": "造船市場",
          "category": "market#general",
          "polarity": "negative",
          "from": 48,
          "to": 52
        },
        {
          "target": "弁",
          "category": "product#amount",
          "polarity": "negative",
          "from": 66,
          "to": 67
        }
      ]
    },
    {
      "sentence_id": 3,
      "sentence": "以上により、売上高は4,514百万円（前年同期比12.0％減）となりました",
      "opinions": [
        {
          "target": "売上高",
          "category": "NULL#sales",
          "polarity": "negative",
          "from": 6,
          "to": 9
        }
      ]
    },
    {
      "sentence_id": 4,
      "sentence": "損益面につきましては、主要原材料の黄銅材価格が当期の後半より上昇したものの平均して前期より低い水準で推移したこと、および原価低減施策（工場の稼働率の維持・向上を目指し平準化生産を徹底したことや部品の内製化を進めたこと）が奏功し利益改善につながりました",
      "opinions": [
        {
          "target": "黄銅材価格",
          "category": "NULL#cost",
          "polarity": "negative",
          "from": 17,
          "to": 22
        }
      ]
    },
    {
      "sentence_id": 5,
      "sentence": "この結果、売上高総利益率は前期15.2％から当期18.7％と3.5ポイント改善し、営業利益は117百万円（前年同期比44.4％増）、経常利益は111百万円（前年同期比66.2％増）となりました",
      "opinions": [
        {
          "target": "売上高総利益率",
          "category": "NULL#profit",
          "polarity": "positive",
          "from": 5,
          "to": 12
        },
        {
          "target": "営業利益",
          "category": "NULL#profit",
          "polarity": "positive",
          "from": 41,
          "to": 45
        },
        {
          "target": "経常利益",
          "category": "NULL#profit",
          "polarity": "positive",
          "from": 66,
          "to": 70
        }
      ]
    },
    {
      "sentence_id": 6,
      "sentence": "また、特別利益に破産更生債権等（全額引当済）に計上していたＭＳエイジア株式会社等に対する債権回収として71百万円、甲府工場設置の太陽光発電等に係る補助金収入48百万円および役員退職慰労引当金戻入額17百万円を計上し、一方で、特別損失に事業撤退損24百万円を計上したことにより当期純利益は199百万円（前年同期比13.0％減）となりました",
      "opinions": [
        {
          "target": "当期純利益",
          "category": "NULL#profit",
          "polarity": "negative",
          "from": 137,
          "to": 142
        }
      ]
    },
    {
      "sentence_id": 7,
      "sentence": "次に、債権回収の状況についてご説明申し上げます",
      "opinions": []
    },
    {
      "sentence_id": 8,
      "sentence": "<１>30億５千万円の借主（ＭＳエイジア株式会社）の連帯保証人（小林達也氏）に対する債権回収",
      "opinions": []
    },
    {
      "sentence_id": 9,
      "sentence": "平成26年６月から東京地方裁判所によって進められてきた破産手続きにより平成28年11月22日に最終配当71百万円が確定し、当社は平成28年12月１日に配当金を受領しましたので全ての手続きが完了しました",
      "opinions": []
    },
    {
      "sentence_id": 10,
      "sentence": "<２>上記貸付に関する当時の役員に対する損害賠償請求",
      "opinions": []
    },
    {
      "sentence_id": 11,
      "sentence": "当社は和解が成立した元取締役２名および死去により訴訟を取下げた元取締役１名を除く、元役員８名に対し会社法に基づく損害賠償を求めた訴訟を東京地方裁判所に提起しておりましたが、平成28年９月15日に当社請求を棄却するとの判決を受けました",
      "opinions": []
    },
    {
      "sentence_id": 12,
      "sentence": "本訴訟は判決まで３年以上の日時を要しており、各被告の状況変化が大きく、たとえ当社請求が認められたとしても賠償金の回収可能性が著しく低くなっているという現実的な判断のもとに控訴を取りやめ、本件手続きを終了しました",
      "opinions": []
    },
    {
      "sentence_id": 13,
      "sentence": "<３>西日本宮入販売株式会社との訴訟",
      "opinions": []
    },
    {
      "sentence_id": 14,
      "sentence": "西日本宮入販売株式会社は当社に対し、平成25年９月26日に継続的製品供給契約に係る債務不履行および不法行為に基づく損害賠償請求訴訟（損害402百万円のうち、一部請求金額100百万円）を東京地方裁判所に提起し、これに対し、当社は西日本宮入販売株式会社が売買代金236,924,472円及び貸付金15,000,000円の合計251,924,472円を支払わなかったとして反訴を提起しておりましたが、平成28年11月16日に東京地方裁判所は西日本宮入販売株式会社の請求を棄却するとともに、同社に対し、当社に251,924,472円を支払うよう命じる判決を下しました",
      "opinions": []
    },
    {
      "sentence_id": 15,
      "sentence": "西日本宮入販売株式会社はこれを不服として平成28年11月29日に東京高等裁判所に控訴し現在、係属中です",
      "opinions": []
    },
    {
      "sentence_id": 16,
      "sentence": "当社といたしましては、今後も適切に対処していく方針であります",
      "opinions": []
    },
    {
      "sentence_id": 17,
      "sentence": "次期の見通しにつきましては、当社の主力製品であるＬＰガス容器用弁については、当事業年度を通じて販売単価の是正が浸透したことから、競合条件に大きな変動要因がなく、リレーションシップ営業の強化を図っておりますので、次期の販売数量の増加が見込まれます",
      "opinions": []
    },
    {
      "sentence_id": 18,
      "sentence": "ＬＰＧ設備用弁類・機器は、バルク用付属機器について、バルク貯槽の20年交換需要が本格化することから大幅な増加が見込まれます",
      "opinions": []
    },
    {
      "sentence_id": 19,
      "sentence": "また、当事業年度に設置した新事業本部による新たな事業分野の開拓（食品加工用サニタリー弁、一般配管用汎用弁）を積極化させ、売上高増強を図ります",
      "opinions": []
    },
    {
      "sentence_id": 20,
      "sentence": "鉄鋼製装置用弁については、引き続き造船市場の冷え込みが予想されるため、ＬＮＧや液体窒素を中心とした低温弁を強化し、売上高の確保を図ります",
      "opinions": []
    },
    {
      "sentence_id": 21,
      "sentence": "当社は、イタリアの有力バルブメーカーであるカバーニャ・グループ（以下「カバーニャ」）の持株会社であるパルテカ社と平成28年６月に「業務提携に向けた提携分野の調査・検討に関する覚書」を締結し、共同で具体的な提携分野についての協議を進めております",
      "opinions": []
    },
    {
      "sentence_id": 22,
      "sentence": "現在のところ、当社の海外向け製品のカバーニャによるＯＥＭ生産、当社の既存製品のカバーニャに対する供給、当社の国内向け新製品のカバーニャとの共同開発、カバーニャの既存製品の当社に対する供給、カバーニャの国内向け製品の当社による評価および供給、両社ともに使用する部材の共同購買、両社にとっての新製品の共同開発等の分野で具体的な案件を発掘し協議を継続しております",
      "opinions": []
    },
    {
      "sentence_id": 23,
      "sentence": "両社は中長期的な提携関係を発展させることを基本合意しており、両社にとって即効性よりも中長期的な成長を支える関係構築を目指しております",
      "opinions": []
    },
    {
      "sentence_id": 24,
      "sentence": "現時点における次期の業績予想は、売上高4,661百万円（当期4,514百万円）、営業利益105百万円（当期117百万円）、経常利益100百万円（当期111百万円）、当期純利益82百万円（当期199百万円）を見込んでおります",
      "opinions": []
    }
  ]
}