{
  "header": {
    "document_id": "E01629",
    "document_name": "キクカワエンタープライズ株式会社",
    "doc_text": "有価証券報告書",
    "edi_id": "E01629",
    "security_code": "63460",
    "category33": "機械",
    "category17": "機械",
    "scale": ""
  },
  "sentences": [
    {
      "sentence_id": 0,
      "sentence": "当事業年度における我が国の経済情勢は、企業業績は緩やかに改善し、個人消費は底堅く緩やかな景気回復基調のもとで推移いたしました",
      "opinions": [
        {
          "target": "経済情勢",
          "category": "NULL#general",
          "polarity": "positive",
          "from": 13,
          "to": 17
        },
        {
          "target": "企業業績",
          "category": "NULL#general",
          "polarity": "positive",
          "from": 19,
          "to": 23
        },
        {
          "target": "個人消費",
          "category": "NULL#general",
          "polarity": "positive",
          "from": 32,
          "to": 36
        }
      ]
    },
    {
      "sentence_id": 1,
      "sentence": "当社製品に関連の深い各種指標を見てみますと、国土交通省が発表した2016年の新設住宅着工戸数は、低金利政策の恩恵を受けて2年連続の増加の96万戸超となるなど堅調な状況が続きました",
      "opinions": [
        {
          "target": "新設住宅着工戸数",
          "category": "NULL#general",
          "polarity": "positive",
          "from": 38,
          "to": 46
        }
      ]
    },
    {
      "sentence_id": 2,
      "sentence": "しかしながら、日本工作機械工業会による2016年度の工作機械受注額は前年比7.9％減の1兆2,891億円となるなど、ものづくり産業全般の設備投資動向については、やや厳しい環境下におかれております",
      "opinions": [
        {
          "target": "工作機械受注額",
          "category": "NULL#general",
          "polarity": "negative",
          "from": 26,
          "to": 33
        },
        {
          "target": "設備投資動向",
          "category": "NULL#general",
          "polarity": "negative",
          "from": 68,
          "to": 74
        }
      ]
    },
    {
      "sentence_id": 3,
      "sentence": "一方で海外におきましては、年度前半は英国のＥＵ離脱などの不安定要因があったものの、大きなサプライズとなった米国の大統領選挙の結果を受けて、全般的には世界的に景気状況に改善の兆しが現れつつあります",
      "opinions": []
    },
    {
      "sentence_id": 4,
      "sentence": "このような環境のもと、当事業年度における売上高は、前年比5.6％減の4,115,823千円（うち輸出1,060,577千円　全売上高の25.8％）と２年連続の減収となりました",
      "opinions": [
        {
          "target": "売上高",
          "category": "NULL#sales",
          "polarity": "negative",
          "from": 20,
          "to": 23
        }
      ]
    },
    {
      "sentence_id": 5,
      "sentence": "なお、機種分類別の内訳と致しましては、木工機械については大型案件の堅調な需要があり、前年比30.0％増の2,728,073千円(うち輸出673,860千円)となりましたが、工作機械については海外市場の落ち込みや航空機関連等の低迷により、前年比38.7％減の1,387,750千円(うち輸出386,717千円)となりました",
      "opinions": [
        {
          "target": "木工機械",
          "category": "product#sales",
          "polarity": "positive",
          "from": 19,
          "to": 23
        },
        {
          "target": "需要",
          "category": "NULL#general",
          "polarity": "positive",
          "from": 36,
          "to": 38
        },
        {
          "target": "工作機械",
          "category": "product#sales",
          "polarity": "negative",
          "from": 86,
          "to": 90
        },
        {
          "target": "海外市場",
          "category": "NULL#general",
          "polarity": "negative",
          "from": 95,
          "to": 99
        },
        {
          "target": "航空機関連等",
          "category": "NULL#general",
          "polarity": "negative",
          "from": 105,
          "to": 111
        }
      ]
    },
    {
      "sentence_id": 6,
      "sentence": "しかしながら損益面では、生産性の向上などにより営業利益524,688千円（前年度は498,077千円）、経常利益579,365千円（前年度は518,540千円）、当期純利益474,426千円（前年度は377,335千円）となり、それぞれ２年ぶりの増益となりました",
      "opinions": [
        {
          "target": "生産性",
          "category": "NULL#general",
          "polarity": "positive",
          "from": 12,
          "to": 15
        },
        {
          "target": "営業利益",
          "category": "NULL#profit",
          "polarity": "positive",
          "from": 23,
          "to": 27
        },
        {
          "target": "経常利益",
          "category": "NULL#profit",
          "polarity": "positive",
          "from": 52,
          "to": 56
        },
        {
          "target": "当期純利益",
          "category": "NULL#profit",
          "polarity": "positive",
          "from": 81,
          "to": 86
        }
      ]
    }
  ]
}