{
  "header": {
    "document_id": "E01798",
    "document_name": "東亜ディーケーケー株式会社",
    "doc_text": "有価証券報告書",
    "edi_id": "E01798",
    "security_code": "68480",
    "category33": "電気機器",
    "category17": "電機・精密",
    "scale": "7"
  },
  "sentences": [
    {
      "sentence_id": 0,
      "sentence": "当連結会計年度（平成28年４月１日～平成29年３月31日）の世界経済は、米国や欧州の景気は穏やかな回復を見せましたが、中国経済は減速傾向が続き、わが国経済も企業収益や設備投資の持ち直しの動きに足踏みが見られました",
      "opinions": [
        {
          "target": "景気",
          "category": "NULL#general",
          "polarity": "positive",
          "from": 42,
          "to": 44
        },
        {
          "target": "中国経済",
          "category": "NULL#general",
          "polarity": "negative",
          "from": 59,
          "to": 63
        },
        {
          "target": "企業収益",
          "category": "NULL#general",
          "polarity": "neutral",
          "from": 78,
          "to": 82
        },
        {
          "target": "設備投資",
          "category": "NULL#general",
          "polarity": "neutral",
          "from": 83,
          "to": 87
        }
      ]
    },
    {
      "sentence_id": 1,
      "sentence": "為替相場も年初から円高が進み、昨年11月以降円安に転じたものの、通年では円高傾向となり不透明かつ不安定感の中で推移しました",
      "opinions": [
        {
          "target": "為替相場",
          "category": "NULL#general",
          "polarity": "neutral",
          "from": 0,
          "to": 4
        }
      ]
    },
    {
      "sentence_id": 2,
      "sentence": "このような厳しい経営環境の中で、中間期は減収減益を余儀なくされましたが、通期では中国向け環境用水質分析計をはじめとする海外輸出の大幅な増進に加えて、医療関連機器を含む計測機器事業全般が回復し増収となりました",
      "opinions": [
        {
          "target": "海外輸出",
          "category": "NULL#general",
          "polarity": "positive",
          "from": 59,
          "to": 63
        },
        {
          "target": "計測機器事業",
          "category": "business#general",
          "polarity": "positive",
          "from": 83,
          "to": 89
        }
      ]
    },
    {
      "sentence_id": 3,
      "sentence": "当連結会計年度の売上高は、不動産賃貸事業では埼玉県狭山市の貸店舗契約満了による解約により減少したものの、計測機器事業を含め全体としては増収となりました",
      "opinions": [
        {
          "target": "売上高",
          "category": "NULL#sales",
          "polarity": "positive",
          "from": 8,
          "to": 11
        },
        {
          "target": "不動産賃貸事業",
          "category": "business#sales",
          "polarity": "negative",
          "from": 13,
          "to": 20
        }
      ]
    },
    {
      "sentence_id": 4,
      "sentence": "利益面では、主たる計測機器事業の増収と生産合理化効果で不動産賃貸事業の減益をカバーできたことで営業利益は微減、経常利益は増加、加えて、前述の賃貸用不動産として所有しておりました狭山市の土地及び建物の売却益を計上したことにより、親会社株主に帰属する当期純利益は平成12年10月の合併以来最高となりました",
      "opinions": [
        {
          "target": "計測機器事業",
          "category": "business#sales",
          "polarity": "positive",
          "from": 9,
          "to": 15
        },
        {
          "target": "不動産賃貸事業",
          "category": "business#profit",
          "polarity": "negative",
          "from": 27,
          "to": 34
        },
        {
          "target": "営業利益",
          "category": "NULL#profit",
          "polarity": "negative",
          "from": 47,
          "to": 51
        },
        {
          "target": "経常利益",
          "category": "NULL#profit",
          "polarity": "positive",
          "from": 55,
          "to": 59
        },
        {
          "target": "当期純利益",
          "category": "NULL#profit",
          "polarity": "positive",
          "from": 123,
          "to": 128
        }
      ]
    },
    {
      "sentence_id": 5,
      "sentence": "以上の結果、当連結会計年度の売上高は14,445百万円（前期比0.8％増）、営業利益は1,365百万円（前期比0.1％減）、経常利益は1,426百万円（前期比0.6％増）、親会社株主に帰属する当期純利益は1,226百万円（前期比31.7％増）となりました",
      "opinions": [
        {
          "target": "売上高",
          "category": "NULL#sales",
          "polarity": "positive",
          "from": 14,
          "to": 17
        },
        {
          "target": "営業利益",
          "category": "NULL#profit",
          "polarity": "negative",
          "from": 38,
          "to": 42
        },
        {
          "target": "経常利益",
          "category": "NULL#profit",
          "polarity": "positive",
          "from": 62,
          "to": 66
        },
        {
          "target": "当期純利益",
          "category": "NULL#profit",
          "polarity": "positive",
          "from": 96,
          "to": 101
        }
      ]
    },
    {
      "sentence_id": 6,
      "sentence": "セグメントの業績は次のとおりであります",
      "opinions": []
    },
    {
      "sentence_id": 7,
      "sentence": "(計測機器事業)",
      "opinions": []
    },
    {
      "sentence_id": 8,
      "sentence": "当事業の売上高は14,232百万円（前期比1.2％増）、受注高は14,635百万円（前期比4.2％増）、セグメント利益は2,095百万円（前期比5.5％増）となりました",
      "opinions": [
        {
          "target": "売上高",
          "category": "NULL#sales",
          "polarity": "positive",
          "from": 4,
          "to": 7
        },
        {
          "target": "受注高",
          "category": "NULL#amount",
          "polarity": "positive",
          "from": 28,
          "to": 31
        },
        {
          "target": "セグメント利益",
          "category": "NULL#profit",
          "polarity": "positive",
          "from": 52,
          "to": 59
        }
      ]
    },
    {
      "sentence_id": 9,
      "sentence": "① 環境・プロセス分析機器",
      "opinions": []
    },
    {
      "sentence_id": 10,
      "sentence": "この分野は、基本プロセス計測器、環境用大気測定装置、煙道排ガス用分析計、ボイラー水用分析装置、上下水道用分析計、環境用水質分析計、石油用分析計等であります",
      "opinions": []
    },
    {
      "sentence_id": 11,
      "sentence": "国内市場では全般的に減収傾向ではあるものの、積極的に受注展開した海外市場では中国向け環境用水質分析計が大幅に増進したため増収となりました",
      "opinions": [
        {
          "target": "国内市場",
          "category": "business#sales",
          "polarity": "negative",
          "from": 0,
          "to": 4
        },
        {
          "target": "海外市場",
          "category": "business#sales",
          "polarity": "positive",
          "from": 32,
          "to": 36
        },
        {
          "target": "水質分析計",
          "category": "product#general",
          "polarity": "positive",
          "from": 45,
          "to": 50
        }
      ]
    },
    {
      "sentence_id": 12,
      "sentence": "これらの結果、環境・プロセス分析機器全体の売上高は前期を1.5％上回りました",
      "opinions": [
        {
          "target": "環境・プロセス分析機器",
          "category": "business#sales",
          "polarity": "positive",
          "from": 7,
          "to": 18
        }
      ]
    },
    {
      "sentence_id": 13,
      "sentence": "② 科学分析機器",
      "opinions": []
    },
    {
      "sentence_id": 14,
      "sentence": "この分野は、ラボ用分析機器、ポータブル分析計、医療関連機器等であります",
      "opinions": []
    },
    {
      "sentence_id": 15,
      "sentence": "ラボ用分析機器はHACH製品が増加し、ポータブル分析計は微増となりました",
      "opinions": [
        {
          "target": "HACH製品",
          "category": "product#general",
          "polarity": "positive",
          "from": 8,
          "to": 14
        },
        {
          "target": "ポータブル分析計",
          "category": "product#general",
          "polarity": "positive",
          "from": 19,
          "to": 27
        }
      ]
    },
    {
      "sentence_id": 16,
      "sentence": "また医療関連機器はOEM供給拡大効果で増加し、科学分析機器全体の売上高は前期を2.8％上回りました",
      "opinions": [
        {
          "target": "医療関連機器",
          "category": "product#general",
          "polarity": "positive",
          "from": 2,
          "to": 8
        },
        {
          "target": "科学分析機器",
          "category": "business#sales",
          "polarity": "positive",
          "from": 23,
          "to": 29
        }
      ]
    },
    {
      "sentence_id": 17,
      "sentence": "③ 産業用ガス検知警報器",
      "opinions": []
    },
    {
      "sentence_id": 18,
      "sentence": "この分野は、バイオニクス機器㈱が製造・販売する産業用ガス検知警報器であります",
      "opinions": []
    },
    {
      "sentence_id": 19,
      "sentence": "大口顧客への出荷が減少し、前期の売上高を3.6％下回りました",
      "opinions": [
        {
          "target": "出荷",
          "category": "NULL#amount",
          "polarity": "negative",
          "from": 6,
          "to": 8
        },
        {
          "target": "売上高",
          "category": "NULL#sales",
          "polarity": "negative",
          "from": 16,
          "to": 19
        }
      ]
    },
    {
      "sentence_id": 20,
      "sentence": "④ 電極・標準液 ⑤ 保守・修理 ⑥ 部品・その他",
      "opinions": []
    },
    {
      "sentence_id": 21,
      "sentence": "この分野は、前記①環境・プロセス分析機器、②科学分析機器の分野における全製品群の補用品類、現地調整・定期点検及び修理、補用パーツ等に該当するものであります",
      "opinions": []
    },
    {
      "sentence_id": 22,
      "sentence": "④電極・標準液及び⑤保守・修理の売上高は微増、⑥部品・その他は微減となりました",
      "opinions": [
        {
          "target": "電極",
          "category": "product#general",
          "polarity": "positive",
          "from": 1,
          "to": 3
        },
        {
          "target": "標準液",
          "category": "product#general",
          "polarity": "positive",
          "from": 4,
          "to": 7
        },
        {
          "target": "保守",
          "category": "product#general",
          "polarity": "positive",
          "from": 10,
          "to": 12
        },
        {
          "target": "修理",
          "category": "product#general",
          "polarity": "positive",
          "from": 13,
          "to": 15
        },
        {
          "target": "部品",
          "category": "product#general",
          "polarity": "negative",
          "from": 24,
          "to": 26
        },
        {
          "target": "その他",
          "category": "product#general",
          "polarity": "negative",
          "from": 27,
          "to": 30
        }
      ]
    },
    {
      "sentence_id": 23,
      "sentence": "(不動産賃貸事業)",
      "opinions": []
    },
    {
      "sentence_id": 24,
      "sentence": "東京都新宿区の本社に隣接の賃貸ビル１棟ほかを所有し、不動産賃貸事業を行っております",
      "opinions": []
    },
    {
      "sentence_id": 25,
      "sentence": "埼玉県狭山市の貸店舗の契約満了に伴う解約（当該土地及び建物は平成29年３月30日売却済み）により、当事業の売上高は213百万円（前期比19.4％減）、セグメント利益は107百万円（前期比32.9％減）となりました",
      "opinions": [
        {
          "target": "売上高",
          "category": "NULL#sales",
          "polarity": "negative",
          "from": 53,
          "to": 56
        },
        {
          "target": "セグメント利益",
          "category": "NULL#profit",
          "polarity": "negative",
          "from": 75,
          "to": 82
        }
      ]
    }
  ]
}