{
  "header": {
    "document_id": "E01731",
    "document_name": "ペガサスミシン製造株式会社",
    "doc_text": "有価証券報告書",
    "edi_id": "E01731",
    "security_code": "62620",
    "category33": "機械",
    "category17": "機械",
    "scale": "7"
  },
  "sentences": [
    {
      "sentence_id": 0,
      "sentence": "当連結会計年度における日本経済は、企業収益や雇用・所得環境の改善を背景に緩やかな回復基調となりましたが、米国の政策動向や海外情勢など景気の先行きは不透明な状況が続いております",
      "opinions": [
        {
          "target": "日本経済",
          "category": "NULL#general",
          "polarity": "positive",
          "from": 11,
          "to": 15
        },
        {
          "target": "企業収益",
          "category": "NULL#general",
          "polarity": "positive",
          "from": 17,
          "to": 21
        },
        {
          "target": "雇用",
          "category": "NULL#general",
          "polarity": "positive",
          "from": 22,
          "to": 24
        },
        {
          "target": "所得環境",
          "category": "NULL#general",
          "polarity": "positive",
          "from": 25,
          "to": 29
        },
        {
          "target": "先行き",
          "category": "NULL#general",
          "polarity": "neutral",
          "from": 69,
          "to": 72
        }
      ]
    },
    {
      "sentence_id": 1,
      "sentence": "世界経済につきましては、米国経済は雇用・所得環境の改善で個人消費が底堅く推移し、欧州経済も個人消費の改善などにより緩やかな回復基調を続ける一方で、中国をはじめ新興国経済は一部持ち直しの動きが見られるものの先行き不透明な状況が続きました",
      "opinions": [
        {
          "target": "雇用",
          "category": "NULL#general",
          "polarity": "positive",
          "from": 17,
          "to": 19
        },
        {
          "target": "所得環境",
          "category": "NULL#general",
          "polarity": "positive",
          "from": 20,
          "to": 24
        },
        {
          "target": "個人消費",
          "category": "NULL#general",
          "polarity": "positive",
          "from": 28,
          "to": 32
        },
        {
          "target": "欧州経済",
          "category": "NULL#general",
          "polarity": "positive",
          "from": 40,
          "to": 44
        },
        {
          "target": "個人消費",
          "category": "NULL#general",
          "polarity": "positive",
          "from": 45,
          "to": 49
        },
        {
          "target": "新興国経済",
          "category": "NULL#general",
          "polarity": "neutral",
          "from": 79,
          "to": 84
        }
      ]
    },
    {
      "sentence_id": 2,
      "sentence": "工業用ミシン業界におきましては、繊維産業の集積地であった中国からその他のアジアや消費地に近い国々へ縫製拠点を移転させる動きが継続しており、バングラデシュやインドなどアジア市場を中心に需要が堅調に推移いたしました",
      "opinions": [
        {
          "target": "工業用ミシン業界",
          "category": "market#general",
          "polarity": "positive",
          "from": 0,
          "to": 8
        }
      ]
    },
    {
      "sentence_id": 3,
      "sentence": "自動車部品を中心とするダイカスト部品につきましては、一部ばらつきが見られるものの総じて需要が底堅く推移いたしました",
      "opinions": [
        {
          "target": "需要",
          "category": "NULL#general",
          "polarity": "positive",
          "from": 43,
          "to": 45
        }
      ]
    },
    {
      "sentence_id": 4,
      "sentence": "このような環境のもとで、当連結会計年度の売上高は前連結会計年度に比べて為替相場が円高で推移したことなどから189億61百万円（前年同期比1.2％減）となりました",
      "opinions": [
        {
          "target": "売上高",
          "category": "NULL#sales",
          "polarity": "negative",
          "from": 20,
          "to": 23
        }
      ]
    },
    {
      "sentence_id": 5,
      "sentence": "利益面につきましては、市場環境の変化に応じた生産体制を展開したことやコストダウン効果により、営業利益は27億98百万円（前年同期比18.8％増）、経常利益は28億31百万円（前年同期比18.5％増）、法人税等の負担額の増加により親会社株主に帰属する当期純利益は21億３百万円（前年同期比2.6％減）となりました",
      "opinions": [
        {
          "target": "営業利益",
          "category": "NULL#profit",
          "polarity": "positive",
          "from": 46,
          "to": 50
        },
        {
          "target": "経常利益",
          "category": "NULL#profit",
          "polarity": "positive",
          "from": 73,
          "to": 77
        },
        {
          "target": "当期純利益",
          "category": "NULL#profit",
          "polarity": "negative",
          "from": 124,
          "to": 129
        }
      ]
    },
    {
      "sentence_id": 6,
      "sentence": "当連結会計年度における子会社の動向につきましては、工業用ミシン事業は、市場の変化に対応して、「ペガサス（天津）ミシン有限公司」では生産体制の効率化と高級機種需要への対応に努めました",
      "opinions": []
    },
    {
      "sentence_id": 7,
      "sentence": "ダイカスト部品事業は、「PEGASUS－SHIMAMOTO AUTO PARTS（VIETNAM） CO., LTD.」の操業度向上をはかるとともに、昨年メキシコに米国市場の需要に対応するため設立した「PEGASUS AUTO PARTS MONTERRY S.A. DE C.V.」が、米国市場への販売を開始いたしました",
      "opinions": []
    },
    {
      "sentence_id": 8,
      "sentence": "セグメントの業績は、次のとおりであります",
      "opinions": []
    },
    {
      "sentence_id": 9,
      "sentence": "①　工業用ミシンにつきましては、縫製産地の流動化に応じた販売戦略の展開および高級機種需要など市場ニーズへの対応に努めましたが、円高の影響により売上高は162億51百万円（前年同期比1.2％減）となりました",
      "opinions": [
        {
          "target": "工業用ミシン",
          "category": "product#sales",
          "polarity": "negative",
          "from": 2,
          "to": 8
        }
      ]
    },
    {
      "sentence_id": 10,
      "sentence": "営業利益は、操業度の向上などにより34億92百万円（前年同期比13.2％増）となりました",
      "opinions": [
        {
          "target": "営業利益",
          "category": "NULL#profit",
          "polarity": "positive",
          "from": 0,
          "to": 4
        },
        {
          "target": "操業度",
          "category": "NULL#general",
          "polarity": "positive",
          "from": 6,
          "to": 9
        }
      ]
    },
    {
      "sentence_id": 11,
      "sentence": "②　ダイカスト部品につきましては、販路の拡大に向けた販売活動を行い需要は底堅く推移いたしましたが、円高の影響により売上高は27億10百万円（前年同期比1.2％減）となりました",
      "opinions": [
        {
          "target": "ダイカスト部品",
          "category": "product#sales",
          "polarity": "negative",
          "from": 2,
          "to": 9
        },
        {
          "target": "需要",
          "category": "NULL#general",
          "polarity": "positive",
          "from": 33,
          "to": 35
        }
      ]
    },
    {
      "sentence_id": 12,
      "sentence": "営業利益は、ベトナム拠点の操業度の向上などにより３億56百万円（前年同期比17.9％増）となりました",
      "opinions": [
        {
          "target": "営業利益",
          "category": "NULL#profit",
          "polarity": "positive",
          "from": 0,
          "to": 4
        },
        {
          "target": "操業度",
          "category": "NULL#general",
          "polarity": "positive",
          "from": 13,
          "to": 16
        }
      ]
    }
  ]
}