{
  "header": {
    "document_id": "E01903",
    "document_name": "日本光電工業株式会社",
    "doc_text": "有価証券報告書",
    "edi_id": "E01903",
    "security_code": "68490",
    "category33": "電気機器",
    "category17": "電機・精密",
    "scale": "4"
  },
  "sentences": [
    {
      "sentence_id": 0,
      "sentence": "当連結会計年度における当社グループを取り巻く事業環境は、国内では、昨年４月に地域包括ケアシステムの推進、医療の機能分化・強化と連携に重点が置かれた診療報酬改定がなされ、都道府県は2025年に向けた医療提供体制整備のため地域医療構想を策定するなど、医療制度改革が推進されています",
      "opinions": []
    },
    {
      "sentence_id": 1,
      "sentence": "医療機器業界は、こうした環境の変化と医療機関のニーズへの迅速かつ柔軟な対応が求められる経営環境となりました",
      "opinions": []
    },
    {
      "sentence_id": 2,
      "sentence": "海外では、先進国における医療費抑制のための効率化のニーズや先進医療の導入、新興国における経済発展に伴う医療インフラの整備を背景に、医療機器の需要は総じて堅調に推移しましたが、一部の新興国では通貨安、原油安の影響による需要の停滞が見られました",
      "opinions": [
        {
          "target": "新興国",
          "category": "NULL#general",
          "polarity": "positive",
          "from": 37,
          "to": 40
        },
        {
          "target": "需要",
          "category": "NULL#general",
          "polarity": "positive",
          "from": 70,
          "to": 72
        },
        {
          "target": "新興国",
          "category": "NULL#general",
          "polarity": "negative",
          "from": 90,
          "to": 93
        },
        {
          "target": "需要",
          "category": "NULL#general",
          "polarity": "negative",
          "from": 108,
          "to": 110
        }
      ]
    },
    {
      "sentence_id": 3,
      "sentence": "このような状況下、当社グループは、平成28年度を最終年度とする４ヵ年中期経営計画「Strong Growth 2017」を推進し、「技術開発力の強化」、「地域別事業展開の強化」、「コア事業のさらなる成長」などの重要課題に取り組みました",
      "opinions": []
    },
    {
      "sentence_id": 4,
      "sentence": "商品面では、システム連携に対応した心電計や血球計数器を発売したほか、救急領域での迅速な脳波測定を可能にしたＥＥＧヘッドセットを発売しました",
      "opinions": []
    },
    {
      "sentence_id": 5,
      "sentence": "また、国内の営業組織体制を再編、埼玉県所沢駅前に総合技術開発センタを設立するなど、事業基盤の強化を図りました",
      "opinions": []
    },
    {
      "sentence_id": 6,
      "sentence": "国内市場においては、急性期病院、中小病院、診療所といった市場別の取り組みを強化するとともに、消耗品・保守サービス事業の拡大に注力した結果、売上を伸ばすことが出来ました",
      "opinions": [
        {
          "target": "国内市場",
          "category": "business#sales",
          "polarity": "positive",
          "from": 0,
          "to": 4
        }
      ]
    },
    {
      "sentence_id": 7,
      "sentence": "市場別には、私立病院市場が診療報酬改定への対応の影響もあって好調に推移したほか、診療所市場での売上も大幅に伸長しました",
      "opinions": [
        {
          "target": "私立病院市場",
          "category": "business#general",
          "polarity": "positive",
          "from": 6,
          "to": 12
        },
        {
          "target": "診療所市場",
          "category": "business#sales",
          "polarity": "positive",
          "from": 40,
          "to": 45
        }
      ]
    },
    {
      "sentence_id": 8,
      "sentence": "一方、大学、官公立病院市場では厳しい経営環境を受けて設備投資の抑制や延期が見られ、前期実績を下回りました",
      "opinions": [
        {
          "target": "官公立病院市場",
          "category": "business#general",
          "polarity": "negative",
          "from": 6,
          "to": 13
        },
        {
          "target": "経営環境",
          "category": "NULL#general",
          "polarity": "negative",
          "from": 18,
          "to": 22
        },
        {
          "target": "設備投資",
          "category": "NULL#general",
          "polarity": "negative",
          "from": 26,
          "to": 30
        }
      ]
    },
    {
      "sentence_id": 9,
      "sentence": "この結果、国内売上高は前期比2.3％増の1,247億６千４百万円となりました",
      "opinions": [
        {
          "target": "国内売上高",
          "category": "NULL#sales",
          "polarity": "positive",
          "from": 5,
          "to": 10
        }
      ]
    },
    {
      "sentence_id": 10,
      "sentence": "海外市場においては、販売・サービス体制の強化を進める米国、アジア、アフリカを中心に現地通貨ベースでは前期実績を上回りましたが、円高による為替換算の影響を受け、減収となりました",
      "opinions": [
        {
          "target": "海外市場",
          "category": "business#general",
          "polarity": "positive",
          "from": 0,
          "to": 4
        },
        {
          "target": "海外市場",
          "category": "business#sales",
          "polarity": "negative",
          "from": 0,
          "to": 4
        }
      ]
    },
    {
      "sentence_id": 11,
      "sentence": "米州では、米国は現地通貨ベースでは生体情報モニタを中心に好調に推移しましたが、円高による為替換算の影響で減収となりました",
      "opinions": [
        {
          "target": "米国",
          "category": "business#sales",
          "polarity": "negative",
          "from": 5,
          "to": 7
        },
        {
          "target": "生体情報モニタ",
          "category": "product#general",
          "polarity": "positive",
          "from": 17,
          "to": 24
        }
      ]
    },
    {
      "sentence_id": 12,
      "sentence": "また、中南米は、中南米地域の販売組織再編に伴う商流変更（※）もあり、前期実績を下回りました",
      "opinions": [
        {
          "target": "中南米",
          "category": "business#sales",
          "polarity": "negative",
          "from": 3,
          "to": 6
        }
      ]
    },
    {
      "sentence_id": 13,
      "sentence": "欧州では、ドイツ、トルコが低調に推移し、減収となりました",
      "opinions": [
        {
          "target": "欧州",
          "category": "business#sales",
          "polarity": "negative",
          "from": 0,
          "to": 2
        },
        {
          "target": "ドイツ",
          "category": "business#general",
          "polarity": "negative",
          "from": 5,
          "to": 8
        },
        {
          "target": "トルコ",
          "category": "business#general",
          "polarity": "negative",
          "from": 9,
          "to": 12
        }
      ]
    },
    {
      "sentence_id": 14,
      "sentence": "アジア州は、現地通貨ベースでは前期実績を上回りましたが、円高による為替換算の影響で減収となりました",
      "opinions": [
        {
          "target": "アジア州",
          "category": "business#general",
          "polarity": "positive",
          "from": 0,
          "to": 4
        },
        {
          "target": "アジア州",
          "category": "business#sales",
          "polarity": "negative",
          "from": 0,
          "to": 4
        }
      ]
    },
    {
      "sentence_id": 15,
      "sentence": "一部の中東産油国は原油安の影響で低調でしたが、インドが好調に推移しました",
      "opinions": [
        {
          "target": "中東産油国",
          "category": "business#general",
          "polarity": "negative",
          "from": 3,
          "to": 8
        },
        {
          "target": "インド",
          "category": "business#general",
          "polarity": "positive",
          "from": 23,
          "to": 26
        }
      ]
    },
    {
      "sentence_id": 16,
      "sentence": "中国も現地通貨ベースでは堅調に推移しました",
      "opinions": [
        {
          "target": "中国",
          "category": "business#general",
          "polarity": "positive",
          "from": 0,
          "to": 2
        }
      ]
    },
    {
      "sentence_id": 17,
      "sentence": "その他地域では、アフリカ諸国での販路開拓が奏功し、エジプトで大口商談を受注するなど、売上が大幅に伸長しました",
      "opinions": [
        {
          "target": "その他地域",
          "category": "business#sales",
          "polarity": "positive",
          "from": 0,
          "to": 5
        },
        {
          "target": "エジプト",
          "category": "business#general",
          "polarity": "positive",
          "from": 25,
          "to": 29
        }
      ]
    },
    {
      "sentence_id": 18,
      "sentence": "この結果、海外売上高は前期比4.6％減の415億２千万円となりました",
      "opinions": [
        {
          "target": "海外売上高",
          "category": "NULL#sales",
          "polarity": "negative",
          "from": 5,
          "to": 10
        }
      ]
    },
    {
      "sentence_id": 19,
      "sentence": "※平成28年１月に設立、４月に営業を開始した日本光電メキシコ㈱は12月決算のため、平成28年４月１日から平成\n　28年12月31日の９ヵ月が連結対象期間となります",
      "opinions": []
    },
    {
      "sentence_id": 20,
      "sentence": "これらの結果、当連結会計年度の売上高は前期比0.5％増の1,662億８千５百万円となりました",
      "opinions": [
        {
          "target": "売上高",
          "category": "NULL#sales",
          "polarity": "positive",
          "from": 15,
          "to": 18
        }
      ]
    },
    {
      "sentence_id": 21,
      "sentence": "利益面では、円高の影響や売上構成の変化により売上原価率が上昇したことに加え、業容拡大に向けた人員の増強や研究開発投資により販管費が増加したことから、営業利益は前期比17.4％減の135億８千５百万円、経常利益は前期比12.8％減の140億５千３百万円、親会社株主に帰属する当期純利益は前期比13.0%減の91億４千９百万円となりました",
      "opinions": [
        {
          "target": "売上原価率",
          "category": "NULL#cost",
          "polarity": "negative",
          "from": 22,
          "to": 27
        },
        {
          "target": "販管費",
          "category": "NULL#cost",
          "polarity": "negative",
          "from": 61,
          "to": 64
        },
        {
          "target": "営業利益",
          "category": "NULL#profit",
          "polarity": "negative",
          "from": 74,
          "to": 78
        },
        {
          "target": "経常利益",
          "category": "NULL#profit",
          "polarity": "negative",
          "from": 100,
          "to": 104
        },
        {
          "target": "当期純利益",
          "category": "NULL#profit",
          "polarity": "negative",
          "from": 136,
          "to": 141
        }
      ]
    },
    {
      "sentence_id": 22,
      "sentence": "売上高を商品群別に分類すると次のとおりです",
      "opinions": []
    }
  ]
}