{
  "header": {
    "document_id": "E01992",
    "document_name": "ケル株式会社",
    "doc_text": "有価証券報告書",
    "edi_id": "E01992",
    "security_code": "69190",
    "category33": "電気機器",
    "category17": "電機・精密",
    "scale": ""
  },
  "sentences": [
    {
      "sentence_id": 0,
      "sentence": "当連結会計年度におけるわが国経済は、企業の生産活動及び輸出の持ち直しによる、企業収益、雇用・所得環境の着実な改善が続くなか、個人消費は不透明な状況にあるものの、米国の経済政策の期待感を受けて、緩やかな回復基調が続きました",
      "opinions": [
        {
          "target": "わが国経済",
          "category": "NULL#general",
          "polarity": "positive",
          "from": 11,
          "to": 16
        },
        {
          "target": "生産活動",
          "category": "NULL#general",
          "polarity": "positive",
          "from": 21,
          "to": 25
        },
        {
          "target": "輸出",
          "category": "NULL#general",
          "polarity": "positive",
          "from": 27,
          "to": 29
        },
        {
          "target": "企業収益",
          "category": "NULL#general",
          "polarity": "positive",
          "from": 38,
          "to": 42
        },
        {
          "target": "雇用",
          "category": "NULL#general",
          "polarity": "positive",
          "from": 43,
          "to": 45
        },
        {
          "target": "所得環境",
          "category": "NULL#general",
          "polarity": "positive",
          "from": 46,
          "to": 50
        },
        {
          "target": "個人消費",
          "category": "NULL#general",
          "polarity": "neutral",
          "from": 62,
          "to": 66
        }
      ]
    },
    {
      "sentence_id": 1,
      "sentence": "米国経済は雇用・所得環境の改善が下支えとなり、回復が続いており、欧州経済も英国の欧州連合離脱への懸念は残るものの回復が続いております",
      "opinions": [
        {
          "target": "米国経済",
          "category": "NULL#general",
          "polarity": "positive",
          "from": 0,
          "to": 4
        },
        {
          "target": "雇用",
          "category": "NULL#general",
          "polarity": "positive",
          "from": 5,
          "to": 7
        },
        {
          "target": "所得環境",
          "category": "NULL#general",
          "polarity": "positive",
          "from": 8,
          "to": 12
        },
        {
          "target": "欧州経済",
          "category": "NULL#general",
          "polarity": "positive",
          "from": 32,
          "to": 36
        }
      ]
    },
    {
      "sentence_id": 2,
      "sentence": "中国等の新興国経済は成長鈍化の状態が続きましたが、全体としては緩やかな成長を続けております",
      "opinions": [
        {
          "target": "新興国経済",
          "category": "NULL#general",
          "polarity": "positive",
          "from": 4,
          "to": 9
        }
      ]
    },
    {
      "sentence_id": 3,
      "sentence": "当社グループが属するエレクトロニクス業界は、車載向け、中でも環境対応車両向け製品の需要は堅調に推移しておりますが、スマートフォン向け製品の伸びは鈍化しました",
      "opinions": [
        {
          "target": "需要",
          "category": "NULL#general",
          "polarity": "positive",
          "from": 41,
          "to": 43
        },
        {
          "target": "伸び",
          "category": "NULL#general",
          "polarity": "negative",
          "from": 69,
          "to": 71
        }
      ]
    },
    {
      "sentence_id": 4,
      "sentence": "また、産業機器・工業機器分野ではＩＣＴ（情報通信技術）関連の回復傾向が見られ、半導体製造装置・制御装置関連の需要も堅調に推移しました",
      "opinions": [
        {
          "target": "関連",
          "category": "NULL#general",
          "polarity": "positive",
          "from": 27,
          "to": 29
        },
        {
          "target": "需要",
          "category": "NULL#general",
          "polarity": "positive",
          "from": 54,
          "to": 56
        }
      ]
    },
    {
      "sentence_id": 5,
      "sentence": "このような環境の中、今年度は、基本方針を「確実な成長を遂げられる企業体質を構築する",
      "opinions": []
    },
    {
      "sentence_id": 6,
      "sentence": "あらゆる可能性を切り拓いて各分野／領域を拡大する",
      "opinions": []
    },
    {
      "sentence_id": 7,
      "sentence": "」とし、運営方針である「１．コネクタ・ハーネス・ラックの３事業を継続する",
      "opinions": []
    },
    {
      "sentence_id": 8,
      "sentence": "２．新製品売上高を倍増させる開拓開発活動を行う",
      "opinions": []
    },
    {
      "sentence_id": 9,
      "sentence": "３．海外市場を強化拡大する（アジア、欧州市場の開拓）",
      "opinions": []
    },
    {
      "sentence_id": 10,
      "sentence": "４．車載市場を強化開拓する（新顧客／新製品／新分野に注力）",
      "opinions": []
    },
    {
      "sentence_id": 11,
      "sentence": "５．工業・車載・遊技・画像・医療機器を注力市場とする",
      "opinions": []
    },
    {
      "sentence_id": 12,
      "sentence": "」を推進し、安定した成長を実現し、更なる価値創造に向けた活動を続けてまいりました",
      "opinions": []
    },
    {
      "sentence_id": 13,
      "sentence": "以上の結果、当連結会計年度の売上高は96億71百万円（前連結会計年度比4.9％増加）となりました",
      "opinions": [
        {
          "target": "売上高",
          "category": "NULL#sales",
          "polarity": "positive",
          "from": 14,
          "to": 17
        }
      ]
    },
    {
      "sentence_id": 14,
      "sentence": "利益面につきましては、経常利益８億53百万円（同1.4％増加）、親会社株主に帰属する当期純利益５億84百万円（同10.6％増加）となりました",
      "opinions": [
        {
          "target": "経常利益",
          "category": "NULL#profit",
          "polarity": "positive",
          "from": 11,
          "to": 15
        },
        {
          "target": "当期純利益",
          "category": "NULL#profit",
          "polarity": "positive",
          "from": 42,
          "to": 47
        }
      ]
    },
    {
      "sentence_id": 15,
      "sentence": "品目別の業績を示すと、次のとおりであります",
      "opinions": []
    },
    {
      "sentence_id": 16,
      "sentence": "なお、当社グループは、単一セグメントに属するコネクタ、ラック、ソケット等の製造・販売を行っているため、品目別の業績を示しております",
      "opinions": []
    },
    {
      "sentence_id": 17,
      "sentence": "コネクタ",
      "opinions": []
    },
    {
      "sentence_id": 18,
      "sentence": "事務用機器及び遊技機器向けの受注は減少しましたが、制御装置・半導体製造装置向けフローティングコネクタ、監視カメラ及び電子応用医療機器向け極細同軸ケーブル用コネクタ等の受注が増加したことにより81億61百万円（前連結会計年度比4.0％増加）となりました",
      "opinions": [
        {
          "target": "事務用機器",
          "category": "product#amount",
          "polarity": "negative",
          "from": 0,
          "to": 5
        },
        {
          "target": "遊技機器向け",
          "category": "product#amount",
          "polarity": "negative",
          "from": 7,
          "to": 13
        },
        {
          "target": "フローティングコネクタ",
          "category": "product#amount",
          "polarity": "positive",
          "from": 39,
          "to": 50
        },
        {
          "target": "コネクタ",
          "category": "product#amount",
          "polarity": "positive",
          "from": 77,
          "to": 81
        }
      ]
    },
    {
      "sentence_id": 19,
      "sentence": "ラック",
      "opinions": []
    },
    {
      "sentence_id": 20,
      "sentence": "通信機器向け特注ラック等の受注は減少しましたが、電力機器・装置および医療機器（ＣＴ、ＭＲＩ等）向け特注ラック等の受注が増加したことにより10億87百万円（同16.0％増加）となりました",
      "opinions": [
        {
          "target": "特注ラック",
          "category": "product#amount",
          "polarity": "negative",
          "from": 6,
          "to": 11
        },
        {
          "target": "特注ラック",
          "category": "product#amount",
          "polarity": "positive",
          "from": 49,
          "to": 54
        }
      ]
    },
    {
      "sentence_id": 21,
      "sentence": "ソケット",
      "opinions": []
    },
    {
      "sentence_id": 22,
      "sentence": "遊技機器向けの受注が増加しましたが、工業機器、産業機器向けの受注が減少したことにより3億10百万円（同0.1％増加）となりました",
      "opinions": [
        {
          "target": "遊技機器向け",
          "category": "product#amount",
          "polarity": "positive",
          "from": 0,
          "to": 6
        },
        {
          "target": "産業機器向け",
          "category": "product#amount",
          "polarity": "negative",
          "from": 23,
          "to": 29
        }
      ]
    },
    {
      "sentence_id": 23,
      "sentence": "その他",
      "opinions": []
    },
    {
      "sentence_id": 24,
      "sentence": "その他の売上高は1億11百万円（同6.3％減少）となりました",
      "opinions": [
        {
          "target": "その他",
          "category": "business#sales",
          "polarity": "negative",
          "from": 0,
          "to": 3
        }
      ]
    }
  ]
}