{
  "header": {
    "document_id": "E01968",
    "document_name": "日本アビオニクス株式会社",
    "doc_text": "有価証券報告書",
    "edi_id": "E01968",
    "security_code": "69460",
    "category33": "電気機器",
    "category17": "電機・精密",
    "scale": ""
  },
  "sentences": [
    {
      "sentence_id": 0,
      "sentence": "当連結会計年度におけるわが国経済は、雇用や所得環境の改善が続き、設備投資等にも持ち直しの動きが見られるなど景気は緩やかな回復傾向のうちに推移しました",
      "opinions": [
        {
          "target": "雇用",
          "category": "NULL#general",
          "polarity": "positive",
          "from": 18,
          "to": 20
        },
        {
          "target": "所得環境",
          "category": "NULL#general",
          "polarity": "positive",
          "from": 21,
          "to": 25
        },
        {
          "target": "設備投資",
          "category": "NULL#general",
          "polarity": "positive",
          "from": 32,
          "to": 36
        },
        {
          "target": "景気",
          "category": "NULL#general",
          "polarity": "positive",
          "from": 53,
          "to": 55
        }
      ]
    },
    {
      "sentence_id": 1,
      "sentence": "また、海外経済においては、英国のＥＵ離脱や米国大統領選等の影響により不透明な部分があったものの、米国景気が緩やかに回復し、中国を始めとするアジア地域にも持ち直しの動きがみられました",
      "opinions": [
        {
          "target": "米国景気",
          "category": "NULL#general",
          "polarity": "positive",
          "from": 48,
          "to": 52
        },
        {
          "target": "アジア地域",
          "category": "NULL#general",
          "polarity": "positive",
          "from": 69,
          "to": 74
        }
      ]
    },
    {
      "sentence_id": 2,
      "sentence": "当社企業グループを取り巻く事業環境につきましては、宇宙・防衛市場では、防衛省の海外調達が増加し、国内調達は減少しました",
      "opinions": [
        {
          "target": "海外調達",
          "category": "NULL#general",
          "polarity": "positive",
          "from": 39,
          "to": 43
        },
        {
          "target": "国内調達",
          "category": "NULL#general",
          "polarity": "negative",
          "from": 48,
          "to": 52
        }
      ]
    },
    {
      "sentence_id": 3,
      "sentence": "また、民需市場においては、主に海外のスマートフォン向けや電装化が進展する自動車向け小型部品製造市場における設備投資が活発だったものの、総じて力強さを欠く状況で推移しました",
      "opinions": [
        {
          "target": "民需市場",
          "category": "market#general",
          "polarity": "negative",
          "from": 3,
          "to": 7
        },
        {
          "target": "設備投資",
          "category": "NULL#general",
          "polarity": "positive",
          "from": 53,
          "to": 57
        }
      ]
    },
    {
      "sentence_id": 4,
      "sentence": "このような状況の中、当社企業グループは、海外民需市場の開拓を進めるとともに、国内外の展示会への出展を推進し新製品の投入を進めるなどの諸施策を展開しました",
      "opinions": []
    },
    {
      "sentence_id": 5,
      "sentence": "なお、東海旅客鉄道株式会社（以下、「ＪＲ東海」といいます",
      "opinions": []
    },
    {
      "sentence_id": 6,
      "sentence": "）のリニア中央新幹線計画に協力するため、プリント配線板の製造を分担している連結子会社の山梨アビオニクス株式会社の敷地の一部をＪＲ東海に譲渡し、当該敷地から建物等を収去する補償としてＪＲ東海から補償金を収受すること、及びプリント配線板事業を沖電気工業株式会社グループに事業移管することとし、現在移管を進めております",
      "opinions": []
    },
    {
      "sentence_id": 7,
      "sentence": "この結果、連結売上高は前期比14億78百万円減少の214億42百万円（前年同期比6.5%減）となりました",
      "opinions": [
        {
          "target": "連結売上高",
          "category": "NULL#sales",
          "polarity": "negative",
          "from": 5,
          "to": 10
        }
      ]
    },
    {
      "sentence_id": 8,
      "sentence": "連結損益は、費用削減等に努めたものの売上高が減少したことから、営業利益が前期比５億54百万円悪化の20百万円、経常損失が前期比５億40百万円悪化の60百万円となりました",
      "opinions": [
        {
          "target": "売上高",
          "category": "NULL#sales",
          "polarity": "negative",
          "from": 18,
          "to": 21
        },
        {
          "target": "営業利益",
          "category": "NULL#profit",
          "polarity": "negative",
          "from": 31,
          "to": 35
        },
        {
          "target": "経常損失",
          "category": "NULL#profit",
          "polarity": "negative",
          "from": 55,
          "to": 59
        }
      ]
    },
    {
      "sentence_id": 9,
      "sentence": "また、ＪＲ東海から当期受領した補償金36億94百万円を特別利益に計上し、また、プリント配線板事業の移管に係る費用等17億76百万円を特別損失に計上したことから、親会社株主に帰属する当期純利益は前期比13億95百万円改善の15億10百万円となりました",
      "opinions": [
        {
          "target": "当期純利益",
          "category": "NULL#profit",
          "polarity": "positive",
          "from": 90,
          "to": 95
        }
      ]
    },
    {
      "sentence_id": 10,
      "sentence": "なお、収去する資産等に対する補償金に関しましては、上記特別利益の計上額の他に、平成29年度に14億77百万円、土地の引渡時に22億16百万円を計上する予定です",
      "opinions": []
    },
    {
      "sentence_id": 11,
      "sentence": "また、剰余金の配当につきましては、なお累積損失が存在することから、まことに遺憾ながら普通株式、第１種優先株式及び第２種優先株式は無配とさせていただきます",
      "opinions": []
    },
    {
      "sentence_id": 12,
      "sentence": "セグメントの状況は、次のとおりです",
      "opinions": []
    },
    {
      "sentence_id": 13,
      "sentence": "情報システム",
      "opinions": []
    },
    {
      "sentence_id": 14,
      "sentence": "情報システムについては、防衛省の海外調達が増加し国内調達が減少している影響により、売上高は減少しました",
      "opinions": [
        {
          "target": "情報システム",
          "category": "product#sales",
          "polarity": "negative",
          "from": 0,
          "to": 6
        },
        {
          "target": "海外調達",
          "category": "NULL#general",
          "polarity": "positive",
          "from": 16,
          "to": 20
        },
        {
          "target": "国内調達",
          "category": "NULL#general",
          "polarity": "negative",
          "from": 24,
          "to": 28
        }
      ]
    },
    {
      "sentence_id": 15,
      "sentence": "セグメント利益は、諸経費削減に努めたものの売上高の減少、原価率の悪化により減少しました",
      "opinions": [
        {
          "target": "セグメント利益",
          "category": "NULL#profit",
          "polarity": "negative",
          "from": 0,
          "to": 7
        },
        {
          "target": "売上高",
          "category": "NULL#sales",
          "polarity": "negative",
          "from": 21,
          "to": 24
        },
        {
          "target": "原価率",
          "category": "NULL#cost",
          "polarity": "negative",
          "from": 28,
          "to": 31
        }
      ]
    },
    {
      "sentence_id": 16,
      "sentence": "この部門の当期の売上高は121億49百万円（前年同期比7.2%減）となりました",
      "opinions": [
        {
          "target": "売上高",
          "category": "NULL#sales",
          "polarity": "negative",
          "from": 8,
          "to": 11
        }
      ]
    },
    {
      "sentence_id": 17,
      "sentence": "セグメント利益は、前期比３億98百万円悪化の45百万円となりました",
      "opinions": [
        {
          "target": "セグメント利益",
          "category": "NULL#profit",
          "polarity": "negative",
          "from": 0,
          "to": 7
        }
      ]
    },
    {
      "sentence_id": 18,
      "sentence": "電子機器",
      "opinions": []
    },
    {
      "sentence_id": 19,
      "sentence": "電子機器は、接合機器がスマートフォン等情報機器に使用される電子部品の小型化に対応する生産設備の需要の取り込み、アジア地域におけるスマートフォン向け設備の需要増により輸出も好調に推移したものの、前期の計測事業の譲渡による減収及び感染症対策等特定需要向け機器の減少等による影響で赤外線機器が減収となったことから、売上高は減少しました",
      "opinions": [
        {
          "target": "電子機器",
          "category": "product#sales",
          "polarity": "negative",
          "from": 0,
          "to": 4
        },
        {
          "target": "設備",
          "category": "NULL#general",
          "polarity": "positive",
          "from": 73,
          "to": 75
        },
        {
          "target": "輸出",
          "category": "NULL#general",
          "polarity": "positive",
          "from": 82,
          "to": 84
        },
        {
          "target": "機器",
          "category": "product#sales",
          "polarity": "negative",
          "from": 125,
          "to": 127
        },
        {
          "target": "赤外線機器",
          "category": "product#sales",
          "polarity": "negative",
          "from": 137,
          "to": 142
        }
      ]
    },
    {
      "sentence_id": 20,
      "sentence": "セグメント利益は、プロダクトミックスの変動による利益の増加及び諸経費の削減に努めた結果、改善しました",
      "opinions": [
        {
          "target": "セグメント利益",
          "category": "NULL#profit",
          "polarity": "positive",
          "from": 0,
          "to": 7
        }
      ]
    },
    {
      "sentence_id": 21,
      "sentence": "この部門の当期の売上高は66億30百万円(前年同期比1.9%減)となりました",
      "opinions": [
        {
          "target": "売上高",
          "category": "NULL#sales",
          "polarity": "negative",
          "from": 8,
          "to": 11
        }
      ]
    },
    {
      "sentence_id": 22,
      "sentence": "セグメント利益は、前期比１億84百万円改善の５億６百万円となりました",
      "opinions": [
        {
          "target": "セグメント利益",
          "category": "NULL#profit",
          "polarity": "positive",
          "from": 0,
          "to": 7
        }
      ]
    },
    {
      "sentence_id": 23,
      "sentence": "プリント配線板",
      "opinions": []
    },
    {
      "sentence_id": 24,
      "sentence": "プリント配線板は、車載向けの半導体高温スクリーニングテスト用プリント配線板が好調に推移しましたが、平成28年７月７日に公表いたしました「プリント配線板事業の移管」により沖電気工業株式会社グループへの受注切替えが進み、売上高は大幅に減少しました",
      "opinions": [
        {
          "target": "プリント配線板",
          "category": "product#sales",
          "polarity": "negative",
          "from": 0,
          "to": 7
        },
        {
          "target": "プリント配線板",
          "category": "product#general",
          "polarity": "positive",
          "from": 30,
          "to": 37
        }
      ]
    },
    {
      "sentence_id": 25,
      "sentence": "セグメント利益は、売上高の減少により悪化しました",
      "opinions": [
        {
          "target": "セグメント利益",
          "category": "NULL#profit",
          "polarity": "negative",
          "from": 0,
          "to": 7
        }
      ]
    },
    {
      "sentence_id": 26,
      "sentence": "この部門の当期の売上高は26億62百万円(前年同期比13.4%減)となりました",
      "opinions": [
        {
          "target": "売上高",
          "category": "NULL#sales",
          "polarity": "negative",
          "from": 8,
          "to": 11
        }
      ]
    },
    {
      "sentence_id": 27,
      "sentence": "セグメント損失は、前期比３億40百万円悪化の５億32百万円となりました",
      "opinions": [
        {
          "target": "セグメント損失",
          "category": "NULL#profit",
          "polarity": "negative",
          "from": 0,
          "to": 7
        }
      ]
    }
  ]
}