{
  "header": {
    "document_id": "E01974",
    "document_name": "ＮＫＫスイッチズ株式会社",
    "doc_text": "有価証券報告書",
    "edi_id": "E01974",
    "security_code": "69430",
    "category33": "電気機器",
    "category17": "電機・精密",
    "scale": ""
  },
  "sentences": [
    {
      "sentence_id": 0,
      "sentence": "当連結会計年度における各地域の経済・市場概況は、日本では企業収益や設備投資の一部に緩やかな改善が見られるものの、海外においては、新興国経済の減速や米国の政権移行等による世界情勢の不安定感、英国のＥＵ離脱問題など、依然として先行き不透明な状況が続いております",
      "opinions": [
        {
          "target": "企業収益",
          "category": "NULL#general",
          "polarity": "positive",
          "from": 28,
          "to": 32
        },
        {
          "target": "設備投資",
          "category": "NULL#general",
          "polarity": "positive",
          "from": 33,
          "to": 37
        },
        {
          "target": "海外",
          "category": "NULL#general",
          "polarity": "neutral",
          "from": 56,
          "to": 58
        },
        {
          "target": "新興国経済",
          "category": "NULL#general",
          "polarity": "negative",
          "from": 64,
          "to": 69
        },
        {
          "target": "世界情勢",
          "category": "NULL#general",
          "polarity": "negative",
          "from": 84,
          "to": 88
        }
      ]
    },
    {
      "sentence_id": 1,
      "sentence": "このような状況の中、当連結会計年度の売上高は69億９千７百万円（前年同期比8.2%減）、営業損失は２億７千４百万円（前年同期は２億８千９百万円の営業利益）、経常損失は為替差損が８千９百万円発生したこと等により３億２千９百万円（前年同期は２億３千７百万円の経常利益）、親会社株主に帰属する当期純損失は６億円（前年同期は８千７百万円の親会社株主に帰属する当期純利益）となりました",
      "opinions": [
        {
          "target": "売上高",
          "category": "NULL#sales",
          "polarity": "negative",
          "from": 18,
          "to": 21
        },
        {
          "target": "営業損失",
          "category": "NULL#profit",
          "polarity": "negative",
          "from": 44,
          "to": 48
        },
        {
          "target": "経常損失",
          "category": "NULL#profit",
          "polarity": "negative",
          "from": 78,
          "to": 82
        },
        {
          "target": "当期純損失",
          "category": "NULL#profit",
          "polarity": "negative",
          "from": 143,
          "to": 148
        }
      ]
    },
    {
      "sentence_id": 2,
      "sentence": "しかしながら当社グループは、平成26年度から平成28年度の３ヵ年の中期経営計画「Accomplish 100」の中で、市場の「変化」に対し、様々な「変化」を実現させてまいりました",
      "opinions": []
    },
    {
      "sentence_id": 3,
      "sentence": "販売面においては米国市場での販売体制の抜本的見直しによる流通在庫の圧縮、中国市場でのチャネルを強化すべく中国Eコマースの開始、またそれに伴う中国倉庫の新設など、それぞれの拠点において体質強化策もあわせて展開しております",
      "opinions": []
    },
    {
      "sentence_id": 4,
      "sentence": "生産面においては、第３の生産拠点となるフィリピンのマクタン工場が当連結会計年度より本格稼働、またいわき工場のタッチパネル専門工場化、さらに開発面においては、高付加価値商品をタイムリーに市場へ投入するための3DCAD・3Dプリンター・構造解析・流体解析システム導入などによる研究開発環境の整備、3Dプリンターを活用した試作サービスの開始、品質面では当社グループの武器である品質をさらに強化するための「品質情報一元化システム」の導入など、グローバル市場における競争力を確固たるものにするための積極的な施策を行っております",
      "opinions": []
    },
    {
      "sentence_id": 5,
      "sentence": "このような環境変化に対応しうる、次世代を意識した積極的な投資が近い将来実を結ぶよう努力を続けてまいります",
      "opinions": []
    },
    {
      "sentence_id": 6,
      "sentence": "なお、セグメントの概況は次のとおりであります",
      "opinions": []
    },
    {
      "sentence_id": 7,
      "sentence": "①　日本",
      "opinions": []
    },
    {
      "sentence_id": 8,
      "sentence": "為替は円安水準が続いているものの、米国の保護主義的な政策運営や欧州政治情勢など海外動向に不透明感が残る中、国内経済は力強さを欠く状態が続いております",
      "opinions": [
        {
          "target": "海外動向",
          "category": "NULL#general",
          "polarity": "neutral",
          "from": 39,
          "to": 43
        },
        {
          "target": "国内経済",
          "category": "NULL#general",
          "polarity": "negative",
          "from": 53,
          "to": 57
        }
      ]
    },
    {
      "sentence_id": 9,
      "sentence": "こうした中、当社グループ販売強化項目を中心に積極的に展開して取り組みましたが、当連結会計年度の外部顧客向売上高は41億２千２百万円（前年同期比5.0%減）、グループ間の取引を含んだ売上高は61億１千２百万円（同10.3%減）となりました",
      "opinions": [
        {
          "target": "売上高",
          "category": "NULL#sales",
          "polarity": "negative",
          "from": 52,
          "to": 55
        },
        {
          "target": "売上高",
          "category": "NULL#sales",
          "polarity": "negative",
          "from": 90,
          "to": 93
        }
      ]
    },
    {
      "sentence_id": 10,
      "sentence": "②　米国",
      "opinions": []
    },
    {
      "sentence_id": 11,
      "sentence": "新政権発足後、雇用・所得環境の改善は見られるものの政策の不確実性が増しており、先行き不透明な状況で推移しております",
      "opinions": [
        {
          "target": "雇用",
          "category": "NULL#general",
          "polarity": "positive",
          "from": 7,
          "to": 9
        },
        {
          "target": "所得環境",
          "category": "NULL#general",
          "polarity": "positive",
          "from": 10,
          "to": 14
        },
        {
          "target": "政策",
          "category": "NULL#general",
          "polarity": "negative",
          "from": 25,
          "to": 27
        }
      ]
    },
    {
      "sentence_id": 12,
      "sentence": "こうした中、販売チャネルとの取引形態の見直しを進めることにより、流通在庫の大幅削減を実行いたしました",
      "opinions": []
    },
    {
      "sentence_id": 13,
      "sentence": "さらには、当社グループ販売強化項目の一つであるカタログディストリビューターを中心とする「ネットセールス」に取り組むなど、積極的に施策を展開してまいりましたが、現地通貨ベースでは前年同期比3.0%減となりました",
      "opinions": [
        {
          "target": "現地通貨ベース",
          "category": "NULL#sales",
          "polarity": "negative",
          "from": 79,
          "to": 86
        }
      ]
    },
    {
      "sentence_id": 14,
      "sentence": "更に為替の影響により、当連結会計年度の売上高は22億２千３百万円（前年同期比12.5%減）となりました",
      "opinions": [
        {
          "target": "売上高",
          "category": "NULL#sales",
          "polarity": "negative",
          "from": 19,
          "to": 22
        }
      ]
    },
    {
      "sentence_id": 15,
      "sentence": "③　アジア",
      "opinions": []
    },
    {
      "sentence_id": 16,
      "sentence": "景気減速の動きは緩やかになったものの中国経済は引続き回復基調にはないことから、その影響が中国だけにとどまらず、アジア市場全体についても弱含みに推移しております",
      "opinions": [
        {
          "target": "景気減速",
          "category": "NULL#general",
          "polarity": "positive",
          "from": 0,
          "to": 4
        },
        {
          "target": "中国経済",
          "category": "NULL#general",
          "polarity": "negative",
          "from": 18,
          "to": 22
        },
        {
          "target": "アジア市場",
          "category": "NULL#general",
          "polarity": "negative",
          "from": 55,
          "to": 60
        }
      ]
    },
    {
      "sentence_id": 17,
      "sentence": "こうした中、当社グループ販売強化項目の一つである「特定市場」を中心に市場開拓を行うとともに中国をはじめとする代理店網の強化策などに積極的に取り組んでまいりましたが、外部顧客向売上高は現地通貨ベースで前年同期比2.2%減となりました",
      "opinions": [
        {
          "target": "売上高",
          "category": "NULL#sales",
          "polarity": "negative",
          "from": 87,
          "to": 90
        }
      ]
    },
    {
      "sentence_id": 18,
      "sentence": "更に為替の影響により当連結会計年度の売上高は33億１千４百万円（前年同期比22.0%減）、外部顧客向売上高は６億５千１百万円（同11.8%減）となりました",
      "opinions": [
        {
          "target": "売上高",
          "category": "NULL#sales",
          "polarity": "negative",
          "from": 18,
          "to": 21
        },
        {
          "target": "売上高",
          "category": "NULL#sales",
          "polarity": "negative",
          "from": 50,
          "to": 53
        }
      ]
    }
  ]
}