{
  "header": {
    "document_id": "E02049",
    "document_name": "株式会社テセック",
    "doc_text": "有価証券報告書",
    "edi_id": "E02049",
    "security_code": "63370",
    "category33": "機械",
    "category17": "機械",
    "scale": ""
  },
  "sentences": [
    {
      "sentence_id": 0,
      "sentence": "当連結会計年度における世界経済は、米国では金融政策正常化へ踏み出す中、新政権による拡張的な財政政策への期待とともに今後の政策運営への疑念が高まりました",
      "opinions": []
    },
    {
      "sentence_id": 1,
      "sentence": "欧州では金融不安を抱える中、テロなどの地政学リスクや英国のＥＵ離脱への動きが顕在化し、アジアでも中国経済の減速、国内消費の停滞など不透明な状況が続きましたが、全体として緩やかな回復基調が維持されました",
      "opinions": [
        {
          "target": "欧州",
          "category": "NULL#general",
          "polarity": "positive",
          "from": 0,
          "to": 2
        },
        {
          "target": "中国経済",
          "category": "NULL#general",
          "polarity": "negative",
          "from": 48,
          "to": 52
        },
        {
          "target": "国内消費",
          "category": "NULL#general",
          "polarity": "negative",
          "from": 56,
          "to": 60
        }
      ]
    },
    {
      "sentence_id": 2,
      "sentence": "半導体業界におきましては、スマートフォンなどモバイル機器の高機能化・大容量化、データセンター投資の増加に伴う3D-NAND型フラッシュメモリなどの需要拡大、産業機械や自動車搭載用途のパワーデバイスの需要拡大などを背景として、ファウンドリや半導体メーカーに設備投資を積極化する動きが本格化したことから、半導体製造装置市場の回復が鮮明となりました",
      "opinions": [
        {
          "target": "データセンター投資",
          "category": "NULL#general",
          "polarity": "positive",
          "from": 39,
          "to": 48
        },
        {
          "target": "3D-NAND型フラッシュメモリ",
          "category": "NULL#general",
          "polarity": "positive",
          "from": 54,
          "to": 70
        },
        {
          "target": "パワーデバイス",
          "category": "NULL#general",
          "polarity": "positive",
          "from": 91,
          "to": 98
        },
        {
          "target": "設備投資",
          "category": "NULL#general",
          "polarity": "positive",
          "from": 127,
          "to": 131
        },
        {
          "target": "半導体製造装置市場",
          "category": "market#general",
          "polarity": "positive",
          "from": 150,
          "to": 159
        }
      ]
    },
    {
      "sentence_id": 3,
      "sentence": "このような状況の中、主力製品であるパワーデバイス用テスタやＭＡＰハンドラ、新製品であるウェハパラレルテスタやウェハプローバ・テスタ一体型パワーデバイス測定システムなど、付加価値の高い戦略モデルを主体とした受注活動を展開するとともに、新たな顧客層である電子部品メーカーなどの新規開拓に注力しました",
      "opinions": []
    },
    {
      "sentence_id": 4,
      "sentence": "以上の結果、受注高は44億25百万円（前期比34.0％増）、売上高は40億95百万円（同30.3％増）となりました",
      "opinions": [
        {
          "target": "受注高",
          "category": "NULL#amount",
          "polarity": "positive",
          "from": 6,
          "to": 9
        },
        {
          "target": "売上高",
          "category": "NULL#sales",
          "polarity": "positive",
          "from": 30,
          "to": 33
        }
      ]
    },
    {
      "sentence_id": 5,
      "sentence": "製品別売上高はハンドラ16億82百万円（同55.5％増）、テスタ13億96百万円（同56.4％増）、パーツ等10億16百万円（同12.9％減）となりました",
      "opinions": [
        {
          "target": "ハンドラ",
          "category": "product#sales",
          "polarity": "positive",
          "from": 7,
          "to": 11
        },
        {
          "target": "テスタ",
          "category": "product#sales",
          "polarity": "positive",
          "from": 29,
          "to": 32
        },
        {
          "target": "パーツ",
          "category": "product#sales",
          "polarity": "negative",
          "from": 50,
          "to": 53
        }
      ]
    },
    {
      "sentence_id": 6,
      "sentence": "損益面は、高付加価値製品の受注増、生産効率化に伴う原価低減などにより、営業利益2億13百万円（前期は営業損失4億37百万円）、経常利益3億3百万円（同経常損失3億87百万円）、親会社株主に帰属する当期純利益2億61百万円（同親会社株主に帰属する当期純損失4億70百万円）となりました",
      "opinions": [
        {
          "target": "高付加価値製品",
          "category": "product#amount",
          "polarity": "positive",
          "from": 5,
          "to": 12
        },
        {
          "target": "営業利益",
          "category": "NULL#profit",
          "polarity": "positive",
          "from": 35,
          "to": 39
        },
        {
          "target": "経常利益",
          "category": "NULL#profit",
          "polarity": "positive",
          "from": 63,
          "to": 67
        },
        {
          "target": "当期純利益",
          "category": "NULL#profit",
          "polarity": "positive",
          "from": 98,
          "to": 103
        }
      ]
    }
  ]
}