{
  "header": {
    "document_id": "E02423",
    "document_name": "藤森工業株式会社",
    "doc_text": "有価証券報告書",
    "edi_id": "E02423",
    "security_code": "79170",
    "category33": "化学",
    "category17": "素材・化学",
    "scale": "6"
  },
  "sentences": [
    {
      "sentence_id": 0,
      "sentence": "当連結会計年度における世界経済は、英国のＥＵ離脱問題や米国の大統領選挙などが景気に与える影響が注目される展開となりましたが、米国では景気回復が継続し、欧州、中国やアジア諸国においても期後半に持ち直しの動きが見られるなど、総じて緩やかな回復基調となりました",
      "opinions": [
        {
          "target": "世界経済",
          "category": "NULL#general",
          "polarity": "positive",
          "from": 11,
          "to": 15
        },
        {
          "target": "景気回復",
          "category": "NULL#general",
          "polarity": "positive",
          "from": 66,
          "to": 70
        },
        {
          "target": "中国",
          "category": "NULL#general",
          "polarity": "positive",
          "from": 78,
          "to": 80
        },
        {
          "target": "アジア諸国",
          "category": "NULL#general",
          "polarity": "positive",
          "from": 81,
          "to": 86
        }
      ]
    },
    {
      "sentence_id": 1,
      "sentence": "また、国内経済においても、足許では堅調な雇用・所得情勢を受けて個人消費が改善し企業収益も回復しておりますが、米国新政権の諸政策をはじめとした海外情勢の景気への影響の懸念もあり、先行き不透明な展開が続いております",
      "opinions": [
        {
          "target": "国内経済",
          "category": "NULL#general",
          "polarity": "neutral",
          "from": 3,
          "to": 7
        },
        {
          "target": "雇用",
          "category": "NULL#general",
          "polarity": "positive",
          "from": 20,
          "to": 22
        },
        {
          "target": "所得情勢",
          "category": "NULL#general",
          "polarity": "positive",
          "from": 23,
          "to": 27
        },
        {
          "target": "個人消費",
          "category": "NULL#general",
          "polarity": "positive",
          "from": 31,
          "to": 35
        },
        {
          "target": "企業収益",
          "category": "NULL#general",
          "polarity": "positive",
          "from": 39,
          "to": 43
        }
      ]
    },
    {
      "sentence_id": 2,
      "sentence": "このような環境の下、情報電子事業は前年比で売上微減の展開となったものの、建築資材事業で堅調な販売により増収を確保したことに加え、ライフサイエンス事業ではインドネシア子会社が加わったことで増収となり、当社グループの売上は前年同期比で増加いたしました",
      "opinions": [
        {
          "target": "情報電子事業",
          "category": "business#sales",
          "polarity": "negative",
          "from": 10,
          "to": 16
        },
        {
          "target": "建築資材事業",
          "category": "business#amount",
          "polarity": "positive",
          "from": 36,
          "to": 42
        },
        {
          "target": "建築資材事業",
          "category": "business#sales",
          "polarity": "positive",
          "from": 36,
          "to": 42
        },
        {
          "target": "ライフサイエンス事業",
          "category": "business#sales",
          "polarity": "positive",
          "from": 64,
          "to": 74
        },
        {
          "target": "売上",
          "category": "NULL#sales",
          "polarity": "positive",
          "from": 106,
          "to": 108
        }
      ]
    },
    {
      "sentence_id": 3,
      "sentence": "損益面では、生産効率の向上、高付加価値製品の販売強化、コスト削減などに努めたものの、情報電子事業の主力製品であるプロテクトフィルムの販売単価下げの影響を大きく受けたことに加え、減価償却費を中心とした台湾子会社の固定費の増加、米国子会社の新工場立上関連費用の増加、研究開発費・戦略的固定費の増加などがあったことにより、前年同期比で営業利益・経常利益は減益となりました",
      "opinions": [
        {
          "target": "プロテクトフィルム",
          "category": "product#price",
          "polarity": "negative",
          "from": 56,
          "to": 65
        },
        {
          "target": "固定費",
          "category": "NULL#cost",
          "polarity": "negative",
          "from": 105,
          "to": 108
        },
        {
          "target": "新工場立上関連費用",
          "category": "NULL#cost",
          "polarity": "negative",
          "from": 118,
          "to": 127
        },
        {
          "target": "研究開発費",
          "category": "NULL#cost",
          "polarity": "negative",
          "from": 131,
          "to": 136
        },
        {
          "target": "戦略的固定費",
          "category": "NULL#cost",
          "polarity": "negative",
          "from": 137,
          "to": 143
        },
        {
          "target": "営業利益",
          "category": "NULL#profit",
          "polarity": "negative",
          "from": 164,
          "to": 168
        },
        {
          "target": "経常利益",
          "category": "NULL#profit",
          "polarity": "negative",
          "from": 169,
          "to": 173
        }
      ]
    },
    {
      "sentence_id": 4,
      "sentence": "また、米国子会社で足許の業績が当初の計画から乖離したことに伴う減損損失13億57百万円等により14億70百万円の特別損失を計上しました",
      "opinions": [
        {
          "target": "業績",
          "category": "NULL#general",
          "polarity": "negative",
          "from": 12,
          "to": 14
        }
      ]
    },
    {
      "sentence_id": 5,
      "sentence": "その結果、当連結会計年度における業績は、売上高984億21百万円（前年同期比3.0％増）、営業利益68億70百万円（前年同期比15.8％減）、経常利益70億35百万円（前年同期比12.7％減）、親会社株主に帰属する当期純利益27億20百万円（前年同期比44.7％減）となりました",
      "opinions": [
        {
          "target": "売上高",
          "category": "NULL#sales",
          "polarity": "positive",
          "from": 20,
          "to": 23
        },
        {
          "target": "営業利益",
          "category": "NULL#profit",
          "polarity": "negative",
          "from": 45,
          "to": 49
        },
        {
          "target": "経常利益",
          "category": "NULL#profit",
          "polarity": "negative",
          "from": 71,
          "to": 75
        },
        {
          "target": "当期純利益",
          "category": "NULL#profit",
          "polarity": "negative",
          "from": 107,
          "to": 112
        }
      ]
    },
    {
      "sentence_id": 6,
      "sentence": "セグメントの業績は、次のとおりであります",
      "opinions": []
    },
    {
      "sentence_id": 7,
      "sentence": "（ライフサイエンス事業）",
      "opinions": []
    },
    {
      "sentence_id": 8,
      "sentence": "食品用包装材では受注減少の展開となりました",
      "opinions": [
        {
          "target": "食品用包装材",
          "category": "product#sales",
          "polarity": "negative",
          "from": 0,
          "to": 6
        }
      ]
    },
    {
      "sentence_id": 9,
      "sentence": "日用品向包装材（粧業包装／詰替パウチ）では国内の売上は堅調に推移したものの、タイ子会社において受注が低調に推移したことにより減収となりました",
      "opinions": [
        {
          "target": "粧業包装",
          "category": "product#sales",
          "polarity": "negative",
          "from": 8,
          "to": 12
        },
        {
          "target": "詰替パウチ",
          "category": "product#sales",
          "polarity": "negative",
          "from": 13,
          "to": 18
        },
        {
          "target": "売上",
          "category": "NULL#sales",
          "polarity": "positive",
          "from": 24,
          "to": 26
        },
        {
          "target": "タイ子会社",
          "category": "company#amount",
          "polarity": "negative",
          "from": 38,
          "to": 43
        }
      ]
    },
    {
      "sentence_id": 10,
      "sentence": "また、液体容器では不採算部門の解消を進めたことなどにより大きく減収となりました",
      "opinions": [
        {
          "target": "液体容器",
          "category": "product#sales",
          "polarity": "negative",
          "from": 3,
          "to": 7
        }
      ]
    },
    {
      "sentence_id": 11,
      "sentence": "その一方、医薬・医療用包装材においてインドネシア子会社の売上が加わったことにより、事業全体として増収となりました",
      "opinions": [
        {
          "target": "事業全体",
          "category": "NULL#general",
          "polarity": "positive",
          "from": 41,
          "to": 45
        }
      ]
    },
    {
      "sentence_id": 12,
      "sentence": "この結果、売上高は480億58百万円（前年同期比3.5％増）となりました",
      "opinions": [
        {
          "target": "売上高",
          "category": "NULL#sales",
          "polarity": "positive",
          "from": 5,
          "to": 8
        }
      ]
    },
    {
      "sentence_id": 13,
      "sentence": "（情報電子事業）",
      "opinions": []
    },
    {
      "sentence_id": 14,
      "sentence": "情報記録用材については、パソコン・サーバー向け、並びにスマートフォン向けで大きく増収となり、剥離フィルムについても中国スマートフォン向けを中心に堅調に推移いたしました",
      "opinions": [
        {
          "target": "パソコン・サーバー向け",
          "category": "product#sales",
          "polarity": "positive",
          "from": 12,
          "to": 23
        },
        {
          "target": "スマートフォン向け",
          "category": "product#sales",
          "polarity": "positive",
          "from": 27,
          "to": 36
        },
        {
          "target": "剥離フィルム",
          "category": "product#general",
          "polarity": "positive",
          "from": 46,
          "to": 52
        }
      ]
    },
    {
      "sentence_id": 15,
      "sentence": "プロテクトフィルムについては、台湾子会社で量産体制を整え、国内分も含め生産数量としては前年を上回ったものの、業界における販売単価下げの影響を大きく受けたことで売上が伸び悩み、事業全体としては売上微減の展開となりました",
      "opinions": [
        {
          "target": "プロテクトフィルム",
          "category": "product#amount",
          "polarity": "positive",
          "from": 0,
          "to": 9
        },
        {
          "target": "プロテクトフィルム",
          "category": "product#price",
          "polarity": "negative",
          "from": 0,
          "to": 9
        },
        {
          "target": "プロテクトフィルム",
          "category": "product#sales",
          "polarity": "negative",
          "from": 0,
          "to": 9
        },
        {
          "target": "事業全体",
          "category": "NULL#general",
          "polarity": "negative",
          "from": 87,
          "to": 91
        }
      ]
    },
    {
      "sentence_id": 16,
      "sentence": "この結果、売上高は363億50百万円（前年同期比0.3％減）となりました",
      "opinions": [
        {
          "target": "売上高",
          "category": "NULL#sales",
          "polarity": "negative",
          "from": 5,
          "to": 8
        }
      ]
    },
    {
      "sentence_id": 17,
      "sentence": "（建築資材事業）",
      "opinions": []
    },
    {
      "sentence_id": 18,
      "sentence": "建材関連においては、首都圏再開発物件等により煙突工事並びに空調用配管の売上は順調に推移したことに加え、集合住宅向けボイドスラブ（床構造部材）の売上も前年を上回ることができました",
      "opinions": [
        {
          "target": "煙突工事",
          "category": "product#sales",
          "polarity": "positive",
          "from": 22,
          "to": 26
        },
        {
          "target": "配管",
          "category": "product#sales",
          "polarity": "positive",
          "from": 32,
          "to": 34
        },
        {
          "target": "ボイドスラブ",
          "category": "product#sales",
          "polarity": "positive",
          "from": 57,
          "to": 63
        }
      ]
    },
    {
      "sentence_id": 19,
      "sentence": "土木関連については、トンネル用資材の売上が増額いたしました",
      "opinions": [
        {
          "target": "資材",
          "category": "product#sales",
          "polarity": "positive",
          "from": 15,
          "to": 17
        }
      ]
    },
    {
      "sentence_id": 20,
      "sentence": "この結果、売上高は140億12百万円（前年同期比10.9％増）となりました",
      "opinions": [
        {
          "target": "売上高",
          "category": "NULL#sales",
          "polarity": "positive",
          "from": 5,
          "to": 8
        }
      ]
    }
  ]
}