{
  "header": {
    "document_id": "E02530",
    "document_name": "ＯＵＧホールディングス株式会社",
    "doc_text": "有価証券報告書",
    "edi_id": "E02530",
    "security_code": "80410",
    "category33": "卸売業",
    "category17": "商社・卸売",
    "scale": "7"
  },
  "sentences": [
    {
      "sentence_id": 0,
      "sentence": "当連結会計年度におけるわが国経済は、景気の回復には個人消費など一部に足踏みがみられるものの、企業収益、雇用・所得環境、生産活動、設備投資は総じて堅調であり、緩やかな回復基調にありました",
      "opinions": [
        {
          "target": "わが国経済",
          "category": "NULL#general",
          "polarity": "positive",
          "from": 11,
          "to": 16
        },
        {
          "target": "個人消費",
          "category": "NULL#general",
          "polarity": "negative",
          "from": 25,
          "to": 29
        },
        {
          "target": "企業収益",
          "category": "NULL#general",
          "polarity": "positive",
          "from": 46,
          "to": 50
        },
        {
          "target": "雇用",
          "category": "NULL#general",
          "polarity": "positive",
          "from": 51,
          "to": 53
        },
        {
          "target": "所得環境",
          "category": "NULL#general",
          "polarity": "positive",
          "from": 54,
          "to": 58
        },
        {
          "target": "生産活動",
          "category": "NULL#general",
          "polarity": "positive",
          "from": 59,
          "to": 63
        },
        {
          "target": "設備投資",
          "category": "NULL#general",
          "polarity": "positive",
          "from": 64,
          "to": 68
        }
      ]
    },
    {
      "sentence_id": 1,
      "sentence": "消費者心理は日常品を中心に節約志向が依然として続き、回復には足踏みがみられます",
      "opinions": [
        {
          "target": "消費者心理",
          "category": "NULL#general",
          "polarity": "negative",
          "from": 0,
          "to": 5
        }
      ]
    },
    {
      "sentence_id": 2,
      "sentence": "水産物流通業界におきましては、輸入水産物は国際競争の激化などにより、調達コストが高水準で推移し、販売競争が激化するなど厳しい経営環境下にありました",
      "opinions": [
        {
          "target": "国際競争",
          "category": "NULL#general",
          "polarity": "negative",
          "from": 21,
          "to": 25
        },
        {
          "target": "調達コスト",
          "category": "NULL#cost",
          "polarity": "negative",
          "from": 34,
          "to": 39
        },
        {
          "target": "販売競争",
          "category": "NULL#general",
          "polarity": "negative",
          "from": 48,
          "to": 52
        }
      ]
    },
    {
      "sentence_id": 3,
      "sentence": "このような環境にあって、当社グループは、全体最適のグループ経営のもと、販売力・調達力の強化、顧客起点志向の追求、地域に対応したソリューションの提供、業務の効率化、諸経費の削減などに注力し積極的な事業活動を展開してまいりました",
      "opinions": []
    },
    {
      "sentence_id": 4,
      "sentence": "業績の状況につきましては、当連結会計年度の売上高は320,401百万円（前年同期比97.9％）となりました",
      "opinions": [
        {
          "target": "売上高",
          "category": "NULL#sales",
          "polarity": "negative",
          "from": 21,
          "to": 24
        }
      ]
    },
    {
      "sentence_id": 5,
      "sentence": "損益面では、売上総利益は24,225百万円（前年同期比104.3％）となり、営業利益2,645百万円（前年同期比133.9％）、経常利益2,151百万円（前年同期比111.9％）、親会社株主に帰属する当期純利益1,742百万円（前年同期比157.0％）となりました",
      "opinions": [
        {
          "target": "売上総利益",
          "category": "NULL#profit",
          "polarity": "positive",
          "from": 6,
          "to": 11
        },
        {
          "target": "営業利益",
          "category": "NULL#profit",
          "polarity": "positive",
          "from": 38,
          "to": 42
        },
        {
          "target": "経常利益",
          "category": "NULL#profit",
          "polarity": "positive",
          "from": 64,
          "to": 68
        },
        {
          "target": "当期純利益",
          "category": "NULL#profit",
          "polarity": "positive",
          "from": 100,
          "to": 105
        }
      ]
    },
    {
      "sentence_id": 6,
      "sentence": "セグメントの業績は次のとおりであります",
      "opinions": []
    },
    {
      "sentence_id": 7,
      "sentence": "＜水産物荷受事業＞",
      "opinions": []
    },
    {
      "sentence_id": 8,
      "sentence": "中央卸売市場を核とする集荷販売機能をもつ水産物荷受事業は、販売単価は上昇したものの取扱数量の減少などにより売上高200,016百万円（前年同期比97.8％）となりましたが、売上総利益率の上昇及び間接経費全般の節減によりセグメント利益1,771百万円（前年同期比111.0％）となりました",
      "opinions": [
        {
          "target": "水産物荷受事業",
          "category": "business#price",
          "polarity": "positive",
          "from": 20,
          "to": 27
        },
        {
          "target": "水産物荷受事業",
          "category": "business#amount",
          "polarity": "negative",
          "from": 20,
          "to": 27
        },
        {
          "target": "水産物荷受事業",
          "category": "business#sales",
          "polarity": "negative",
          "from": 20,
          "to": 27
        },
        {
          "target": "水産物荷受事業",
          "category": "business#cost",
          "polarity": "positive",
          "from": 20,
          "to": 27
        },
        {
          "target": "水産物荷受事業",
          "category": "business#profit",
          "polarity": "positive",
          "from": 20,
          "to": 27
        }
      ]
    },
    {
      "sentence_id": 9,
      "sentence": "＜市場外水産物卸売事業＞",
      "opinions": []
    },
    {
      "sentence_id": 10,
      "sentence": "全国各地を網羅する販売拠点を活かした幅広い流通網をもつ市場外水産物卸売事業は、販売単価は上昇したものの販売数量の減少などにより売上高119,513百万円（前年同期比99.2％）、売上総利益率の上昇によりセグメント利益452百万円（前年同期はセグメント損失45百万円）となりました",
      "opinions": [
        {
          "target": "市場外水産物卸売事業",
          "category": "business#price",
          "polarity": "positive",
          "from": 27,
          "to": 37
        },
        {
          "target": "市場外水産物卸売事業",
          "category": "business#amount",
          "polarity": "negative",
          "from": 27,
          "to": 37
        },
        {
          "target": "市場外水産物卸売事業",
          "category": "business#sales",
          "polarity": "negative",
          "from": 27,
          "to": 37
        },
        {
          "target": "市場外水産物卸売事業",
          "category": "business#profit",
          "polarity": "positive",
          "from": 27,
          "to": 37
        }
      ]
    },
    {
      "sentence_id": 11,
      "sentence": "＜養殖事業＞",
      "opinions": []
    },
    {
      "sentence_id": 12,
      "sentence": "九州、四国にて、ハマチ、ブリ、マグロの養殖を展開する養殖事業は、販売単価の低下、販売数量の減少により売上高8,105百万円（前年同期比95.9％）、餌料価格の高騰等による生産コストの上昇などによりセグメント利益203百万円（前年同期比86.2％）となりました",
      "opinions": [
        {
          "target": "養殖事業",
          "category": "business#price",
          "polarity": "negative",
          "from": 26,
          "to": 30
        },
        {
          "target": "養殖事業",
          "category": "business#amount",
          "polarity": "negative",
          "from": 26,
          "to": 30
        },
        {
          "target": "養殖事業",
          "category": "business#sales",
          "polarity": "negative",
          "from": 26,
          "to": 30
        },
        {
          "target": "養殖事業",
          "category": "business#cost",
          "polarity": "negative",
          "from": 26,
          "to": 30
        },
        {
          "target": "養殖事業",
          "category": "business#profit",
          "polarity": "negative",
          "from": 26,
          "to": 30
        }
      ]
    },
    {
      "sentence_id": 13,
      "sentence": "＜食品加工事業＞",
      "opinions": []
    },
    {
      "sentence_id": 14,
      "sentence": "消費地にある食品加工センターにて水産加工、量販店向けにおにぎり等米飯加工などを行う食品加工事業は、売上高4,831百万円（前年同期比99.2％）となり、原材料価格は上昇したものの生産効率の向上によりセグメント損失4百万円（前年同期はセグメント損失90百万円）となりました",
      "opinions": [
        {
          "target": "食品加工事業",
          "category": "business#sales",
          "polarity": "negative",
          "from": 41,
          "to": 47
        },
        {
          "target": "食品加工事業",
          "category": "business#cost",
          "polarity": "positive",
          "from": 41,
          "to": 47
        },
        {
          "target": "食品加工事業",
          "category": "business#profit",
          "polarity": "positive",
          "from": 41,
          "to": 47
        }
      ]
    },
    {
      "sentence_id": 15,
      "sentence": "＜物流事業＞",
      "opinions": []
    },
    {
      "sentence_id": 16,
      "sentence": "物流センターにおいて、搬入された水産物等を量販店等の配送先別に仕分け、自社便にて配送を行う物流事業は、取扱い数量の増加により売上高2,178百万円（前年同期比103.9％）、セグメント損失7百万円（前年同期はセグメント損失34百万円）となりました",
      "opinions": [
        {
          "target": "物流事業",
          "category": "business#amount",
          "polarity": "positive",
          "from": 45,
          "to": 49
        },
        {
          "target": "物流事業",
          "category": "business#sales",
          "polarity": "positive",
          "from": 45,
          "to": 49
        },
        {
          "target": "物流事業",
          "category": "business#profit",
          "polarity": "positive",
          "from": 45,
          "to": 49
        }
      ]
    },
    {
      "sentence_id": 17,
      "sentence": "＜その他＞",
      "opinions": []
    },
    {
      "sentence_id": 18,
      "sentence": "グループの水産物流通を補完するリース事業等その他は、売上高5,688百万円（前年同期は5,690百万円）、セグメント利益132百万円（前年同期比108.3％）となりました",
      "opinions": [
        {
          "target": "その他",
          "category": "business#sales",
          "polarity": "negative",
          "from": 21,
          "to": 24
        },
        {
          "target": "その他",
          "category": "business#profit",
          "polarity": "positive",
          "from": 21,
          "to": 24
        }
      ]
    }
  ]
}