{
  "header": {
    "document_id": "E02627",
    "document_name": "堀田丸正株式会社",
    "doc_text": "有価証券報告書",
    "edi_id": "E02627",
    "security_code": "81050",
    "category33": "卸売業",
    "category17": "商社・卸売",
    "scale": ""
  },
  "sentences": [
    {
      "sentence_id": 0,
      "sentence": "当連結会計年度におけるわが国経済は、企業収益や雇用環境の改善により緩やかな回復基調で推移したものの、アジア新興国経済の減速や英国のＥＵ離脱問題、米国の新政策動向に関する懸念など、依然として先行き不透明な状況が続いております",
      "opinions": [
        {
          "target": "わが国経済",
          "category": "NULL#general",
          "polarity": "neutral",
          "from": 11,
          "to": 16
        },
        {
          "target": "企業収益",
          "category": "NULL#general",
          "polarity": "positive",
          "from": 18,
          "to": 22
        },
        {
          "target": "雇用環境",
          "category": "NULL#general",
          "polarity": "positive",
          "from": 23,
          "to": 27
        },
        {
          "target": "アジア新興国経済",
          "category": "NULL#general",
          "polarity": "positive",
          "from": 50,
          "to": 58
        }
      ]
    },
    {
      "sentence_id": 1,
      "sentence": "このような事業環境のもと、当社グループでは、Ｍ＆Ａの積極推進により事業規模拡大を目指しており、当社は、平成28年８月31日付にてイエリデザインプロダクツ株式会社より、横ニット事業（企画及び販売事業）を事業譲受し「イエリデザイン事業部」としております",
      "opinions": []
    },
    {
      "sentence_id": 2,
      "sentence": "これらの結果、売上高74億88百万円（前年同期比0.5％増）、営業利益は86百万円（前年同期比6.6％増）、経常利益は１億８百万円（前年同期比40.8％増）、親会社株主に帰属する当期純利益は86百万円（前年同期比115.3％増）となりました",
      "opinions": [
        {
          "target": "売上高",
          "category": "NULL#sales",
          "polarity": "positive",
          "from": 7,
          "to": 10
        },
        {
          "target": "営業利益",
          "category": "NULL#profit",
          "polarity": "positive",
          "from": 31,
          "to": 35
        },
        {
          "target": "経常利益",
          "category": "NULL#profit",
          "polarity": "positive",
          "from": 54,
          "to": 58
        },
        {
          "target": "当期純利益",
          "category": "NULL#profit",
          "polarity": "positive",
          "from": 89,
          "to": 94
        }
      ]
    },
    {
      "sentence_id": 3,
      "sentence": "セグメントの状況は次のとおりであります",
      "opinions": []
    },
    {
      "sentence_id": 4,
      "sentence": "なお、第２四半期連結累計期間より、事業譲受した横ニット事業を「意匠撚糸事業」に含めております",
      "opinions": []
    },
    {
      "sentence_id": 5,
      "sentence": "和装事業は、既存事業の専門店・百貨店取引ともに売上が落ち込みましたが、平成27年８月に事業譲受した株式会社吉利が売上に寄与いたしました",
      "opinions": [
        {
          "target": "専門店",
          "category": "business#sales",
          "polarity": "negative",
          "from": 11,
          "to": 14
        },
        {
          "target": "百貨店取引",
          "category": "business#sales",
          "polarity": "negative",
          "from": 15,
          "to": 20
        },
        {
          "target": "株式会社吉利",
          "category": "company#sales",
          "polarity": "positive",
          "from": 49,
          "to": 55
        }
      ]
    },
    {
      "sentence_id": 6,
      "sentence": "株式会社吉利における粗利率の低下と販管費が増加し、この結果、売上高22億43百万円（前年同期比3.9％増）、営業利益は６百万円（前年同期比87.6％減）となりました",
      "opinions": [
        {
          "target": "株式会社吉利",
          "category": "company#profit",
          "polarity": "negative",
          "from": 0,
          "to": 6
        },
        {
          "target": "株式会社吉利",
          "category": "company#cost",
          "polarity": "negative",
          "from": 0,
          "to": 6
        },
        {
          "target": "売上高",
          "category": "NULL#sales",
          "polarity": "positive",
          "from": 30,
          "to": 33
        },
        {
          "target": "営業利益",
          "category": "NULL#profit",
          "polarity": "negative",
          "from": 54,
          "to": 58
        }
      ]
    },
    {
      "sentence_id": 7,
      "sentence": "寝装事業は、ギフト販売は前年を上回りましたが、量販店・専門店取引ともに売上が落ち込みました",
      "opinions": [
        {
          "target": "ギフト販売",
          "category": "business#sales",
          "polarity": "positive",
          "from": 6,
          "to": 11
        },
        {
          "target": "量販店",
          "category": "business#sales",
          "polarity": "negative",
          "from": 23,
          "to": 26
        },
        {
          "target": "専門店取引",
          "category": "business#sales",
          "polarity": "negative",
          "from": 27,
          "to": 32
        }
      ]
    },
    {
      "sentence_id": 8,
      "sentence": "利益面では、粗利率の改善と販管費の見直しにより営業利益は改善しました",
      "opinions": [
        {
          "target": "粗利率",
          "category": "NULL#profit",
          "polarity": "positive",
          "from": 6,
          "to": 9
        },
        {
          "target": "販管費",
          "category": "NULL#cost",
          "polarity": "positive",
          "from": 13,
          "to": 16
        },
        {
          "target": "営業利益",
          "category": "NULL#profit",
          "polarity": "positive",
          "from": 23,
          "to": 27
        }
      ]
    },
    {
      "sentence_id": 9,
      "sentence": "この結果、売上高６億21百万円（前年同期比8.5％減）、営業利益は31百万円（前年同期比7.6％増）となりました",
      "opinions": [
        {
          "target": "売上高",
          "category": "NULL#sales",
          "polarity": "negative",
          "from": 5,
          "to": 8
        },
        {
          "target": "営業利益",
          "category": "NULL#profit",
          "polarity": "positive",
          "from": 28,
          "to": 32
        }
      ]
    },
    {
      "sentence_id": 10,
      "sentence": "洋装事業は、婦人服の専門店・百貨店取引、ベビー子供服の専門店・量販店取引、ともに個人消費の冷え込みの影響を受け売上は落ち込みました",
      "opinions": [
        {
          "target": "洋装事業",
          "category": "business#sales",
          "polarity": "negative",
          "from": 0,
          "to": 4
        },
        {
          "target": "個人消費",
          "category": "NULL#general",
          "polarity": "negative",
          "from": 40,
          "to": 44
        }
      ]
    },
    {
      "sentence_id": 11,
      "sentence": "利益面では、粗利率の改善と販管費等の削減により営業利益は改善しました",
      "opinions": [
        {
          "target": "粗利率",
          "category": "NULL#profit",
          "polarity": "positive",
          "from": 6,
          "to": 9
        },
        {
          "target": "販管費等",
          "category": "NULL#cost",
          "polarity": "positive",
          "from": 13,
          "to": 17
        },
        {
          "target": "営業利益",
          "category": "NULL#profit",
          "polarity": "positive",
          "from": 23,
          "to": 27
        }
      ]
    },
    {
      "sentence_id": 12,
      "sentence": "この結果、売上高24億31百万円（前年同期比9.5％減）、営業利益は４百万円（前年同期は営業損失18百万円）となりました",
      "opinions": [
        {
          "target": "売上高",
          "category": "NULL#sales",
          "polarity": "negative",
          "from": 5,
          "to": 8
        },
        {
          "target": "営業利益",
          "category": "NULL#profit",
          "polarity": "positive",
          "from": 29,
          "to": 33
        }
      ]
    },
    {
      "sentence_id": 13,
      "sentence": "意匠撚糸事業は、既存事業の国内大手アパレル向け販売が落ち込み売上は減少しましたが、中国市場は好調に推移、さらに、事業譲受したイエリデザイン事業部が売上高・営業利益に寄与いたしました",
      "opinions": [
        {
          "target": "既存事業",
          "category": "business#sales",
          "polarity": "negative",
          "from": 8,
          "to": 12
        },
        {
          "target": "販売",
          "category": "NULL#sales",
          "polarity": "negative",
          "from": 23,
          "to": 25
        },
        {
          "target": "中国市場",
          "category": "market#general",
          "polarity": "positive",
          "from": 41,
          "to": 45
        },
        {
          "target": "イエリデザイン事業部",
          "category": "business#sales",
          "polarity": "positive",
          "from": 62,
          "to": 72
        },
        {
          "target": "イエリデザイン事業部",
          "category": "business#profit",
          "polarity": "positive",
          "from": 62,
          "to": 72
        }
      ]
    },
    {
      "sentence_id": 14,
      "sentence": "この結果、売上高21億87百万円（前年同期比13.8％増）、営業利益は２億円（前年同期比82.6％増）となりました",
      "opinions": [
        {
          "target": "売上高",
          "category": "NULL#sales",
          "polarity": "positive",
          "from": 5,
          "to": 8
        },
        {
          "target": "営業利益",
          "category": "NULL#profit",
          "polarity": "positive",
          "from": 30,
          "to": 34
        }
      ]
    }
  ]
}