{
  "header": {
    "document_id": "E02889",
    "document_name": "ＶＴホールディングス株式会社",
    "doc_text": "有価証券報告書",
    "edi_id": "E02889",
    "security_code": "75930",
    "category33": "小売業",
    "category17": "小売",
    "scale": "6"
  },
  "sentences": [
    {
      "sentence_id": 0,
      "sentence": "国内の新車販売市場は、登録車については年度当初から回復傾向が見られ、軽自動車についても一昨年に実施された軽自動車税の増税以降続いていた落ち込みが緩和してきたことから、当連結会計年度における国内の新車販売台数は前期比2.8％のプラスに転じました",
      "opinions": [
        {
          "target": "登録車",
          "category": "NULL#general",
          "polarity": "positive",
          "from": 11,
          "to": 14
        },
        {
          "target": "軽自動車",
          "category": "NULL#general",
          "polarity": "positive",
          "from": 34,
          "to": 38
        },
        {
          "target": "新車販売台数",
          "category": "NULL#amount",
          "polarity": "positive",
          "from": 97,
          "to": 103
        }
      ]
    },
    {
      "sentence_id": 1,
      "sentence": "当社グループの中核事業であります自動車販売関連事業の当連結会計年度における状況は、日産自動車の軽自動車２車種が４月から６月にかけて販売停止となったことの影響を受けましたが、４月から新たに静岡県においてＢＭＷディーラーの営業を開始した㈱モトーレン静岡と５月に子会社化した英国のWESSEX GARAGES HOLDINGS LIMITEDならびに10月に子会社化したスペインのMASTER AUTOMOCION, S.L.傘下の事業会社12社の販売増が寄与したこともあり、新車、中古車を合わせた自動車販売台数は82,916台と前期に比べ9,099台（12.3％）増加いたしました",
      "opinions": [
        {
          "target": "㈱モトーレン静岡",
          "category": "company#amount",
          "polarity": "positive",
          "from": 116,
          "to": 124
        },
        {
          "target": "WESSEX GARAGES HOLDINGS LIMITED",
          "category": "company#amount",
          "polarity": "positive",
          "from": 137,
          "to": 168
        },
        {
          "target": "事業会社12社",
          "category": "company#amount",
          "polarity": "positive",
          "from": 213,
          "to": 220
        },
        {
          "target": "自動車販売台数",
          "category": "NULL#amount",
          "polarity": "positive",
          "from": 246,
          "to": 253
        }
      ]
    },
    {
      "sentence_id": 2,
      "sentence": "以上の結果、当連結会計年度の連結業績につきましては、連結売上高が1,695億60百万円（前期比15.8％増）、営業利益が75億92百万円（前期比0.4％減）、経常利益が79億37百万円（前期比4.4％増）、親会社株主に帰属する当期純利益が44億21百万円（前期比8.1％増）となりました",
      "opinions": [
        {
          "target": "連結売上高",
          "category": "NULL#sales",
          "polarity": "positive",
          "from": 26,
          "to": 31
        },
        {
          "target": "営業利益",
          "category": "NULL#profit",
          "polarity": "negative",
          "from": 55,
          "to": 59
        },
        {
          "target": "経常利益",
          "category": "NULL#profit",
          "polarity": "positive",
          "from": 79,
          "to": 83
        },
        {
          "target": "当期純利益",
          "category": "NULL#profit",
          "polarity": "positive",
          "from": 113,
          "to": 118
        }
      ]
    },
    {
      "sentence_id": 3,
      "sentence": "（2）セグメントの業績概況",
      "opinions": []
    },
    {
      "sentence_id": 4,
      "sentence": "[自動車販売関連事業]",
      "opinions": []
    },
    {
      "sentence_id": 5,
      "sentence": "新車部門では、国内におけるホンダ車の販売台数は5,316台（前期比10.4％減）、日産車の販売台数は年度後半の新型車効果があったものの年度当初の軽自動車２車種の販売停止の影響もあり13,687台（前期比5.1％減）と厳しい状況となりましたが、海外を含む当社グループ全体の新車販売台数は、国内外の新規連結子会社の増加により33,616台（前期比22.0％増）と台数ベースで前年を上回り、収益的にも増収増益を確保いたしました",
      "opinions": [
        {
          "target": "ホンダ車",
          "category": "product#amount",
          "polarity": "negative",
          "from": 13,
          "to": 17
        },
        {
          "target": "日産車",
          "category": "product#amount",
          "polarity": "negative",
          "from": 41,
          "to": 44
        },
        {
          "target": "新車販売台数",
          "category": "NULL#amount",
          "polarity": "positive",
          "from": 135,
          "to": 141
        }
      ]
    },
    {
      "sentence_id": 6,
      "sentence": "中古車部門では、海外への輸出台数が6,503台（前期比8.3％減）と苦戦いたしましたが、当社グループ全体の中古車販売台数は前述の国内外の新規連結子会社の増加もあり49,300台（前期比6.6％増）と台数ベースでは前年を上回りました",
      "opinions": [
        {
          "target": "中古車部門",
          "category": "business#amount",
          "polarity": "positive",
          "from": 0,
          "to": 5
        },
        {
          "target": "輸出台数",
          "category": "NULL#amount",
          "polarity": "negative",
          "from": 12,
          "to": 16
        },
        {
          "target": "中古車販売台数",
          "category": "NULL#amount",
          "polarity": "positive",
          "from": 53,
          "to": 60
        }
      ]
    },
    {
      "sentence_id": 7,
      "sentence": "しかしながら収益的には輸出市況の低迷等の影響をカバーできず、増収ながらも若干の減益となりました",
      "opinions": [
        {
          "target": "輸出市況",
          "category": "market#general",
          "polarity": "negative",
          "from": 11,
          "to": 15
        }
      ]
    },
    {
      "sentence_id": 8,
      "sentence": "サービス部門では、既存会社、新規連結子会社ともに点検・車検、修理、手数料収入等の受注拡大に注力し、増収増益となりました",
      "opinions": [
        {
          "target": "サービス部門",
          "category": "business#sales",
          "polarity": "positive",
          "from": 0,
          "to": 6
        },
        {
          "target": "サービス部門",
          "category": "business#profit",
          "polarity": "positive",
          "from": 0,
          "to": 6
        }
      ]
    },
    {
      "sentence_id": 9,
      "sentence": "レンタカー部門では、前連結会計年度に新規出店した店舗と既存店の稼動が堅調に推移したため、増収増益となりました",
      "opinions": [
        {
          "target": "レンタカー部門",
          "category": "business#sales",
          "polarity": "positive",
          "from": 0,
          "to": 7
        },
        {
          "target": "レンタカー部門",
          "category": "business#profit",
          "polarity": "positive",
          "from": 0,
          "to": 7
        },
        {
          "target": "稼動",
          "category": "NULL#general",
          "polarity": "positive",
          "from": 31,
          "to": 33
        }
      ]
    },
    {
      "sentence_id": 10,
      "sentence": "以上の結果、売上高は1,626億87百万円（前期比16.2％増）、営業利益は75億29百万円（前期比2.4％減）となりました",
      "opinions": [
        {
          "target": "売上高",
          "category": "NULL#sales",
          "polarity": "positive",
          "from": 6,
          "to": 9
        },
        {
          "target": "営業利益",
          "category": "NULL#profit",
          "polarity": "negative",
          "from": 33,
          "to": 37
        }
      ]
    },
    {
      "sentence_id": 11,
      "sentence": "[住宅関連事業]",
      "opinions": []
    },
    {
      "sentence_id": 12,
      "sentence": "当社グループでは分譲マンション事業を愛知県・岐阜県下で展開し、戸建分譲住宅事業を東京・大阪・名古屋の店舗にて展開しております",
      "opinions": []
    },
    {
      "sentence_id": 13,
      "sentence": "分譲マンション事業では、マーケティングを徹底し、物件の立地選定や適正な販売価格での発売に注力したことから、完工物件の受注、引渡しとも非常に好調に推移いたしました",
      "opinions": [
        {
          "target": "完工物件",
          "category": "product#amount",
          "polarity": "positive",
          "from": 53,
          "to": 57
        }
      ]
    },
    {
      "sentence_id": 14,
      "sentence": "戸建分譲住宅事業では、地域的な好不調は若干有るものの、全社的には好調に推移し、また、これまでのグループ会社からの店舗受注ノウハウを活かし、グループ外部への商業施設の受注拡大に努めました",
      "opinions": [
        {
          "target": "戸建分譲住宅事業",
          "category": "business#general",
          "polarity": "positive",
          "from": 0,
          "to": 8
        }
      ]
    },
    {
      "sentence_id": 15,
      "sentence": "以上の結果、売上高は67億31百万円（前期比7.4％増）、営業利益は5億41百万円（前期比86.2％増）と増収増益となりました",
      "opinions": [
        {
          "target": "売上高",
          "category": "NULL#sales",
          "polarity": "positive",
          "from": 6,
          "to": 9
        },
        {
          "target": "営業利益",
          "category": "NULL#profit",
          "polarity": "positive",
          "from": 29,
          "to": 33
        }
      ]
    }
  ]
}