{
  "header": {
    "document_id": "E02905",
    "document_name": "株式会社オーハシテクニカ",
    "doc_text": "有価証券報告書",
    "edi_id": "E02905",
    "security_code": "76280",
    "category33": "卸売業",
    "category17": "商社・卸売",
    "scale": "7"
  },
  "sentences": [
    {
      "sentence_id": 0,
      "sentence": "当連結会計年度における世界経済は、中国やその他新興国において減速が見られたものの、米国や欧州などの先進国は年度後半にかけて持ち直しの動きが見られ、全体では緩やかな回復基調となりました",
      "opinions": [
        {
          "target": "世界経済",
          "category": "NULL#general",
          "polarity": "positive",
          "from": 11,
          "to": 15
        },
        {
          "target": "中国",
          "category": "NULL#general",
          "polarity": "negative",
          "from": 17,
          "to": 19
        },
        {
          "target": "その他新興国",
          "category": "NULL#general",
          "polarity": "negative",
          "from": 20,
          "to": 26
        },
        {
          "target": "先進国",
          "category": "NULL#general",
          "polarity": "positive",
          "from": 49,
          "to": 52
        }
      ]
    },
    {
      "sentence_id": 1,
      "sentence": "また、わが国経済も公的需要の下支えがあったものの、為替の影響、個人消費の弱含み等により、緩やかな回復にとどまりました",
      "opinions": [
        {
          "target": "わが国経済",
          "category": "NULL#general",
          "polarity": "positive",
          "from": 3,
          "to": 8
        },
        {
          "target": "個人消費",
          "category": "NULL#general",
          "polarity": "negative",
          "from": 31,
          "to": 35
        }
      ]
    },
    {
      "sentence_id": 2,
      "sentence": "当社グループの主力事業分野であります自動車業界においては、米国及びアセアン市場はほぼ横ばいでありましたが、中国並びに欧州市場が堅調に推移したことにより、日系自動車メーカーの海外生産全体は増加いたしました",
      "opinions": [
        {
          "target": "米国",
          "category": "NULL#general",
          "polarity": "neutral",
          "from": 29,
          "to": 31
        },
        {
          "target": "アセアン市場",
          "category": "market#general",
          "polarity": "neutral",
          "from": 33,
          "to": 39
        },
        {
          "target": "中国",
          "category": "NULL#general",
          "polarity": "positive",
          "from": 53,
          "to": 55
        },
        {
          "target": "欧州市場",
          "category": "market#general",
          "polarity": "positive",
          "from": 58,
          "to": 62
        },
        {
          "target": "海外生産全体",
          "category": "NULL#general",
          "polarity": "positive",
          "from": 86,
          "to": 92
        }
      ]
    },
    {
      "sentence_id": 3,
      "sentence": "また、日本市場では、軽自動車の販売不振などにより、国内生産はほぼ横ばいで推移いたしました",
      "opinions": [
        {
          "target": "軽自動車",
          "category": "NULL#general",
          "polarity": "negative",
          "from": 10,
          "to": 14
        },
        {
          "target": "国内生産",
          "category": "NULL#general",
          "polarity": "neutral",
          "from": 25,
          "to": 29
        }
      ]
    },
    {
      "sentence_id": 4,
      "sentence": "このような状況下、当社グループでは積極的な事業展開により業績の拡大に取り組んでまいりましたが、為替の円高影響が大きく、連結売上高、各利益とも前期を下回る業績となりました",
      "opinions": [
        {
          "target": "連結売上高",
          "category": "NULL#sales",
          "polarity": "negative",
          "from": 59,
          "to": 64
        },
        {
          "target": "各利益",
          "category": "NULL#profit",
          "polarity": "negative",
          "from": 65,
          "to": 68
        }
      ]
    },
    {
      "sentence_id": 5,
      "sentence": "当連結会計年度の売上高は375億１千３百万円(前連結会計年度比6.2％減)、営業利益は38億7百万円(同15.5％減)、経常利益は38億８千８百万円(同15.0％減)、親会社株主に帰属する当期純利益は28億３千４百万円(同4.8％減)となりました",
      "opinions": [
        {
          "target": "売上高",
          "category": "NULL#sales",
          "polarity": "negative",
          "from": 8,
          "to": 11
        },
        {
          "target": "営業利益",
          "category": "NULL#profit",
          "polarity": "negative",
          "from": 38,
          "to": 42
        },
        {
          "target": "経常利益",
          "category": "NULL#profit",
          "polarity": "negative",
          "from": 60,
          "to": 64
        },
        {
          "target": "当期純利益",
          "category": "NULL#profit",
          "polarity": "negative",
          "from": 94,
          "to": 99
        }
      ]
    },
    {
      "sentence_id": 6,
      "sentence": "セグメントの業績は、次のとおりであります",
      "opinions": []
    },
    {
      "sentence_id": 7,
      "sentence": "(セグメント利益は、当期連結損益計算書の営業利益と調整を行っております",
      "opinions": []
    },
    {
      "sentence_id": 8,
      "sentence": ")",
      "opinions": []
    },
    {
      "sentence_id": 9,
      "sentence": "売上高は199億７千４百万円(前連結会計年度比0.8％減)、セグメント利益は17億７千２百万円(同3.3％減)となりました",
      "opinions": [
        {
          "target": "売上高",
          "category": "NULL#sales",
          "polarity": "negative",
          "from": 0,
          "to": 3
        },
        {
          "target": "セグメント利益",
          "category": "NULL#profit",
          "polarity": "negative",
          "from": 30,
          "to": 37
        }
      ]
    },
    {
      "sentence_id": 10,
      "sentence": "売上高は90億７百万円(同14.0％減)、セグメント利益は11億３千９百万円(同16.7％減)となりました",
      "opinions": [
        {
          "target": "売上高",
          "category": "NULL#sales",
          "polarity": "negative",
          "from": 0,
          "to": 3
        },
        {
          "target": "セグメント利益",
          "category": "NULL#profit",
          "polarity": "negative",
          "from": 21,
          "to": 28
        }
      ]
    },
    {
      "sentence_id": 11,
      "sentence": "売上高は39億１千８百万円(同1.4％減)、セグメント利益は５億２千７百万円(同8.5％減)となりました",
      "opinions": [
        {
          "target": "売上高",
          "category": "NULL#sales",
          "polarity": "negative",
          "from": 0,
          "to": 3
        },
        {
          "target": "セグメント利益",
          "category": "NULL#profit",
          "polarity": "negative",
          "from": 22,
          "to": 29
        }
      ]
    },
    {
      "sentence_id": 12,
      "sentence": "売上高は25億５千２百万円(同15.9％減)、セグメント利益は２億４千７百万円(同46.8％減)となりました",
      "opinions": [
        {
          "target": "売上高",
          "category": "NULL#sales",
          "polarity": "negative",
          "from": 0,
          "to": 3
        },
        {
          "target": "セグメント利益",
          "category": "NULL#profit",
          "polarity": "negative",
          "from": 23,
          "to": 30
        }
      ]
    },
    {
      "sentence_id": 13,
      "sentence": "売上高は20億６千万円(同12.9％減)、セグメント利益は２億４千５百万円(同24.4％減)となりました",
      "opinions": [
        {
          "target": "売上高",
          "category": "NULL#sales",
          "polarity": "negative",
          "from": 0,
          "to": 3
        },
        {
          "target": "セグメント利益",
          "category": "NULL#profit",
          "polarity": "negative",
          "from": 21,
          "to": 28
        }
      ]
    },
    {
      "sentence_id": 14,
      "sentence": "台灣大橋精密股份有限公司は、グループ間取引のみのため、外部顧客への売上高はありません",
      "opinions": []
    },
    {
      "sentence_id": 15,
      "sentence": "なお、セグメント利益は３千８百万円（前年同期はセグメント損失１千３百万円）となりました",
      "opinions": [
        {
          "target": "セグメント利益",
          "category": "NULL#profit",
          "polarity": "positive",
          "from": 3,
          "to": 10
        }
      ]
    }
  ]
}