{
  "header": {
    "document_id": "E03128",
    "document_name": "株式会社ケーズホールディングス",
    "doc_text": "有価証券報告書",
    "edi_id": "E03128",
    "security_code": "82820",
    "category33": "小売業",
    "category17": "小売",
    "scale": "4"
  },
  "sentences": [
    {
      "sentence_id": 0,
      "sentence": "当連結会計年度におけるわが国経済は、政府の各種政策により雇用・所得環境の改善が続き、企業収益も改善の動きがみられ、景気は緩やかな回復の動きが続いているものの、海外各国の政治不安や経済情勢、金融市場の変動などが日本経済に影響を及ぼしかねない状況で推移いたしました",
      "opinions": [
        {
          "target": "雇用",
          "category": "NULL#general",
          "polarity": "positive",
          "from": 28,
          "to": 30
        },
        {
          "target": "所得環境",
          "category": "NULL#general",
          "polarity": "positive",
          "from": 31,
          "to": 35
        },
        {
          "target": "企業収益",
          "category": "NULL#general",
          "polarity": "positive",
          "from": 42,
          "to": 46
        },
        {
          "target": "景気",
          "category": "NULL#general",
          "polarity": "positive",
          "from": 57,
          "to": 59
        }
      ]
    },
    {
      "sentence_id": 1,
      "sentence": "当家電販売業界におきましては、一部の大都市でのインバウンド消費は減速し、将来不安などから国内の消費者マインドは依然良化の兆しが見られず、全体として低調に推移いたしました",
      "opinions": [
        {
          "target": "当家電販売業界",
          "category": "market#general",
          "polarity": "negative",
          "from": 0,
          "to": 7
        },
        {
          "target": "インバウンド消費",
          "category": "NULL#general",
          "polarity": "negative",
          "from": 23,
          "to": 31
        },
        {
          "target": "消費者マインド",
          "category": "NULL#general",
          "polarity": "negative",
          "from": 47,
          "to": 54
        }
      ]
    },
    {
      "sentence_id": 2,
      "sentence": "当社グループは正しいことを確実に実行していく「がんばらない（＝無理をしない）」経営を標榜し、お客様に伝わる「本当の親切」を実行すべく「現金値引」、購入後の修理対応も安心の「長期無料保証」や更にお客様をサポートする「あんしんパスポート」のスマートフォン用公式アプリからの加入促進に加え、平成28年10月よりＹａｈｏｏ！ショッピングに「ケーズデンキＹａｈｏｏ！ショップ」を出店して当社のサービス提供の場を広げるなどお客様の立場に立ったサービスを提供し、引き続き家電専門店としてお客様の利便性を重視した地域密着の店舗展開、営業活動を行ってまいりました",
      "opinions": []
    },
    {
      "sentence_id": 3,
      "sentence": "また、誠実な企業として社会的責任を果たすため、お取引先各社との良好な関係を築き、企業価値の向上とコンプライアンスに努めてまいりました",
      "opinions": []
    },
    {
      "sentence_id": 4,
      "sentence": "経営成績につきましては、売上高はパソコン関連商品は引き続き低迷したものの、洗濯機は時短・節水志向の大容量タイプが好調に推移いたしました",
      "opinions": [
        {
          "target": "パソコン関連商品",
          "category": "product#sales",
          "polarity": "negative",
          "from": 16,
          "to": 24
        },
        {
          "target": "大容量タイプ",
          "category": "product#general",
          "polarity": "positive",
          "from": 49,
          "to": 55
        }
      ]
    },
    {
      "sentence_id": 5,
      "sentence": "エアコンは台風や猛暑など天候の影響は受けたものの、冬の暖房器具としての需要が伸び、冷蔵庫は大容量タイプを中心に堅調に推移いたしました",
      "opinions": [
        {
          "target": "需要",
          "category": "NULL#general",
          "polarity": "positive",
          "from": 35,
          "to": 37
        },
        {
          "target": "大容量タイプ",
          "category": "product#general",
          "polarity": "positive",
          "from": 45,
          "to": 51
        }
      ]
    },
    {
      "sentence_id": 6,
      "sentence": "テレビは４Ｋへの買い替えを中心に安定して販売されたことで伸長いたしました",
      "opinions": [
        {
          "target": "テレビ",
          "category": "product#amount",
          "polarity": "positive",
          "from": 0,
          "to": 3
        }
      ]
    },
    {
      "sentence_id": 7,
      "sentence": "これらにより、全体として前年同期を上回る結果となりましたが、当社計画に対しましてはお客様の付加価値を見出した商品への購買志向は引き続きあるものの、消費者マインドの低迷が続いていることもあり売上高は未達となりました",
      "opinions": [
        {
          "target": "購買志向",
          "category": "NULL#general",
          "polarity": "neutral",
          "from": 58,
          "to": 62
        },
        {
          "target": "消費者マインド",
          "category": "NULL#general",
          "polarity": "negative",
          "from": 73,
          "to": 80
        },
        {
          "target": "売上高",
          "category": "NULL#sales",
          "polarity": "negative",
          "from": 94,
          "to": 97
        }
      ]
    },
    {
      "sentence_id": 8,
      "sentence": "利益面は、４Ｋテレビへの買い替えや節電・省エネ・安心・安全・健康をキーワードに冷蔵庫、洗濯機、調理家電などの家庭電化商品やエアコンなどの需要が高まるなど、より良い生活が期待できる付加価値商品が販売され、売上総利益率の改善が見られたこともあり、営業利益、経常利益及び親会社株主に帰属する当期純利益は前年同期、当社計画のいずれも上回る結果となりました",
      "opinions": [
        {
          "target": "需要",
          "category": "NULL#general",
          "polarity": "positive",
          "from": 68,
          "to": 70
        },
        {
          "target": "売上総利益率",
          "category": "NULL#profit",
          "polarity": "positive",
          "from": 101,
          "to": 107
        },
        {
          "target": "営業利益",
          "category": "NULL#profit",
          "polarity": "positive",
          "from": 121,
          "to": 125
        },
        {
          "target": "経常利益",
          "category": "NULL#profit",
          "polarity": "positive",
          "from": 126,
          "to": 130
        },
        {
          "target": "当期純利益",
          "category": "NULL#profit",
          "polarity": "positive",
          "from": 142,
          "to": 147
        }
      ]
    },
    {
      "sentence_id": 9,
      "sentence": "出店退店状況につきましては、後に記載のとおり直営店32店を開設し、直営店14店を閉鎖して店舗網の強化・経営の効率化を図ってまいりました",
      "opinions": []
    },
    {
      "sentence_id": 10,
      "sentence": "これらにより、当連結会計年度末の店舗数は485店（直営店481店、ＦＣ店４店）となりました（その他に携帯電話専門店があります）",
      "opinions": []
    },
    {
      "sentence_id": 11,
      "sentence": "以上の結果、売上高は6,581億50百万円(前年同期比102.2％)、営業利益は256億13百万円(前年同期比117.8％)、経常利益は321億８百万円(前年同期比112.2％)、親会社株主に帰属する当期純利益は201億54百万円(前年同期比123.6％)となりました",
      "opinions": [
        {
          "target": "売上高",
          "category": "NULL#sales",
          "polarity": "positive",
          "from": 6,
          "to": 9
        },
        {
          "target": "営業利益",
          "category": "NULL#profit",
          "polarity": "positive",
          "from": 35,
          "to": 39
        },
        {
          "target": "経常利益",
          "category": "NULL#profit",
          "polarity": "positive",
          "from": 63,
          "to": 67
        },
        {
          "target": "当期純利益",
          "category": "NULL#profit",
          "polarity": "positive",
          "from": 100,
          "to": 105
        }
      ]
    }
  ]
}