{
  "header": {
    "document_id": "E03226",
    "document_name": "株式会社サンドラッグ",
    "doc_text": "有価証券報告書",
    "edi_id": "E03226",
    "security_code": "99890",
    "category33": "小売業",
    "category17": "小売",
    "scale": "4"
  },
  "sentences": [
    {
      "sentence_id": 0,
      "sentence": "当連結会計年度におけるわが国経済は、雇用・所得環境が改善傾向となりましたが、企業収益・設備投資の持ち直しの動きに足踏み傾向がみられ、また、欧州政局・新興国経済・米国新政権政策などの動向懸念に加え、物価上昇圧力懸念などの影響もあり、消費マインドの改善に至らず個人消費は弱含みで推移し、経済環境の先行きは不透明な状況が続いております",
      "opinions": [
        {
          "target": "雇用",
          "category": "NULL#general",
          "polarity": "positive",
          "from": 18,
          "to": 20
        },
        {
          "target": "所得環境",
          "category": "NULL#general",
          "polarity": "positive",
          "from": 21,
          "to": 25
        },
        {
          "target": "企業収益",
          "category": "NULL#general",
          "polarity": "negative",
          "from": 38,
          "to": 42
        },
        {
          "target": "設備投資",
          "category": "NULL#general",
          "polarity": "negative",
          "from": 43,
          "to": 47
        },
        {
          "target": "消費マインド",
          "category": "NULL#general",
          "polarity": "negative",
          "from": 115,
          "to": 121
        },
        {
          "target": "個人消費",
          "category": "NULL#general",
          "polarity": "negative",
          "from": 128,
          "to": 132
        },
        {
          "target": "先行き",
          "category": "NULL#general",
          "polarity": "neutral",
          "from": 146,
          "to": 149
        }
      ]
    },
    {
      "sentence_id": 1,
      "sentence": "ドラッグストア業界におきましては、同業他社による積極的な出店や価格競争に加え、他業種からの参入やＭ＆Ａも増加し、更に厳しい経営環境が続いております",
      "opinions": [
        {
          "target": "ドラッグストア業界",
          "category": "market#general",
          "polarity": "negative",
          "from": 0,
          "to": 9
        }
      ]
    },
    {
      "sentence_id": 2,
      "sentence": "このような状況のもと、当社グループは、引き続き、「安心・信頼・便利の提供」をキーワードに、お客様のニーズにお応えする質の高い出店やサービスレベルの向上、プライベートブランド商品の開発、新業態の開発、店舗改装など積極的に取り組み、活性化を図ってまいりました",
      "opinions": []
    },
    {
      "sentence_id": 3,
      "sentence": "当連結会計年度の当社グループ全体の出店などの状況は、65店舗（フランチャイズ店５店舗の出店を含む）を新規出店し、５店舗のスクラップ＆ビルドを実施いたしました",
      "opinions": []
    },
    {
      "sentence_id": 4,
      "sentence": "また、98店舗で改装を行い、21店舗の閉店とフランチャイズ店１店舗を解約し活性化を図りました",
      "opinions": []
    },
    {
      "sentence_id": 5,
      "sentence": "以上の結果、当連結会計年度末の当社グループ全体の店舗数は、ドラッグストア事業831店舗（直営店638店舗、㈱星光堂薬局60店舗、㈱サンドラッグプラス56店舗、㈱サンドラッグファーマシーズ20店舗、フランチャイズ店57店舗）、ディスカウントストア事業239店舗（ダイレックス㈱239店舗）の合計1,070店舗となりました",
      "opinions": []
    },
    {
      "sentence_id": 6,
      "sentence": "当連結会計年度の業績は、売上高5,283億94百万円（前年同期比4.9％増）、営業利益340億55百万円（同3.1％増）、経常利益348億70百万円（同3.1％増）、親会社株主に帰属する当期純利益233億12百万円（同8.1％増）となり、増収・増益となりました",
      "opinions": [
        {
          "target": "売上高",
          "category": "NULL#sales",
          "polarity": "positive",
          "from": 12,
          "to": 15
        },
        {
          "target": "営業利益",
          "category": "NULL#profit",
          "polarity": "positive",
          "from": 39,
          "to": 43
        },
        {
          "target": "経常利益",
          "category": "NULL#profit",
          "polarity": "positive",
          "from": 61,
          "to": 65
        },
        {
          "target": "当期純利益",
          "category": "NULL#profit",
          "polarity": "positive",
          "from": 93,
          "to": 98
        }
      ]
    },
    {
      "sentence_id": 7,
      "sentence": "セグメント業績の概要は次のとおりであります",
      "opinions": []
    },
    {
      "sentence_id": 8,
      "sentence": "＜ドラッグストア事業＞",
      "opinions": []
    },
    {
      "sentence_id": 9,
      "sentence": "ドラッグストア事業は、積極的に店舗改装を実施し、業態転換なども含め食品等の販売に注力してまいりましたが、天候不順やインバウンド関連商品の販売鈍化などの影響により、既存店売上高は前年同期を若干下回りました",
      "opinions": [
        {
          "target": "インバウンド関連商品",
          "category": "product#amount",
          "polarity": "negative",
          "from": 57,
          "to": 67
        },
        {
          "target": "既存店売上高",
          "category": "NULL#sales",
          "polarity": "negative",
          "from": 81,
          "to": 87
        }
      ]
    },
    {
      "sentence_id": 10,
      "sentence": "また、マーチャンダイジングの改善などにより売上総利益の改善に取り組むとともに、経費面においては、引き続き光熱費の削減や業務効率化による経費の削減に努めました",
      "opinions": []
    },
    {
      "sentence_id": 11,
      "sentence": "なお、ドラッグストア事業の出店などの状況は、44店舗（フランチャイズ店５店舗の出店を含む）を新規出店し、1店舗のスクラップ＆ビルドと78店舗を改装したほか、18店舗の閉店とフランチャイズ店１店舗を解約し活性化を図りました",
      "opinions": []
    },
    {
      "sentence_id": 12,
      "sentence": "以上の結果、ドラッグストア事業の売上高は3,809億96百万円（前年同期比3.0％増）、営業利益は262億70百万円（同2.8％増）となり、増収・増益となりました",
      "opinions": [
        {
          "target": "ドラッグストア事業",
          "category": "business#sales",
          "polarity": "positive",
          "from": 6,
          "to": 15
        },
        {
          "target": "ドラッグストア事業",
          "category": "business#profit",
          "polarity": "positive",
          "from": 6,
          "to": 15
        }
      ]
    },
    {
      "sentence_id": 13,
      "sentence": "＜ディスカウントストア事業＞",
      "opinions": []
    },
    {
      "sentence_id": 14,
      "sentence": "ディスカウントストア事業は、上期は西日本の長期的真夏日等の影響もあり、夏物関連商品などの季節商材が好調に推移し、下期は風邪薬など冬物関連商品などの季節商材が好調に推移いたしました",
      "opinions": [
        {
          "target": "季節商材",
          "category": "product#general",
          "polarity": "positive",
          "from": 44,
          "to": 48
        },
        {
          "target": "季節商材",
          "category": "product#general",
          "polarity": "positive",
          "from": 73,
          "to": 77
        }
      ]
    },
    {
      "sentence_id": 15,
      "sentence": "また、引き続き医薬品や食品等の販売に注力したことなどにより、既存店売上高は前年同期を上回りました",
      "opinions": [
        {
          "target": "既存店売上高",
          "category": "NULL#sales",
          "polarity": "positive",
          "from": 30,
          "to": 36
        }
      ]
    },
    {
      "sentence_id": 16,
      "sentence": "なお、売上総利益につきまして、上期に自動発注システム導入に伴う一部在庫の処分による影響などにより一時的に売上総利益率が若干低下いたしましたが、下期に医薬品等の一層の販売強化などに取り組み売上総利益率の改善を図りました",
      "opinions": [
        {
          "target": "売上総利益",
          "category": "NULL#profit",
          "polarity": "negative",
          "from": 3,
          "to": 8
        }
      ]
    },
    {
      "sentence_id": 17,
      "sentence": "経費面においては、引き続き光熱費などの削減に努めましたが、売上増加に伴う人員の増強や10月からの社会保険料増加などの影響もあり、人件費率は増加いたしました",
      "opinions": [
        {
          "target": "人件費率",
          "category": "NULL#cost",
          "polarity": "negative",
          "from": 64,
          "to": 68
        }
      ]
    },
    {
      "sentence_id": 18,
      "sentence": "なお、ディスカウントストア事業の出店などの状況は、21店舗を新規出店し、4店舗のスクラップ＆ビルドと20店舗の改装、3店舗（建替えによる）の閉店を実施し活性化を図りました",
      "opinions": []
    },
    {
      "sentence_id": 19,
      "sentence": "以上の結果、ディスカウントストア事業の売上高は1,799億44百万円（前年同期比9.8％増）、営業利益は77億88百万円（同4.3％増）となり、増収・増益となりました",
      "opinions": [
        {
          "target": "ディスカウントストア事業",
          "category": "business#sales",
          "polarity": "positive",
          "from": 6,
          "to": 18
        },
        {
          "target": "ディスカウントストア事業",
          "category": "business#profit",
          "polarity": "positive",
          "from": 6,
          "to": 18
        }
      ]
    }
  ]
}