{
  "header": {
    "document_id": "E03398",
    "document_name": "株式会社　あみやき亭",
    "doc_text": "訂正有価証券報告書",
    "edi_id": "E03398",
    "security_code": "27530",
    "category33": "小売業",
    "category17": "小売",
    "scale": "7"
  },
  "sentences": [
    {
      "sentence_id": 0,
      "sentence": "当連結会計年度におけるわが国経済は、政府による経済政策等を背景に緩やかな回復基調にあるものの、個人消費は低調に推移しました",
      "opinions": [
        {
          "target": "わが国経済",
          "category": "NULL#general",
          "polarity": "positive",
          "from": 11,
          "to": 16
        },
        {
          "target": "個人消費",
          "category": "NULL#general",
          "polarity": "negative",
          "from": 47,
          "to": 51
        }
      ]
    },
    {
      "sentence_id": 1,
      "sentence": "また、米国の新政権の政策動向や英国のＥＵ離脱問題等の国内景気への影響など、依然として先行き不透明な状況が続いております",
      "opinions": [
        {
          "target": "先行き",
          "category": "NULL#general",
          "polarity": "neutral",
          "from": 42,
          "to": 45
        }
      ]
    },
    {
      "sentence_id": 2,
      "sentence": "当業界におきましては、人手不足を主因とする人件費関連コストの上昇並びに消費者の強い節約志向などにより、依然として厳しい経営環境が続いております",
      "opinions": [
        {
          "target": "当業界",
          "category": "NULL#general",
          "polarity": "negative",
          "from": 0,
          "to": 3
        },
        {
          "target": "人件費関連コスト",
          "category": "NULL#cost",
          "polarity": "negative",
          "from": 21,
          "to": 29
        }
      ]
    },
    {
      "sentence_id": 3,
      "sentence": "このような環境の下、当社グループといたしましては、「お客様に喜んでいただき、選んでいただく店舗作り」を目指し、「食肉の専門集団」の強みであるカット技術を活かして、高止まりしている原材料価格の影響をできうる限り吸収しつつ品質向上に努め、お客様にとって価値感・満足感のある商品を提供するなど他社との差別化を図り、既存店の強化に努めてまいりました",
      "opinions": []
    },
    {
      "sentence_id": 4,
      "sentence": "店舗数につきましては、新規出店14店舗（焼肉事業11店舗、焼鳥事業2店舗、その他事業1店舗）しましたが、3店舗退店（焼肉事業1店舗、焼鳥事業1店舗、その他事業1店舗）したため、当連結会計年度末の店舗数は242店舗となりました",
      "opinions": []
    },
    {
      "sentence_id": 5,
      "sentence": "以上の結果、当連結会計年度の業績は、売上高は、30,564百万円（前年同期比2.0%増）、損益面につきましては、依然として高水準で推移している国産牛肉相場の影響による原価上昇に加え人件費関連コスト等販売費及び一般管理費の増加により営業利益2,938百万円（前年同期比7.6％減）、経常利益3,053百万円（前年同期比7.0％減）、親会社株主に帰属する当期純利益2,163百万円（前年同期比0.3％減）となりました",
      "opinions": [
        {
          "target": "売上高",
          "category": "NULL#sales",
          "polarity": "positive",
          "from": 18,
          "to": 21
        },
        {
          "target": "国産牛肉相場",
          "category": "market#general",
          "polarity": "negative",
          "from": 71,
          "to": 77
        },
        {
          "target": "販売費及び一般管理費",
          "category": "NULL#cost",
          "polarity": "negative",
          "from": 99,
          "to": 109
        },
        {
          "target": "営業利益",
          "category": "NULL#profit",
          "polarity": "negative",
          "from": 115,
          "to": 119
        },
        {
          "target": "経常利益",
          "category": "NULL#profit",
          "polarity": "negative",
          "from": 140,
          "to": 144
        },
        {
          "target": "当期純利益",
          "category": "NULL#profit",
          "polarity": "negative",
          "from": 175,
          "to": 180
        }
      ]
    },
    {
      "sentence_id": 6,
      "sentence": "＜焼肉事業＞",
      "opinions": []
    },
    {
      "sentence_id": 7,
      "sentence": "焼肉事業の当連結会計年度末の店舗数は、11店舗新規出店し、１店舗退店した結果、163店舗となりました",
      "opinions": []
    },
    {
      "sentence_id": 8,
      "sentence": "内訳は、あみやき亭110店舗、どんどん21店舗、かるび家4店舗、スエヒロ館16店舗、ほるたん屋7店舗、ブラックホール4店舗、島津1店舗であります",
      "opinions": []
    },
    {
      "sentence_id": 9,
      "sentence": "当社が経営する「あみやき亭」では、品質の向上に徹底的にこだわり「お客様にとって価値感・満足感のある商品」を提供するなど、既存店強化に努めてまいりました",
      "opinions": []
    },
    {
      "sentence_id": 10,
      "sentence": "また、「食肉の専門集団」である強みを活かした名古屋市場直送の新鮮な朝挽きホルモンをその日のうちにお客様へ提供するホルモンと牛タン専門店の「ほるたん屋」におきましては、引き続きお客様に満足感・価値感のあるものとなるよう更に商品の磨きこみを行っております",
      "opinions": []
    },
    {
      "sentence_id": 11,
      "sentence": "株式会社スエヒロレストランシステムが経営する焼肉「スエヒロ館」につきましては、「スエヒロ」ブランドの知名度と「食肉の専門集団」である強みを活かした和牛商品を「チェーン店価格」で提供するなどグループシナジーを発揮した展開をしております",
      "opinions": []
    },
    {
      "sentence_id": 12,
      "sentence": "また、株式会社アクトグループが経営する焼肉業態へ当社より焼肉食材を供給し、一層の品質向上に努めてまいりました",
      "opinions": []
    },
    {
      "sentence_id": 13,
      "sentence": "以上の結果、焼肉事業の当連結会計年度の売上高は、23,549百万円（前年同期比2.1％増）となりました",
      "opinions": [
        {
          "target": "焼肉事業",
          "category": "business#sales",
          "polarity": "positive",
          "from": 6,
          "to": 10
        }
      ]
    },
    {
      "sentence_id": 14,
      "sentence": "＜焼鳥事業＞",
      "opinions": []
    },
    {
      "sentence_id": 15,
      "sentence": "焼鳥事業の当連結会計年度末の店舗数は、2店舗新規出店し、1店舗退店した結果56店舗であります",
      "opinions": []
    },
    {
      "sentence_id": 16,
      "sentence": "焼鳥事業は、当社が経営する「元祖やきとり家美濃路」であります",
      "opinions": []
    },
    {
      "sentence_id": 17,
      "sentence": "焼鳥事業におきまして、以前より最優先事項として内部取組みを行ってまいりましたが、その成果が鮮明化しており、新規出店を再開しております",
      "opinions": []
    },
    {
      "sentence_id": 18,
      "sentence": "以上の結果、焼鳥事業の当連結会計年度の売上高は、3,767百万円（前年同期比0.3％増）となりました",
      "opinions": [
        {
          "target": "焼鳥事業",
          "category": "business#sales",
          "polarity": "positive",
          "from": 6,
          "to": 10
        }
      ]
    },
    {
      "sentence_id": 19,
      "sentence": "＜その他の事業＞",
      "opinions": []
    },
    {
      "sentence_id": 20,
      "sentence": "その他の事業の当連結会計年度末の店舗数は、1店舗新規出店し、1店舗退店した結果23店舗であります",
      "opinions": []
    },
    {
      "sentence_id": 21,
      "sentence": "内訳は、株式会社スエヒロレストランシステムが経営する、レストランの「スエヒロ館」10店舗、居酒屋「楽市」3店舗と株式会社アクトグループが経営する寿司業態の「すしまみれ」6店舗、ダイニング3店舗、イタリアンレストラン1店舗であります",
      "opinions": []
    },
    {
      "sentence_id": 22,
      "sentence": "レストランの「スエヒロ館」につきましては、スエヒロブランドを活かしつつ「食肉の専門集団」である当社グループの強みを活かした「100%国産牛ハンバーグ」「国産牛ステーキ」を提供するハンバーグ・ステーキの専門店として、引続き品質の向上に努めてまいりました",
      "opinions": []
    },
    {
      "sentence_id": 23,
      "sentence": "居酒屋「楽市」につきましても、メニュー開発を行うとともに商品の品質向上やお客さまの立場に立った接客・サービスの向上に努めてまいりました",
      "opinions": []
    },
    {
      "sentence_id": 24,
      "sentence": "株式会社アクトグループでは、経営する寿司業態、ダイニング業態、イタリアン業態とも快適な空間で食事を楽しんで頂くことを目指し、改修・改装に取り組むとともに都心に新規出店を行っております",
      "opinions": []
    },
    {
      "sentence_id": 25,
      "sentence": "また、寿司業態では各店舗で行っている鮮魚の仕入およびカットをセントラルキッチンに試験的に一部移行するなど業務の効率化並びにコストダウンを図っております",
      "opinions": []
    },
    {
      "sentence_id": 26,
      "sentence": "以上の結果、その他の事業の当連結会計年度の売上高は3,248百万円（前年同期比3.5％増）となりました",
      "opinions": [
        {
          "target": "その他の事業",
          "category": "business#sales",
          "polarity": "positive",
          "from": 6,
          "to": 12
        }
      ]
    }
  ]
}