{
  "header": {
    "document_id": "E03472",
    "document_name": "アプライド株式会社",
    "doc_text": "有価証券報告書",
    "edi_id": "E03472",
    "security_code": "30200",
    "category33": "小売業",
    "category17": "小売",
    "scale": ""
  },
  "sentences": [
    {
      "sentence_id": 0,
      "sentence": "当連結会計年度におけるわが国経済は、政府による経済対策や日銀の金融政策により、企業の景況感が改善し、国内景気は、緩やかな回復基調で推移いたしました",
      "opinions": [
        {
          "target": "景況感",
          "category": "NULL#general",
          "polarity": "positive",
          "from": 42,
          "to": 45
        },
        {
          "target": "国内景気",
          "category": "NULL#general",
          "polarity": "positive",
          "from": 50,
          "to": 54
        }
      ]
    },
    {
      "sentence_id": 1,
      "sentence": "その一方で、中国経済の景気減速や米国新政権の政策運営、英国のＥＵ離脱等のリスクにより、先行きは依然として不透明な状況にあります",
      "opinions": [
        {
          "target": "中国経済",
          "category": "NULL#general",
          "polarity": "negative",
          "from": 6,
          "to": 10
        },
        {
          "target": "先行き",
          "category": "NULL#general",
          "polarity": "neutral",
          "from": 43,
          "to": 46
        }
      ]
    },
    {
      "sentence_id": 2,
      "sentence": "このような環境の中、当社グループは、ハードとサービスを融合した販売を中心に据え、専門店としての差別化を行い、顧客増大と利益創出を推進いたしました",
      "opinions": []
    },
    {
      "sentence_id": 3,
      "sentence": "店舗展開におきましては、パソコン専門店「アプライド」25店舗、テレビゲーム専門店「シータショップ」をインショップ含め13店舗、化粧品・雑貨専門店「ハウズ」４店舗を運営し、品揃え、サービスに専門性を追求し、営業展開を図りました",
      "opinions": []
    },
    {
      "sentence_id": 4,
      "sentence": "大学、官公庁向けの販売を主体とするＳＩ営業では、22営業拠点を展開し、営業人員の増員を行い、技術力を活かした高付加価値商品及びサービスを軸に、ソリューション営業を推進いたしました",
      "opinions": []
    },
    {
      "sentence_id": 5,
      "sentence": "ＢｔｏＢ販売を中心とした特機営業では、大都市圏に人員増強を図り、商品調達の向上と販路拡大の注力に加え、システムによる顧客の囲い込みを推進し、売上の増大を図りました",
      "opinions": []
    },
    {
      "sentence_id": 6,
      "sentence": "以上の結果、当連結会計年度の売上高は302億37百万円（前年同期比4.3％増）、利益面におきましては、経常利益は12億60百万円（前年同期比15.3％増）、親会社株主に帰属する当期純利益は６億68百万円（前年同期比1.7％増）となりました",
      "opinions": [
        {
          "target": "売上高",
          "category": "NULL#sales",
          "polarity": "positive",
          "from": 14,
          "to": 17
        },
        {
          "target": "経常利益",
          "category": "NULL#profit",
          "polarity": "positive",
          "from": 51,
          "to": 55
        },
        {
          "target": "当期純利益",
          "category": "NULL#profit",
          "polarity": "positive",
          "from": 88,
          "to": 93
        }
      ]
    },
    {
      "sentence_id": 7,
      "sentence": "セグメント別の売上高は次のとおりです",
      "opinions": []
    },
    {
      "sentence_id": 8,
      "sentence": "パソコン・ゲーム事業",
      "opinions": []
    },
    {
      "sentence_id": 9,
      "sentence": "パソコン・ゲーム事業は、専門店としての独自商品及びシステム・サービスの提供を重点項目として取組み、他社との差別化を推進し、売上高は265億67百万円（前年同期比7.3％増）となりました",
      "opinions": [
        {
          "target": "パソコン・ゲーム事業",
          "category": "business#sales",
          "polarity": "positive",
          "from": 0,
          "to": 10
        }
      ]
    },
    {
      "sentence_id": 10,
      "sentence": "化粧品・雑貨事業",
      "opinions": []
    },
    {
      "sentence_id": 11,
      "sentence": "化粧品・雑貨事業は、大型店による店舗展開を強化し、デジタル販促による集客やイベント開催による顧客の増大に取組み、売上高は32億62百万円（前年同期比15.5％減）となりました",
      "opinions": [
        {
          "target": "化粧品・雑貨事業",
          "category": "business#sales",
          "polarity": "negative",
          "from": 0,
          "to": 8
        }
      ]
    },
    {
      "sentence_id": 12,
      "sentence": "出版・広告事業",
      "opinions": []
    },
    {
      "sentence_id": 13,
      "sentence": "出版・広告事業は、紙媒体に加え、デジタルを応用した送客システムの展開及びイベントの開催等を複合して行うことにより、売上高は４億６百万円（前年同期比7.6％増）となりました",
      "opinions": [
        {
          "target": "出版・広告事業",
          "category": "business#sales",
          "polarity": "positive",
          "from": 0,
          "to": 7
        }
      ]
    }
  ]
}