{
  "header": {
    "document_id": "E03556",
    "document_name": "株式会社千葉銀行",
    "doc_text": "有価証券報告書",
    "edi_id": "E03556",
    "security_code": "83310",
    "category33": "銀行業",
    "category17": "銀行",
    "scale": "4"
  },
  "sentences": [
    {
      "sentence_id": 0,
      "sentence": "（業務運営）",
      "opinions": []
    },
    {
      "sentence_id": 1,
      "sentence": "当行は、平成26年４月から平成29年３月までの３年間を計画期間とする中期経営計画「ベストバンク２０２０ －価値創造の３年」のもと、個人や中小企業をはじめとした地域のお客さまに最高の満足と感動を提供する「リテール・ベストバンク」グループの実現に向け、各種施策に積極的に取り組みました",
      "opinions": []
    },
    {
      "sentence_id": 2,
      "sentence": "昨年３月に武蔵野銀行と締結した包括提携「千葉・武蔵野アライアンス」では、本部全部室が参加する11の分科会を中心に連携施策の具体化に取り組み、資産運用ビジネス・国際業務における協働や「千葉・武蔵野パートナーファンド」の設立、事業承継や地方創生などをテーマとしたセミナーの共同開催等を実施しました",
      "opinions": []
    },
    {
      "sentence_id": 3,
      "sentence": "さらに、法人担当者を対象とした合同研修や武蔵野銀行の女性役職員による当行海外拠点への視察研修等をつうじてノウハウの共有や人材交流を図りました",
      "opinions": []
    },
    {
      "sentence_id": 4,
      "sentence": "また、フィンテックを活用した新たな金融サービスの企画・開発を進めていくため、昨年７月、「ＴＳＵＢＡＳＡ金融システム高度化アライアンス」加盟行（当行・第四銀行・中国銀行・伊予銀行・東邦銀行・北洋銀行）及び日本アイ・ビー・エム株式会社が共同で「Ｔ＆Ｉイノベーションセンター株式会社」を設立しました",
      "opinions": []
    },
    {
      "sentence_id": 5,
      "sentence": "さらに、相続関連業務において、第四銀行及び中国銀行と業務提携を行いました",
      "opinions": []
    },
    {
      "sentence_id": 6,
      "sentence": "加えて、ちばぎんグループの一体経営を進めていくため、幕張新都心地区の「ちばぎん幕張ビル」にグループ会社９社を集約し、お客さまのニーズにワンストップでお応えできるよう態勢整備を図りました",
      "opinions": []
    },
    {
      "sentence_id": 7,
      "sentence": "また、ちばぎんアセットマネジメント株式会社において、資産運用分野における協働・連携を深めていくため、武蔵野銀行及び北洋銀行から出資を受け入れました",
      "opinions": []
    },
    {
      "sentence_id": 8,
      "sentence": "業務面では、グループを挙げて「地方創生」に注力しました",
      "opinions": []
    },
    {
      "sentence_id": 9,
      "sentence": "株式会社ちばぎん総合研究所と連携して「続『千葉県創生』戦略プラン」を発表し、各自治体の地方創生の取組みについて検証・提言を行ったほか、各種セミナーを開催しました",
      "opinions": []
    },
    {
      "sentence_id": 10,
      "sentence": "さらに、昨年６月より、当行が私募債発行企業から受け取る引受手数料の一部で教育関連の物品を購入し、発行企業が指定する学校に寄付する「地方創生私募債（愛称：みらいはぐくみ債）」を開始しました",
      "opinions": []
    },
    {
      "sentence_id": 11,
      "sentence": "また、地域の産業を担う中小企業の成長を後押しするため、事業性評価に基づく融資や本業支援等に積極的に取り組みました",
      "opinions": []
    },
    {
      "sentence_id": 12,
      "sentence": "販路拡大や海外進出等に向け、各種ビジネスマッチング商談会やセミナーを開催したほか、「地方創生融資制度」などをつうじて創業や新規事業への支援にも取り組みました",
      "opinions": []
    },
    {
      "sentence_id": 13,
      "sentence": "さらに、お客さまの経営改善やローンのご返済に向けたサポートについても、本部を中心に知識・経験豊富な専門人員や外部専門家を配置するとともに、外部機関なども活用しながらきめ細かく対応しています",
      "opinions": []
    },
    {
      "sentence_id": 14,
      "sentence": "こうした取組みをお客さまに広くお伝えするため、今年２月には「金融仲介機能のベンチマークを活用したお客さまの本業支援等に向けた取組状況」をホームページに公表いたしました",
      "opinions": []
    },
    {
      "sentence_id": 15,
      "sentence": "また、多様化するお客さまの金融ニーズにお応えしていくため、各種チャネルの整備や商品・サービスの拡充を進めました",
      "opinions": []
    },
    {
      "sentence_id": 16,
      "sentence": "昨年５月には、幕張新都心地区に新設した「幕張コールセンター」内に「資産運用サポートセンター」「ちばぎん保険コールセンター」を開設したほか、お客さまの相続や資産承継、財産管理に関する幅広いニーズにお応えしていくため、「ちばぎんファミリートラストサポートサービス」「ちばぎん後見制度支援信託」などの取扱いを開始しました",
      "opinions": []
    },
    {
      "sentence_id": 17,
      "sentence": "さらに、営業店におけるお客さまサービスの向上と業務の効率化を図るため、次世代営業店モデルの実証実験を開始しました",
      "opinions": []
    },
    {
      "sentence_id": 18,
      "sentence": "ＩＴの活用により待ち時間を減らすなど、さらなるサービスの向上に努めてまいります",
      "opinions": []
    },
    {
      "sentence_id": 19,
      "sentence": "フィンテックの分野では、昨年６月よりスマートフォン向け「ちばぎんアプリ」の提供を開始し、今年３月には「かんたん口座照会」サービスを追加しました",
      "opinions": []
    },
    {
      "sentence_id": 20,
      "sentence": "また、「Ｆａｃｅｂｏｏｋ」公式ページを開設したほか、投資信託の銘柄選定をサポートするロボ・アドバイザーを導入いたしました",
      "opinions": []
    },
    {
      "sentence_id": 21,
      "sentence": "さらに、警察と連携した振り込め詐欺被害の防止対策など、お客さまに安心してご利用いただける環境づくりに努めたほか、サービス介助士の全店配置や認知症サポーターの育成などをつうじて、すべてのお客さまの利便性向上に向けた店舗づくりに取り組みました",
      "opinions": []
    },
    {
      "sentence_id": 22,
      "sentence": "また、新たな発想を生み出す企業風土の構築に向け、異業種や海外等への人材派遣や外部知見の活用を進めるとともに、ダイバーシティの推進にも積極的に取り組みました",
      "opinions": []
    },
    {
      "sentence_id": 23,
      "sentence": "昨年４月には、女性活躍推進法に基づく行動計画を策定し、意欲のある女性が活躍できる職域の拡大やキャリア意識の啓発のための諸施策に取り組むとともに、男性も女性も働きやすい職場を目指して環境整備を進めました",
      "opinions": []
    },
    {
      "sentence_id": 24,
      "sentence": "また、昨年10月に「働き方改革推進部」を新設し、「働きやすく、働きがいのある」職場づくりの実現と生産性向上に取り組みました",
      "opinions": []
    },
    {
      "sentence_id": 25,
      "sentence": "その結果、千葉県として初めて認定マーク「えるぼし」（最上位）を取得するとともに、厚生労働省「働きやすく生産性の高い企業・職場表彰」において「奨励賞」を受賞いたしました",
      "opinions": []
    },
    {
      "sentence_id": 26,
      "sentence": "ちばぎんグループでは、「未来を育む宣言」を掲げ、持続可能な地域社会実現のため、「ひと」「環境」「産業」を育成する活動をつうじて、地域活性化や地域振興に貢献しています",
      "opinions": []
    },
    {
      "sentence_id": 27,
      "sentence": "「ひとを育む」活動としては、グループ会社の「ちばぎんハートフル株式会社」をつうじて、障がい者雇用の一層の促進を図りました",
      "opinions": []
    },
    {
      "sentence_id": 28,
      "sentence": "また、「公益財団法人ちばぎんみらい財団」をつうじて中小企業の従業員の方々を対象とした海外視察派遣や県内幼稚園でのオーケストラ公演などを実施したほか、「ちばぎんひまわりギャラリー」や「ちばぎん金融資料室」を運営し、千葉県にゆかりのある作家の作品や、千葉県の金融の歴史について紹介しています",
      "opinions": []
    },
    {
      "sentence_id": 29,
      "sentence": "「環境を育む」活動としては、燃料電池自動車や電気自動車を導入しているほか、新築店舗を中心に太陽光発電システムの設置や屋上緑化などの省エネ対応を図りました",
      "opinions": []
    },
    {
      "sentence_id": 30,
      "sentence": "また、県内各地で「ちばぎんの森」森林整備活動を実施しています",
      "opinions": []
    },
    {
      "sentence_id": 31,
      "sentence": "「産業を育む」活動としては、地域の観光振興のため、ちばプロモーション協議会（会長：森田千葉県知事）をつうじて県内市町村へ観光用レンタサイクルを贈呈する活動を継続したほか、「ちばぎん・研究開発助成制度2016」を実施し、千葉大学・木更津工業高等専門学校と中小企業５社との共同研究に対し助成金を交付しました",
      "opinions": []
    },
    {
      "sentence_id": 32,
      "sentence": "このような活動により、当連結会計年度につきましては、次のような成果を収めることができました",
      "opinions": []
    },
    {
      "sentence_id": 33,
      "sentence": "この間のお客さま並びに株主のみなさまのご支援に厚くお礼申し上げます",
      "opinions": []
    },
    {
      "sentence_id": 34,
      "sentence": "（経営成績等）",
      "opinions": []
    },
    {
      "sentence_id": 35,
      "sentence": "主要勘定の動きは、次のとおりとなりました",
      "opinions": []
    },
    {
      "sentence_id": 36,
      "sentence": "預金は、さまざまな金融商品・サービスを品揃えし、給与振込や年金受取口座など家計のメインバンクとしてご利用いただくことを目指して活動してまいりましたことにより、期末残高は前年度末比4,231億円増加し、11兆5,505億円となりました",
      "opinions": [
        {
          "target": "預金",
          "category": "product#amount",
          "polarity": "positive",
          "from": 0,
          "to": 2
        }
      ]
    },
    {
      "sentence_id": 37,
      "sentence": "貸出金は、法人・個人ともにお客さまのお借入のニーズに積極的にお応えしてまいりましたことにより、期末残高は前年度末比4,997億円増加し、９兆2,688億円となりました",
      "opinions": [
        {
          "target": "貸出金",
          "category": "product#amount",
          "polarity": "positive",
          "from": 0,
          "to": 3
        }
      ]
    },
    {
      "sentence_id": 38,
      "sentence": "また、有価証券の期末残高は、前年度末比742億円減少し、２兆3,814億円となりました",
      "opinions": [
        {
          "target": "有価証券",
          "category": "product#amount",
          "polarity": "negative",
          "from": 3,
          "to": 7
        }
      ]
    },
    {
      "sentence_id": 39,
      "sentence": "これらの結果、総資産の期末残高は、前年度末比7,618億円増加し、14兆957億円となりました",
      "opinions": [
        {
          "target": "期末残高",
          "category": "NULL#amount",
          "polarity": "positive",
          "from": 11,
          "to": 15
        }
      ]
    },
    {
      "sentence_id": 40,
      "sentence": "また、純資産の期末残高は、前年度末比341億円増加し、9,005億円となりました",
      "opinions": [
        {
          "target": "期末残高",
          "category": "NULL#amount",
          "polarity": "positive",
          "from": 7,
          "to": 11
        }
      ]
    },
    {
      "sentence_id": 41,
      "sentence": "経営成績は、次のとおりとなりました",
      "opinions": []
    },
    {
      "sentence_id": 42,
      "sentence": "経常収益は、貸出金利息など資金運用収益の減少を主因に、前年度比８億81百万円減少し2,278億11百万円となりました",
      "opinions": [
        {
          "target": "経常収益",
          "category": "NULL#sales",
          "polarity": "negative",
          "from": 0,
          "to": 4
        },
        {
          "target": "資金運用収益",
          "category": "NULL#sales",
          "polarity": "negative",
          "from": 13,
          "to": 19
        }
      ]
    },
    {
      "sentence_id": 43,
      "sentence": "経常費用は、マイナス金利の影響による割引率低下を受けた退職給付費用の増加などによる営業経費の増加を主因に、前年度比70億70百万円増加し1,502億７百万円となりました",
      "opinions": [
        {
          "target": "経常費用",
          "category": "NULL#cost",
          "polarity": "negative",
          "from": 0,
          "to": 4
        },
        {
          "target": "退職給付費用",
          "category": "NULL#cost",
          "polarity": "negative",
          "from": 27,
          "to": 33
        },
        {
          "target": "営業経費",
          "category": "NULL#cost",
          "polarity": "negative",
          "from": 41,
          "to": 45
        }
      ]
    },
    {
      "sentence_id": 44,
      "sentence": "これらの結果、経常利益は前年度比79億51百万円減少し776億４百万円、親会社株主に帰属する当期純利益は、前年度比27億13百万円減少し527億30百万円となりました",
      "opinions": [
        {
          "target": "経常利益",
          "category": "NULL#profit",
          "polarity": "negative",
          "from": 7,
          "to": 11
        },
        {
          "target": "当期純利益",
          "category": "NULL#profit",
          "polarity": "negative",
          "from": 46,
          "to": 51
        }
      ]
    }
  ]
}