{
  "header": {
    "document_id": "E03641",
    "document_name": "株式会社　京葉銀行",
    "doc_text": "有価証券報告書",
    "edi_id": "E03641",
    "security_code": "85440",
    "category33": "銀行業",
    "category17": "銀行",
    "scale": "6"
  },
  "sentences": [
    {
      "sentence_id": 0,
      "sentence": "（経営成績）",
      "opinions": []
    },
    {
      "sentence_id": 1,
      "sentence": "経常収益は、貸出金及び預金の残高が順調に増加した一方、運用利回りの低下により資金運用収益が減少したこと等により、前連結会計年度比39億56百万円減少し665億70百万円となりました",
      "opinions": [
        {
          "target": "経常収益",
          "category": "NULL#sales",
          "polarity": "negative",
          "from": 0,
          "to": 4
        },
        {
          "target": "貸出金",
          "category": "product#amount",
          "polarity": "positive",
          "from": 6,
          "to": 9
        },
        {
          "target": "預金",
          "category": "product#amount",
          "polarity": "positive",
          "from": 11,
          "to": 13
        },
        {
          "target": "運用利回り",
          "category": "NULL#general",
          "polarity": "negative",
          "from": 27,
          "to": 32
        },
        {
          "target": "金運用収益",
          "category": "NULL#sales",
          "polarity": "negative",
          "from": 39,
          "to": 44
        }
      ]
    },
    {
      "sentence_id": 2,
      "sentence": "経常費用は、貸倒引当金繰入額の増加等により前連結会計年度比24億18百万円増加し489億３百万円となりました",
      "opinions": [
        {
          "target": "経常費用",
          "category": "NULL#cost",
          "polarity": "negative",
          "from": 0,
          "to": 4
        },
        {
          "target": "貸倒引当金繰入額",
          "category": "NULL#cost",
          "polarity": "negative",
          "from": 6,
          "to": 14
        }
      ]
    },
    {
      "sentence_id": 3,
      "sentence": "この結果、経常利益は前連結会計年度比63億74百万円減少し176億66百万円、親会社株主に帰属する当期純利益は35億53百万円減少し116億34百万円となりました",
      "opinions": [
        {
          "target": "経常利益",
          "category": "NULL#profit",
          "polarity": "negative",
          "from": 5,
          "to": 9
        },
        {
          "target": "当期純利益",
          "category": "NULL#profit",
          "polarity": "negative",
          "from": 49,
          "to": 54
        }
      ]
    },
    {
      "sentence_id": 4,
      "sentence": "（財政状態）",
      "opinions": []
    },
    {
      "sentence_id": 5,
      "sentence": "総資産は、住宅ローンを中心とする個人向け及び中小企業向けの貸出金や有価証券の増加等により、前連結会計年度末比1,047億円増加し４兆5,984億円となりました",
      "opinions": [
        {
          "target": "総資産",
          "category": "NULL#general",
          "polarity": "positive",
          "from": 0,
          "to": 3
        },
        {
          "target": "貸出金",
          "category": "product#amount",
          "polarity": "positive",
          "from": 29,
          "to": 32
        },
        {
          "target": "有価証券",
          "category": "product#amount",
          "polarity": "positive",
          "from": 33,
          "to": 37
        }
      ]
    },
    {
      "sentence_id": 6,
      "sentence": "負債は、預金を中心に前連結会計年度末比1,045億円増加し４兆3,152億円となりました",
      "opinions": [
        {
          "target": "負債",
          "category": "NULL#cost",
          "polarity": "negative",
          "from": 0,
          "to": 2
        },
        {
          "target": "預金",
          "category": "product#amount",
          "polarity": "positive",
          "from": 4,
          "to": 6
        }
      ]
    },
    {
      "sentence_id": 7,
      "sentence": "純資産は、利益の積み上げにより株主資本が増加した一方、その他有価証券評価差額金の減少等により、前連結会計年度末比１億円増加の2,832億円となりました",
      "opinions": [
        {
          "target": "純資産",
          "category": "NULL#general",
          "polarity": "positive",
          "from": 0,
          "to": 3
        },
        {
          "target": "株主資本",
          "category": "NULL#general",
          "polarity": "positive",
          "from": 15,
          "to": 19
        },
        {
          "target": "その他有価証券評価差額金",
          "category": "NULL#general",
          "polarity": "negative",
          "from": 27,
          "to": 39
        }
      ]
    },
    {
      "sentence_id": 8,
      "sentence": "主要勘定の残高は、貸出金３兆2,714億円（前連結会計年度末比1,726億円増加）、有価証券１兆139億円（同493億円増加）、預金４兆2,370億円（同1,416億円増加）となりました",
      "opinions": [
        {
          "target": "貸出金",
          "category": "product#amount",
          "polarity": "positive",
          "from": 9,
          "to": 12
        },
        {
          "target": "有価証券",
          "category": "product#amount",
          "polarity": "positive",
          "from": 42,
          "to": 46
        },
        {
          "target": "預金",
          "category": "product#amount",
          "polarity": "positive",
          "from": 64,
          "to": 66
        }
      ]
    },
    {
      "sentence_id": 9,
      "sentence": "（自己資本比率）",
      "opinions": []
    },
    {
      "sentence_id": 10,
      "sentence": "国内基準による連結自己資本比率は11.26％、単体自己資本比率は11.23％となりました",
      "opinions": []
    },
    {
      "sentence_id": 11,
      "sentence": "当行グループは、銀行業以外にクレジットカード業務、信用保証業務及び担保評価業務等を営んでおりますが、それらの事業の全セグメントに占める割合が継続的に僅少であるため、セグメント情報の記載を省略しております",
      "opinions": []
    }
  ]
}