{
  "header": {
    "document_id": "E04147",
    "document_name": "東日本旅客鉄道株式会社",
    "doc_text": "有価証券報告書",
    "edi_id": "E04147",
    "security_code": "90200",
    "category33": "陸運業",
    "category17": "運輸・物流",
    "scale": "1"
  },
  "sentences": [
    {
      "sentence_id": 0,
      "sentence": "当連結会計年度におけるわが国経済は、雇用・所得環境などが改善し、緩やかな回復傾向が続きました",
      "opinions": [
        {
          "target": "わが国経済",
          "category": "NULL#general",
          "polarity": "positive",
          "from": 11,
          "to": 16
        },
        {
          "target": "雇用",
          "category": "NULL#general",
          "polarity": "positive",
          "from": 18,
          "to": 20
        },
        {
          "target": "所得環境",
          "category": "NULL#general",
          "polarity": "positive",
          "from": 21,
          "to": 25
        }
      ]
    },
    {
      "sentence_id": 1,
      "sentence": "このような状況の中、当社、連結子会社および持分法適用関連会社は、「グループ経営構想Ⅴ ～限りなき前進～」のもと、鉄道や生活サービス、ＩＴ・Ｓｕｉｃａの各事業を中心に様々な施策を着実に展開しました",
      "opinions": []
    },
    {
      "sentence_id": 2,
      "sentence": "この結果、当連結会計年度の営業収益は、当社の運輸収入が増加したことなどにより、前期比0.5％増の2,880,802百万円となりましたが、新幹線鉄道大規模改修引当金繰入などに伴い当社の営業費用が増加したことにより、営業利益は前期比4.4％減の466,309百万円、経常利益は前期比3.9％減の412,311百万円となりました",
      "opinions": [
        {
          "target": "営業収益",
          "category": "NULL#sales",
          "polarity": "positive",
          "from": 13,
          "to": 17
        },
        {
          "target": "運輸収入",
          "category": "NULL#sales",
          "polarity": "positive",
          "from": 22,
          "to": 26
        },
        {
          "target": "営業費用",
          "category": "NULL#cost",
          "polarity": "negative",
          "from": 91,
          "to": 95
        },
        {
          "target": "営業利益",
          "category": "NULL#profit",
          "polarity": "negative",
          "from": 106,
          "to": 110
        },
        {
          "target": "経常利益",
          "category": "NULL#profit",
          "polarity": "negative",
          "from": 131,
          "to": 135
        }
      ]
    },
    {
      "sentence_id": 3,
      "sentence": "親会社株主に帰属する当期純利益は、固定資産売却益の増加の影響などもあり、前期比13.3％増の277,925百万円となりました",
      "opinions": [
        {
          "target": "当期純利益",
          "category": "NULL#profit",
          "polarity": "positive",
          "from": 10,
          "to": 15
        },
        {
          "target": "固定資産売却益",
          "category": "NULL#general",
          "polarity": "positive",
          "from": 17,
          "to": 24
        }
      ]
    },
    {
      "sentence_id": 4,
      "sentence": "重点課題と位置づけている「安全・安定輸送のレベルアップ」については、輸送に係る事故・事象の「再発防止」を徹底するとともに、リスク・弱点の把握による「未然防止」に取り組んでいます",
      "opinions": []
    },
    {
      "sentence_id": 5,
      "sentence": "具体的には、弱点克服に向けて電気設備や新幹線設備等の強化を進めました",
      "opinions": []
    },
    {
      "sentence_id": 6,
      "sentence": "あわせて、社員一人ひとりが仕事の本質について理解を深めるため、訓練センター、技能教習所および現業区所にシミュレーターなどの訓練設備を導入し、より実践的な安全教育・訓練を実施しました",
      "opinions": []
    },
    {
      "sentence_id": 7,
      "sentence": "また、グループ会社等との人事交流を拡大するとともに、パートナー会社との協働により鉄道工事における安全マネジメントの定着に努め、グループ全体での技術力の向上に取り組みました",
      "opinions": []
    },
    {
      "sentence_id": 8,
      "sentence": "さらに、安定した輸送サービスの提供に向けて、地上設備や車両の故障防止に努めるとともに、輸送障害発生時においては、影響拡大防止や早期運転再開、迅速なお客さま対応などの取組みを進めました",
      "opinions": []
    },
    {
      "sentence_id": 9,
      "sentence": "インバウンド戦略については、当社グループ全体での商品の充実や受入態勢の整備に取り組みました",
      "opinions": []
    },
    {
      "sentence_id": 10,
      "sentence": "具体的には、平成28年４月に北陸新幹線も利用可能な「東京・大阪『北陸アーチパス』」や、北海道新幹線も利用可能な「ＪＲ東日本－南北海道レールパス」を発売しました",
      "opinions": []
    },
    {
      "sentence_id": 11,
      "sentence": "あわせて、平成28年８月には東北エリア向け新商品「ＴＯＨＯＫＵ ＢＵＦＦＥＴ(東北ブッフェ)」を発売し、訪日旅行商品ブランド「東日本鉄道ホリデー」のラインナップを拡充しました",
      "opinions": []
    },
    {
      "sentence_id": 12,
      "sentence": "また、訪日旅行に関する情報発信やサポートを目的に、平成28年12月に「ＪＡＰＡＮ ＲＡＩＬ ＣＡＦＥ」(シンガポール)を開業しました",
      "opinions": []
    },
    {
      "sentence_id": 13,
      "sentence": "さらに、首都圏エリアにおいて、駅名標の４ヵ国語表記や、路線記号と駅番号を組み合わせて表示する駅ナンバリングの導入を進めました",
      "opinions": []
    },
    {
      "sentence_id": 14,
      "sentence": "加えて、「ＪＲ東日本訪日旅行センター」について、池袋駅東口に新設するとともに、東京駅および空港第２ビル駅の窓口を拡充しました",
      "opinions": []
    },
    {
      "sentence_id": 15,
      "sentence": "そのほか、低廉な価格で長期滞在できる宿泊施設「Ｔｒａｉｎ Ｈｏｓｔｅｌ(トレインホステル) 北斗星」(東京)を平成28年12月に開業しました",
      "opinions": []
    },
    {
      "sentence_id": 16,
      "sentence": "品川駅・田町駅周辺エリアについては、当社の車両基地から生み出される用地を活用し、国際的に魅力のある交流拠点の創出をめざしています",
      "opinions": []
    },
    {
      "sentence_id": 17,
      "sentence": "平成28年４月に国家戦略特別区域の区域計画として認定されたことを踏まえ、国・東京都・関係区等と引き続き連携しながらまちづくりに向けた手続きを進めており、平成29年３月には「品川駅北周辺地区まちづくりガイドライン」を策定しました",
      "opinions": []
    },
    {
      "sentence_id": 18,
      "sentence": "なお、品川新駅(仮称)については、2020年春の暫定開業、2024年頃の街びらきに合わせた本開業に向けて、建設工事に着手しました",
      "opinions": []
    },
    {
      "sentence_id": 19,
      "sentence": "当社は、平成28年６月に公益財団法人東京オリンピック・パラリンピック競技大会組織委員会と「東京2020オフィシャルパートナー(旅客鉄道輸送サービス)」契約を締結し、果たすべき役割を「ＪＲ東日本2020Ｐｒｏｊｅｃｔ」として公表しました",
      "opinions": []
    },
    {
      "sentence_id": 20,
      "sentence": "これを踏まえ、競技会場周辺等の駅改良工事や鉄道施設のセキュリティ向上など、円滑な大会運営の支援や大会開催の気運醸成に向けて取り組みました",
      "opinions": []
    },
    {
      "sentence_id": 21,
      "sentence": "あわせて、質の高いサービスを提供することによりお客さまのご期待に応え、2020年以降の社会に「レガシー(遺産)」を引き継いでいくことをめざし、コミュニケーションスローガン「ＴＩＣＫＥＴ ＴＯ ＴＯＭＯＲＲＯＷ ～未来のキップを、すべてのひとに",
      "opinions": []
    },
    {
      "sentence_id": 22,
      "sentence": "～」を平成28年10月に発表しました",
      "opinions": []
    },
    {
      "sentence_id": 23,
      "sentence": "「地方創生」については、観光振興、地域産業活性化および地方中核駅を中心としたまちづくりなどに取り組みました",
      "opinions": []
    },
    {
      "sentence_id": 24,
      "sentence": "具体的には、平成29年５月から運転開始のクルーズトレイン「ＴＲＡＩＮ ＳＵＩＴＥ 四季島(トランスイート しきしま)」について、運行日程・ルートの詳細を公表し、旅行商品のお申込みを受け付けるとともに、上野駅で「新たな旅立ちの13.5番線ホーム」およびラウンジ「ＰＲＯＬＯＧＵＥ 四季島」の整備を進めました",
      "opinions": []
    },
    {
      "sentence_id": 25,
      "sentence": "また、農林漁業の「６次産業化」の取組みとして、株式会社ＪＲとまとランドいわきファームのトマトを活用した様々な商品や、株式会社ＪＲ新潟ファームの酒米から醸造した日本酒「新潟しゅぽっぽ」をエキナカ店舗等で販売するとともに、株式会社ＪＲアグリ仙台を地域農業者等と共同で設立しました",
      "opinions": []
    },
    {
      "sentence_id": 26,
      "sentence": "さらに、秋田県、秋田市および当社の三者で締結した「地方創生に向けたコンパクトなまちづくりに関する連携協定」を踏まえ、秋田駅において、観光拠点を整備しました",
      "opinions": []
    },
    {
      "sentence_id": 27,
      "sentence": "あわせて、平成29年４月開業の西口駐車場ビルや平成30年春完成予定のスポーツ整形クリニック、平成31年冬完成予定のＪＲ秋田ゲートアリーナ(仮称)の準備を進めました",
      "opinions": []
    },
    {
      "sentence_id": 28,
      "sentence": "海外鉄道プロジェクトへの参画については、都市鉄道「パープルライン」(タイ・バンコク)が平成28年８月に開業し、子会社の株式会社総合車両製作所が製造したステンレス車両「ｓｕｓｔｉｎａ(サスティナ)」の運行が開始されました",
      "opinions": []
    },
    {
      "sentence_id": 29,
      "sentence": "また、他社と共同出資で設立した現地法人が、鉄道システムのメンテナンス業務を開始しました",
      "opinions": []
    },
    {
      "sentence_id": 30,
      "sentence": "さらに、インド高速鉄道について、子会社の日本コンサルタンツ株式会社が「インド国高速鉄道に係る制度整備支援プロジェクト」および「インド国高速鉄道建設事業詳細設計調査」を独立行政法人国際協力機構(ＪＩＣＡ)から受注し、コンサルティング業務に取り組みました",
      "opinions": []
    },
    {
      "sentence_id": 31,
      "sentence": "当社も新幹線オペレーターとしての経験を活かし、技術的な支援を行いました",
      "opinions": []
    },
    {
      "sentence_id": 32,
      "sentence": "加えて、今後のグローバル展開を担う人材の育成に向け、「グローバル人材育成プログラム Ｅｖｅｒ Ｏｎｗａｒｄ」を推進しました",
      "opinions": []
    },
    {
      "sentence_id": 33,
      "sentence": "セグメントの業績は次のとおりであります",
      "opinions": []
    },
    {
      "sentence_id": 34,
      "sentence": "運輸業においては、鉄道事業を中心に、安全・安定輸送の確保とお客さま満足の向上を前提として、鉄道ネットワークの利用促進策の展開などにより収入確保に努めました",
      "opinions": []
    },
    {
      "sentence_id": 35,
      "sentence": "安全面では、第６次安全５ヵ年計画「グループ安全計画2018」に基づく施策を着実に実施しました",
      "opinions": []
    },
    {
      "sentence_id": 36,
      "sentence": "首都直下地震等を想定し、平成24年度から平成28年度を重点整備期間とする総額3,000億円の耐震補強対策等を着実に進め、計画通り、当連結会計年度末で全体計画数量の８割が完了しました",
      "opinions": []
    },
    {
      "sentence_id": 37,
      "sentence": "また、ホームドアについては、山手線および京浜東北・根岸線大宮・桜木町間の全駅に導入する方針のもと設置工事を進め、山手線品川駅および京浜東北線赤羽駅で使用開始しました",
      "opinions": []
    },
    {
      "sentence_id": 38,
      "sentence": "さらに、平成29年１月に発生した京浜東北線蕨駅構内での鉄道人身障害事故を踏まえ、整備時期の前倒しを公表しました",
      "opinions": []
    },
    {
      "sentence_id": 39,
      "sentence": "加えて、工期短縮やコストダウンに向け、横浜線町田駅において平成28年12月に新しい形式のホームドアを試行導入しました",
      "opinions": []
    },
    {
      "sentence_id": 40,
      "sentence": "そのほか、駅ホームの安全な利用を呼びかける「プラットホーム事故０(ゼロ)運動」を他の鉄道事業者と共同で実施しました",
      "opinions": []
    },
    {
      "sentence_id": 41,
      "sentence": "また、踏切事故対策として、踏切の整理統廃合や遮断機設置、踏切支障報知装置や障害物検知装置の増設などに引き続き取り組みました",
      "opinions": []
    },
    {
      "sentence_id": 42,
      "sentence": "さらに、保守作業員の安全性向上を目的として、ＧＰＳを活用した列車接近警報装置の導入線区を拡大しました",
      "opinions": []
    },
    {
      "sentence_id": 43,
      "sentence": "サービス品質面では、「サービス品質改革中期ビジョン2017」のもと、「顧客満足度 鉄道業界Ｎｏ.１」の実現に向けた施策を推進しました",
      "opinions": []
    },
    {
      "sentence_id": 44,
      "sentence": "直通ネットワーク拡充を踏まえ、輸送障害発生時の折返し運転の拡大など、輸送品質向上に取り組みました",
      "opinions": []
    },
    {
      "sentence_id": 45,
      "sentence": "また、「ＪＲ東日本アプリ」については、列車走行位置情報の提供線区を拡大し、当連結会計年度末の累計ダウンロード数は約246万件となりました",
      "opinions": []
    },
    {
      "sentence_id": 46,
      "sentence": "さらに、トンネル内における携帯電話不通区間の解消に関係各社等と共同で取り組み、北陸新幹線高崎・安中榛名間、東北新幹線いわて沼宮内・二戸(手前)間、上越新幹線高崎・上毛高原(手前)間、横須賀線東京・品川間および京葉線東京・潮見間において、ご利用いただける環境を整備しました",
      "opinions": []
    },
    {
      "sentence_id": 47,
      "sentence": "加えて、「やめましょう、歩きスマホ",
      "opinions": []
    },
    {
      "sentence_id": 48,
      "sentence": "」キャンペーンを初めて全国の鉄道事業者等と共同で実施しました",
      "opinions": []
    },
    {
      "sentence_id": 49,
      "sentence": "そのほか、お困りのお客さまにお声かけする「声かけ・サポート」運動について、首都圏の他の鉄道事業者と新たに連携して取り組みました",
      "opinions": []
    },
    {
      "sentence_id": 50,
      "sentence": "輸送面では、平成29年３月のダイヤ改正において、東北新幹線東京・仙台間で「はやぶさ」を増発したほか、訪日旅行者のご利用が多い「成田エクスプレス」の増発・編成増強を実施しました",
      "opinions": []
    },
    {
      "sentence_id": 51,
      "sentence": "また、東京メガループの利便性向上の一環として、京葉線を増発しました",
      "opinions": []
    },
    {
      "sentence_id": 52,
      "sentence": "営業面では、地域間の交流人口拡大を目的として、「行くぜ、東北",
      "opinions": []
    },
    {
      "sentence_id": 53,
      "sentence": "ＳＰＥＣＩＡＬ 冬のごほうび」や「Ｊａｐａｎｅｓｅ Ｂｅａｕｔｙ Ｈｏｋｕｒｉｋｕ」などの各種キャンペーンを展開しました",
      "opinions": []
    },
    {
      "sentence_id": 54,
      "sentence": "また、越後湯沢・新潟間において、アートカフェ新幹線「ＧＥＮＢＩ ＳＨＩＮＫＡＮＳＥＮ(現美新幹線)」を平成28年４月から運行するとともに、小田原・伊豆急下田間において、伊豆急行株式会社との連携によりリゾート列車「ＩＺＵ ＣＲＡＩＬＥ(伊豆クレイル)」の運行を平成28年７月から開始しました",
      "opinions": []
    },
    {
      "sentence_id": 55,
      "sentence": "さらに、列車と宿泊施設を自由に組み合わせることができる価格変動型旅行商品「ＪＲ東日本ダイナミックレールパック」について、東北・信越エリアから首都圏への観光流動拡大に向けて、新ブランド「ダイナミックＴＹＯ」を平成28年11月に立ち上げました",
      "opinions": []
    },
    {
      "sentence_id": 56,
      "sentence": "加えて、インターネットＪＲ券申込サービス「えきねっと」について、平成28年12月より北海道エリア全域できっぷの受取りを可能としました",
      "opinions": []
    },
    {
      "sentence_id": 57,
      "sentence": "Ｓｕｉｃａについては、平成28年10月から決済サービス「Ａｐｐｌｅ Ｐａｙ」に対応し、ｉＰｈｏｎｅ７等によるご利用を可能としました",
      "opinions": []
    },
    {
      "sentence_id": 58,
      "sentence": "なお、Ｓｕｉｃａの発行枚数は、当連結会計年度末で約6,398万枚となりました",
      "opinions": []
    },
    {
      "sentence_id": 59,
      "sentence": "また、平成29年４月から篠ノ井線、中央本線および磐越西線においてＳｕｉｃａをご利用可能な駅を拡大するため、準備を進めました",
      "opinions": []
    },
    {
      "sentence_id": 60,
      "sentence": "この結果、当社の鉄道事業の輸送人員は前期を上回り、運輸業の売上高は前期比0.2％増の2,013,012百万円となりましたが、新幹線鉄道大規模改修引当金繰入などに伴い営業費用が増加したことにより、営業利益は前期比6.4％減の326,419百万円となりました",
      "opinions": [
        {
          "target": "鉄道事業",
          "category": "business#amount",
          "polarity": "positive",
          "from": 8,
          "to": 12
        },
        {
          "target": "運輸業",
          "category": "business#sales",
          "polarity": "positive",
          "from": 25,
          "to": 28
        },
        {
          "target": "運輸業",
          "category": "business#profit",
          "polarity": "negative",
          "from": 25,
          "to": 28
        },
        {
          "target": "営業費用",
          "category": "NULL#cost",
          "polarity": "negative",
          "from": 82,
          "to": 86
        },
        {
          "target": "営業利益",
          "category": "NULL#profit",
          "polarity": "negative",
          "from": 97,
          "to": 101
        }
      ]
    },
    {
      "sentence_id": 61,
      "sentence": "東日本大震災により甚大な被害を受けた太平洋沿岸線区の復旧については、国や関係自治体と協議しながら、地域全体の復興と一体となって取組みを進めました",
      "opinions": []
    },
    {
      "sentence_id": 62,
      "sentence": "山田線宮古・釜石間においては、三陸鉄道株式会社による南北リアス線との一体運営に向けて復旧工事を進めました",
      "opinions": []
    },
    {
      "sentence_id": 63,
      "sentence": "また、気仙沼線・大船渡線では、ＢＲＴによるサービス改善等を進めました",
      "opinions": []
    },
    {
      "sentence_id": 64,
      "sentence": "さらに、常磐線相馬・浜吉田間では平成28年12月に運転を再開しました",
      "opinions": []
    },
    {
      "sentence_id": 65,
      "sentence": "福島第一原子力発電所20km圏内の方針としては、避難指示解除準備区域では、沿線地域の除染や住民帰還に向けた準備開始など必要な環境整備について国・自治体の協力をいただき、運転再開の準備を進めることとしています",
      "opinions": []
    },
    {
      "sentence_id": 66,
      "sentence": "その方針に基づき、常磐線小高・原ノ町間で平成28年７月に運転を再開するとともに、浪江・小高間は平成29年４月、竜田・富岡間は平成29年10月頃の運転再開に向けて、復旧工事等を進めました",
      "opinions": []
    },
    {
      "sentence_id": 67,
      "sentence": "また、帰還困難区域では、被災施設の復旧と合わせ、国・自治体の支援・協力のもと、通行に必要な除染や異常時の利用者の安全確保対策の完了後に開通させることをめざしており、平成31年度末までの常磐線富岡・浪江間の運転再開に向けて、復旧工事を進めました",
      "opinions": []
    },
    {
      "sentence_id": 68,
      "sentence": "駅スペース活用事業では、新宿駅新南エリアにおいて「ＮＥＷｏＭａｎ(ニュウマン)(第２期)」(東京)を平成28年４月に開業しました",
      "opinions": []
    },
    {
      "sentence_id": 69,
      "sentence": "また、東京駅の丸の内地下エリアの「グランスタ丸の内」(東京)および「グランスタ」(東京)新エリアについて、平成28年７月の第１期開業に続き、平成29年４月の第２期開業に向けて準備を進めました",
      "opinions": []
    },
    {
      "sentence_id": 70,
      "sentence": "さらに、日本各地の味覚を取り揃えた「駅弁屋 祭 グランスタ店」(東京)を平成28年11月にリニューアル開業しました",
      "opinions": []
    },
    {
      "sentence_id": 71,
      "sentence": "加えて、千葉駅・駅ビル建替え計画に伴い、「ペリエ千葉エキナカ(３階)」(千葉)を平成28年11月に開業しました",
      "opinions": []
    },
    {
      "sentence_id": 72,
      "sentence": "そのほか、コンビニエンスストア「ＮｅｗＤａｙｓ(ニューデイズ)」の新デザイン店舗や、駅売店「ＫＩＯＳＫ(キオスク)」の新型ショップ「ＮｅｗＤａｙｓ ＫＩＯＳＫ」の展開を継続しました",
      "opinions": []
    },
    {
      "sentence_id": 73,
      "sentence": "これに加え、仙台駅等の店舗の売上が好調であったことなどにより、売上高は前期比0.3％増の417,113百万円となりましたが、工事支障による閉店の影響などにより、営業利益は前期比6.0％減の32,990百万円となりました",
      "opinions": [
        {
          "target": "仙台駅",
          "category": "NULL#sales",
          "polarity": "positive",
          "from": 6,
          "to": 9
        },
        {
          "target": "売上高",
          "category": "NULL#sales",
          "polarity": "positive",
          "from": 31,
          "to": 34
        },
        {
          "target": "営業利益",
          "category": "NULL#profit",
          "polarity": "negative",
          "from": 80,
          "to": 84
        }
      ]
    },
    {
      "sentence_id": 74,
      "sentence": "ショッピング・オフィス事業においては、当社グループ共通の「ＪＲＥ ＰＯＩＮＴ(ジェイアールイー・ポイント)」について、「エスパル仙台」(宮城)や「フェザン」(岩手)などでご利用可能とし、駅ビル等71箇所に利用エリアを順次拡大しました",
      "opinions": []
    },
    {
      "sentence_id": 75,
      "sentence": "また、平成28年４月に「ｎｏｎｏｗａ国立ＷＥＳＴ」(東京)、平成28年６月に「ｎｏｎｏｗａ武蔵境ＥＡＳＴ」(東京)をそれぞれ開業し、中央線の沿線価値向上を図りました",
      "opinions": []
    },
    {
      "sentence_id": 76,
      "sentence": "さらに、平成28年４月に「アトレ恵比寿西館」(東京)、平成28年９月に「ＪＥＢＬ秋葉原スクエア」(東京)、平成28年11月に「ラスカ熱海」(静岡)をそれぞれ開業しました",
      "opinions": []
    },
    {
      "sentence_id": 77,
      "sentence": "加えて、平成29年６月に全面開業予定の「ＪＲさいたま新都心ビル」(埼玉)、平成31年度完成予定の渋谷駅街区開発計画Ⅰ期(東棟)および平成32年開業予定の横浜駅西口開発ビル(仮称)の建設工事を進めました",
      "opinions": []
    },
    {
      "sentence_id": 78,
      "sentence": "これに加え、「ＪＲ新宿ミライナタワー」(東京)、「ＮＥＷｏＭａｎ(第１期)」(東京)および「エスパル仙台東館」(宮城)の開業による増収などにより、売上高は前期比4.8％増の280,564百万円となり、営業利益は前期比4.8％増の75,032百万円となりました",
      "opinions": [
        {
          "target": "売上高",
          "category": "NULL#sales",
          "polarity": "positive",
          "from": 73,
          "to": 76
        },
        {
          "target": "営業利益",
          "category": "NULL#profit",
          "polarity": "positive",
          "from": 100,
          "to": 104
        }
      ]
    },
    {
      "sentence_id": 79,
      "sentence": "ホテル業では、既存ホテルの競争力強化をめざし、「ホテルメッツ渋谷」(東京)および「ホテルメッツ北上」(岩手)をリニューアル開業しました",
      "opinions": []
    },
    {
      "sentence_id": 80,
      "sentence": "また、「ホテルメトロポリタン仙台イースト」(宮城)、「ホテルメトロポリタンさいたま新都心」(埼玉)およびホテルドリームゲート舞浜別館(仮称)の建設工事を進めました",
      "opinions": []
    },
    {
      "sentence_id": 81,
      "sentence": "広告代理業では、他の鉄道事業者も含めた全ての対象路線で中吊り広告を同時展開できる「首都圏11社局中づりドリームネットワークセット」の販売促進に努めました",
      "opinions": []
    },
    {
      "sentence_id": 82,
      "sentence": "クレジットカード事業では、新宿駅や上野駅などの首都圏８駅で海外発行カード専用キャッシュディスペンサーを設置しました",
      "opinions": []
    },
    {
      "sentence_id": 83,
      "sentence": "Ｓｕｉｃａ電子マネーについては、「Ｓｕｉｃａポイントクラブ」をより便利にご利用いただくため、平成28年７月から「Ｓｕｉｃａポイントアプリ」の配信を開始しました",
      "opinions": []
    },
    {
      "sentence_id": 84,
      "sentence": "また、広域展開するチェーン店への導入を進めるなど、引き続き加盟店開拓に積極的に取り組みました",
      "opinions": []
    },
    {
      "sentence_id": 85,
      "sentence": "その結果、Ｓｕｉｃａ電子マネーが利用可能な店舗の数は、当連結会計年度末で約38万店舗となりました",
      "opinions": []
    },
    {
      "sentence_id": 86,
      "sentence": "さらに、Ｓｕｉｃａポイントを「ＪＲＥ ＰＯＩＮＴ」に共通化するため、準備を進めました",
      "opinions": []
    },
    {
      "sentence_id": 87,
      "sentence": "このほか、「ＨＡＰＰＹ ＣＨＩＬＤ ＰＲＯＪＥＣＴ(ハッピーチャイルドプロジェクト)」の一環として、子育て支援と高齢者福祉の複合施設「ＣＯＴＯＮＩＯＲ(コトニア)西船橋」(千葉)および「ＣＯＴＯＮＩＯＲ国立」(東京)を開業しました",
      "opinions": []
    },
    {
      "sentence_id": 88,
      "sentence": "また、駅ビル内などにおいて子育て支援施設の整備を進め、当連結会計年度末で累計96箇所となりました",
      "opinions": []
    },
    {
      "sentence_id": 89,
      "sentence": "あわせて、平成32年４月までに累計130箇所の開設をめざすことを公表しました",
      "opinions": []
    },
    {
      "sentence_id": 90,
      "sentence": "これに加え、広告代理業、クレジットカード事業の売上増などにより、売上高は前期比0.4％増の636,713百万円となりましたが、北海道新幹線関連のシステムおよび工事の売上反動減などにより、営業利益は前期比0.1％減の34,978百万円となりました",
      "opinions": [
        {
          "target": "広告代理業",
          "category": "business#sales",
          "polarity": "positive",
          "from": 6,
          "to": 11
        },
        {
          "target": "クレジットカード事業",
          "category": "business#sales",
          "polarity": "positive",
          "from": 12,
          "to": 22
        },
        {
          "target": "売上高",
          "category": "NULL#sales",
          "polarity": "positive",
          "from": 32,
          "to": 35
        },
        {
          "target": "営業利益",
          "category": "NULL#profit",
          "polarity": "negative",
          "from": 93,
          "to": 97
        }
      ]
    },
    {
      "sentence_id": 91,
      "sentence": "(注) １　当社は、「セグメント情報等の開示に関する会計基準」(企業会計基準第17号　平成22年６月30日)および「セグメント情報等の開示に関する会計基準の適用指針」(企業会計基準適用指針第20号　平成20年３月21日)におけるセグメント利益について、各セグメントの営業利益としております",
      "opinions": []
    },
    {
      "sentence_id": 92,
      "sentence": "２　「Ａｐｐｌｅ Ｐａｙ」および「ｉＰｈｏｎｅ」はＡｐｐｌｅ Ｉｎｃ．の登録商標です",
      "opinions": []
    },
    {
      "sentence_id": 93,
      "sentence": "(参考)",
      "opinions": []
    },
    {
      "sentence_id": 94,
      "sentence": "当社の鉄道事業の営業実績",
      "opinions": []
    },
    {
      "sentence_id": 95,
      "sentence": "当社の鉄道事業の最近の営業実績は次のとおりであります",
      "opinions": []
    },
    {
      "sentence_id": 96,
      "sentence": "(注) １　乗車効率は次の方法により算出しております",
      "opinions": []
    },
    {
      "sentence_id": 97,
      "sentence": "２　輸送人員、輸送人キロおよび乗車効率については、従来発売日を基に算出しておりましたが、当連結会計年度より、有効期間開始日を基にした算出方法に変更しております",
      "opinions": []
    },
    {
      "sentence_id": 98,
      "sentence": "３　「関東圏」とは、当社東京支社、横浜支社、八王子支社、大宮支社、高崎支社、水戸支社および千葉支社管内の範囲であります",
      "opinions": []
    }
  ]
}