{
  "header": {
    "document_id": "E04298",
    "document_name": "アジア開発キャピタル株式会社",
    "doc_text": "有価証券報告書",
    "edi_id": "E04298",
    "security_code": "93180",
    "category33": "証券、商品先物取引業",
    "category17": "金融（除く銀行）",
    "scale": ""
  },
  "sentences": [
    {
      "sentence_id": 0,
      "sentence": "当連結会計年度における我が国経済は、政府・日銀による景気対策の実施を背景に、景気は緩やかな回復基調が続いているものの、中国をはじめとするアジア新興国の景気下振れや、本年１月に発足した米国新政権の政策の不確実性等による影響が懸念されるなど、先行きについては不透明な状況となっております",
      "opinions": [
        {
          "target": "我が国経済",
          "category": "NULL#general",
          "polarity": "neutral",
          "from": 11,
          "to": 16
        },
        {
          "target": "景気",
          "category": "NULL#general",
          "polarity": "positive",
          "from": 38,
          "to": 40
        },
        {
          "target": "景気",
          "category": "NULL#general",
          "polarity": "negative",
          "from": 75,
          "to": 77
        }
      ]
    },
    {
      "sentence_id": 1,
      "sentence": "このような状況の下で、当社グループは、収益事業の確立によって財務体質を改善すべく、新規投資案件の探索や既存投資先の業績改善に取り組んでまいりました",
      "opinions": []
    },
    {
      "sentence_id": 2,
      "sentence": "新規投資案件については、いくつかの候補先について関係先との交渉や投資計画の検討などを行った結果、中国における高齢者介護事業への進出のため、中国和禾投資株式会社との共同出資によりアジア和禾投資株式会社を設立し、連結子会社といたしました",
      "opinions": []
    },
    {
      "sentence_id": 3,
      "sentence": "また、本年４月、中国向け越境ECサイトを運営する株式会社China Commerceの株式を取得し、連結子会社といたしました",
      "opinions": []
    },
    {
      "sentence_id": 4,
      "sentence": "既存投資案件については、建設会社である連結子会社・株式会社六合の全株式を譲渡し、連結子会社から除外いたしました",
      "opinions": []
    },
    {
      "sentence_id": 5,
      "sentence": "その一方で、本年４月、金融事業の強化のため、質屋業・古物買取販売業を営む持分法適用関連会社・株式会社トレードセブンの株式を追加取得し、連結子会社といたしました",
      "opinions": []
    },
    {
      "sentence_id": 6,
      "sentence": "当連結会計年度の業績につきましては、株式会社六合の工事売上高を取り込み、当社におきましては貸付金利息等が発生しましたが、前期子会社不動産売上の反動もあり、売上高が2,686百万円（前年同期比3.2％減）となり、前年同期と比較して減収となりました",
      "opinions": [
        {
          "target": "売上高",
          "category": "NULL#sales",
          "polarity": "negative",
          "from": 77,
          "to": 80
        }
      ]
    },
    {
      "sentence_id": 7,
      "sentence": "営業費用につきましては、海外上場有価証券での評価損失が改善され、また本社部門における経費削減等もあり、営業損失が84百万円（前年同期は538百万円の営業損失）、経常損失は76百万円（前年同期は458百万円の経常損失）となりました",
      "opinions": [
        {
          "target": "営業損失",
          "category": "NULL#profit",
          "polarity": "positive",
          "from": 51,
          "to": 55
        },
        {
          "target": "経常損失",
          "category": "NULL#profit",
          "polarity": "positive",
          "from": 80,
          "to": 84
        }
      ]
    },
    {
      "sentence_id": 8,
      "sentence": "これに、特別損益を加減した税金等調整前当期純損失は128百万円（前年同期は276百万円の利益）、当連結会計年度の親会社株主に帰属する当期純損失は173百万円（前年同期は237百万円の利益）となりました",
      "opinions": [
        {
          "target": "税金等調整前当期純損失",
          "category": "NULL#profit",
          "polarity": "negative",
          "from": 13,
          "to": 24
        },
        {
          "target": "当期純損失",
          "category": "NULL#profit",
          "polarity": "negative",
          "from": 66,
          "to": 71
        }
      ]
    },
    {
      "sentence_id": 9,
      "sentence": "① セグメントの業績",
      "opinions": []
    },
    {
      "sentence_id": 10,
      "sentence": "当社グループは現在「投資事業」のみの単一区分としております",
      "opinions": []
    },
    {
      "sentence_id": 11,
      "sentence": "投資事業は当社におきましては有価証券の保有・運用、コンサルティング、貸付、子会社におきましては不動産売買および賃貸、建築工事等を行っております",
      "opinions": []
    },
    {
      "sentence_id": 12,
      "sentence": "当連結会計年度の投資事業においては、売上高は2,686百万円（前年同期比3.2％減）、営業利益294百万円（前年同期は営業損失121百万円）となりました",
      "opinions": [
        {
          "target": "投資事業",
          "category": "business#sales",
          "polarity": "negative",
          "from": 8,
          "to": 12
        },
        {
          "target": "投資事業",
          "category": "business#profit",
          "polarity": "positive",
          "from": 8,
          "to": 12
        }
      ]
    },
    {
      "sentence_id": 13,
      "sentence": "売上高の主な内訳は、株式会社六合の工事売上高2,513百万円、および当社における貸付利息109百万円であります",
      "opinions": []
    },
    {
      "sentence_id": 14,
      "sentence": "② 営業外収益および費用",
      "opinions": []
    },
    {
      "sentence_id": 15,
      "sentence": "営業外収益は、主に為替差益54百万円を計上いたしました",
      "opinions": []
    },
    {
      "sentence_id": 16,
      "sentence": "その結果、当連結会計年度において営業外収益は57百万円（前年同期比75.2％減）となりました",
      "opinions": [
        {
          "target": "営業外収益",
          "category": "NULL#sales",
          "polarity": "negative",
          "from": 16,
          "to": 21
        }
      ]
    },
    {
      "sentence_id": 17,
      "sentence": "営業外費用は、主に持分法投資損失７百万円、支払利息42百万円を計上いたしました",
      "opinions": []
    },
    {
      "sentence_id": 18,
      "sentence": "その結果、当連結会計年度において営業外費用は50百万円（前年同期比67.0％減）となりました",
      "opinions": [
        {
          "target": "営業外費用",
          "category": "NULL#cost",
          "polarity": "negative",
          "from": 16,
          "to": 21
        }
      ]
    },
    {
      "sentence_id": 19,
      "sentence": "③ 特別利益および損失",
      "opinions": []
    },
    {
      "sentence_id": 20,
      "sentence": "特別利益は、関係会社株式売却益６百万円を計上いたしました",
      "opinions": []
    },
    {
      "sentence_id": 21,
      "sentence": "その結果、当連結会計年度において特別利益は６百万円（前年同期は803百万円）となりました",
      "opinions": []
    },
    {
      "sentence_id": 22,
      "sentence": "特別損失は、関係会社株式売却損58百万円を計上いたしました",
      "opinions": []
    },
    {
      "sentence_id": 23,
      "sentence": "その結果、当連結会計年度において特別損失は58百万円（前年同期は68百万円）となりました",
      "opinions": []
    }
  ]
}