{
  "header": {
    "document_id": "E04331",
    "document_name": "三愛石油株式会社",
    "doc_text": "有価証券報告書",
    "edi_id": "E04331",
    "security_code": "80970",
    "category33": "卸売業",
    "category17": "商社・卸売",
    "scale": "7"
  },
  "sentences": [
    {
      "sentence_id": 0,
      "sentence": "当連結会計年度におけるわが国経済は、中国景気の下振れリスクや英国のＥＵ離脱問題に加え、米国の政権交代の影響が懸念されたものの、政府の経済政策や日本銀行の金融政策を背景に企業収益や雇用情勢が改善するなど、緩やかな回復基調が続いた",
      "opinions": [
        {
          "target": "わが国経済",
          "category": "NULL#general",
          "polarity": "positive",
          "from": 11,
          "to": 16
        },
        {
          "target": "企業収益",
          "category": "NULL#general",
          "polarity": "positive",
          "from": 84,
          "to": 88
        },
        {
          "target": "雇用情勢",
          "category": "NULL#general",
          "polarity": "positive",
          "from": 89,
          "to": 93
        }
      ]
    },
    {
      "sentence_id": 1,
      "sentence": "当社グループを取り巻くエネルギー業界においては、省エネルギー化や顧客ニーズの多様化などにより石油製品の需要が減少傾向にあるなか、石油元売りの再編への動きが進むとともに、昨年４月に電力の小売りが全面自由化された",
      "opinions": [
        {
          "target": "需要",
          "category": "NULL#general",
          "polarity": "negative",
          "from": 51,
          "to": 53
        }
      ]
    },
    {
      "sentence_id": 2,
      "sentence": "こうしたなかで、当社グループは、積極的な営業活動により販売基盤を拡大するとともに、石油事業やＬＰガス事業におけるグループの事業再編など経営の効率化を図ることで、業容の拡大と業績の向上に努めた",
      "opinions": []
    },
    {
      "sentence_id": 3,
      "sentence": "その結果、当連結会計年度における当社グループの売上高は、販売数量の減少や販売価格の下落により前期比12.2％減の6,556億68百万円となったものの、売上総利益の増加などにより、営業利益は前期比43.8％増の89億72百万円、経常利益は前期比38.3％増の98億44百万円、親会社株主に帰属する当期純利益は前期比11.2％増の59億39百万円となった",
      "opinions": [
        {
          "target": "売上高",
          "category": "NULL#sales",
          "polarity": "negative",
          "from": 23,
          "to": 26
        },
        {
          "target": "販売数量",
          "category": "NULL#amount",
          "polarity": "negative",
          "from": 28,
          "to": 32
        },
        {
          "target": "販売価格",
          "category": "NULL#price",
          "polarity": "negative",
          "from": 36,
          "to": 40
        },
        {
          "target": "売上総利益",
          "category": "NULL#profit",
          "polarity": "positive",
          "from": 75,
          "to": 80
        },
        {
          "target": "営業利益",
          "category": "NULL#profit",
          "polarity": "positive",
          "from": 89,
          "to": 93
        },
        {
          "target": "経常利益",
          "category": "NULL#profit",
          "polarity": "positive",
          "from": 113,
          "to": 117
        },
        {
          "target": "当期純利益",
          "category": "NULL#profit",
          "polarity": "positive",
          "from": 147,
          "to": 152
        }
      ]
    },
    {
      "sentence_id": 4,
      "sentence": "セグメントの業績は次のとおりである",
      "opinions": []
    },
    {
      "sentence_id": 5,
      "sentence": "①　石油関連事業",
      "opinions": []
    },
    {
      "sentence_id": 6,
      "sentence": "＜石油製品販売業＞",
      "opinions": []
    },
    {
      "sentence_id": 7,
      "sentence": "石油業界においては、低燃費車の普及など省エネルギー化の進展により、燃料油の需要は減少傾向が続いた",
      "opinions": [
        {
          "target": "需要",
          "category": "NULL#general",
          "polarity": "negative",
          "from": 37,
          "to": 39
        }
      ]
    },
    {
      "sentence_id": 8,
      "sentence": "こうしたなかで、当社グループにおいては、新規特約店の獲得など積極的な営業活動に努めるとともに、販売網を整備するなど事業の効率化を図った",
      "opinions": []
    },
    {
      "sentence_id": 9,
      "sentence": "当社においては、平成２８年のＳＳ経営戦略を「共走共汗２０１６小売りへの情熱～チーム力を駆使して～」とし、チーム力向上によるＳＳ経営の強化策を提案するとともに、次世代自動車を対象とした「接客サービスコンテスト」や「販売力強化研修」などを開催することで、ＳＳスタッフの接客技術や販売力の強化によるリテールサポートを継続した",
      "opinions": []
    },
    {
      "sentence_id": 10,
      "sentence": "産業用の燃料油販売については、新規需要家の獲得と既存顧客の取引拡大に努めた",
      "opinions": []
    },
    {
      "sentence_id": 11,
      "sentence": "潤滑油販売については、風力発電施設や、都市ガスエンジンおよびバイオガスエンジン発電施設向けに、潤滑油および機器類の改善による発電効率向上の提案をおこなうことで、潤滑油および濾過機等機器類の販売拡大を図った",
      "opinions": []
    },
    {
      "sentence_id": 12,
      "sentence": "キグナス石油株式会社においては、平成２８年のセールスプロモーションとして、「ＶＡＬＵＥ　ＰＲＯＰＯＳＩＴＩＯＮ～オイルマン宣言～」を掲げ、各種研修を用意し価値の源泉たるＳＳスタッフの人材力向上に取り組んだ",
      "opinions": []
    },
    {
      "sentence_id": 13,
      "sentence": "なお、同社は競争力強化のため、コスモエネルギーホールディングス株式会社と資本業務提携契約を本年２月に締結した",
      "opinions": []
    },
    {
      "sentence_id": 14,
      "sentence": "＜化学製品製造販売業＞",
      "opinions": []
    },
    {
      "sentence_id": 15,
      "sentence": "当社グループにおいては、メーカーと商社機能を活かした営業活動を展開した",
      "opinions": []
    },
    {
      "sentence_id": 16,
      "sentence": "防腐・防かび剤については特殊洗浄剤用などへ拡販し、石油系溶剤などの工業薬品については新規用途の開拓により営業基盤の拡大に努めるとともに、エクソンモービル製品については直接輸入を交渉し、本年１月より輸入を開始した",
      "opinions": []
    },
    {
      "sentence_id": 17,
      "sentence": "また、洗車機用ワックスや高級洗車コーティングシステム「ＡＲＡＷＺＡＮＳ（アラウザンス）」などの自動車関連商品の販売を進めた",
      "opinions": []
    },
    {
      "sentence_id": 18,
      "sentence": "東洋理研株式会社においては、一般家庭用商品や農薬の受託生産の拡大に努めた",
      "opinions": []
    },
    {
      "sentence_id": 19,
      "sentence": "なお、販売体制強化のため、粘接着剤（タッキファイヤー）を取り扱う日本ケミカル商事株式会社を昨年６月に完全子会社化した",
      "opinions": []
    },
    {
      "sentence_id": 20,
      "sentence": "その結果、石油関連事業における売上高は、販売数量の減少や販売価格の下落により、前期比12.6％減の6,023億64百万円となった",
      "opinions": [
        {
          "target": "石油関連事業",
          "category": "business#amount",
          "polarity": "negative",
          "from": 5,
          "to": 11
        },
        {
          "target": "石油関連事業",
          "category": "business#price",
          "polarity": "negative",
          "from": 5,
          "to": 11
        },
        {
          "target": "石油関連事業",
          "category": "business#sales",
          "polarity": "negative",
          "from": 5,
          "to": 11
        }
      ]
    },
    {
      "sentence_id": 21,
      "sentence": "セグメント利益は、原油価格の上昇に伴う製品在庫の評価益の計上などにより前期比101.3％増の42億14百万円となった",
      "opinions": [
        {
          "target": "セグメント利益",
          "category": "NULL#profit",
          "polarity": "negative",
          "from": 0,
          "to": 7
        },
        {
          "target": "原油価格",
          "category": "NULL#cost",
          "polarity": "negative",
          "from": 9,
          "to": 13
        },
        {
          "target": "製品在庫",
          "category": "NULL#general",
          "polarity": "negative",
          "from": 19,
          "to": 23
        }
      ]
    },
    {
      "sentence_id": 22,
      "sentence": "②　ガス関連事業",
      "opinions": []
    },
    {
      "sentence_id": 23,
      "sentence": "＜ＬＰガス販売業＞",
      "opinions": []
    },
    {
      "sentence_id": 24,
      "sentence": "ＬＰガス業界においては、世帯人員の減少や省エネ機器の普及により、家庭用の需要は減少傾向が続いた",
      "opinions": [
        {
          "target": "世帯人員",
          "category": "NULL#general",
          "polarity": "negative",
          "from": 12,
          "to": 16
        },
        {
          "target": "需要",
          "category": "NULL#general",
          "polarity": "negative",
          "from": 36,
          "to": 38
        }
      ]
    },
    {
      "sentence_id": 25,
      "sentence": "こうしたなかで、当社グループにおいては、平成２８年基本方針を「Ｔａｋｅ Ａｃｔｉｏｎ」と定め、競争力強化推進プログラムを作成し、生涯顧客化など特約店とともに消費者に密着した戦略を掲げた",
      "opinions": []
    },
    {
      "sentence_id": 26,
      "sentence": "また、特約店向けの情報誌「ＧＡＳ ＰＲＥＳＳ ＮＯＷ！」やお客さま向けの「オブリＳｔｙｌｅ」、配送時の気づきを集める「報連相シート」の活用によりお客さまとの接点強化に努めた",
      "opinions": []
    },
    {
      "sentence_id": 27,
      "sentence": "さらに、新規特約店の獲得などによる販売数量の拡大や、ＬＰガス小売営業権の買収などによる顧客軒数の増加を図った",
      "opinions": []
    },
    {
      "sentence_id": 28,
      "sentence": "保安面においては「危機対応訓練」や「一日保安ドック」を継続して実施し、保安の確保に努めた",
      "opinions": []
    },
    {
      "sentence_id": 29,
      "sentence": "＜天然ガス販売業＞",
      "opinions": []
    },
    {
      "sentence_id": 30,
      "sentence": "当社においては、産業用天然ガスの積極的な営業活動を全国で展開し、天然ガスを利用した熱や電気の有効活用による省エネや省ＣＯ２対策の提案などにより、新規需要家の獲得に努めた",
      "opinions": []
    },
    {
      "sentence_id": 31,
      "sentence": "また、佐賀天然ガスパイプラインでは監視機器の定期点検や安全パトロールの継続などにより保安に万全を期した",
      "opinions": []
    },
    {
      "sentence_id": 32,
      "sentence": "佐賀ガス株式会社においては、お客さまに安心して都市ガスを利用していただくため、導管の維持管理や設備の保安の強化を徹底するとともに、都市ガスの需要拡大のため、新規需要家の獲得やガス空調システムなどの提案に努めた",
      "opinions": []
    },
    {
      "sentence_id": 33,
      "sentence": "その結果、ガス関連事業における売上高は、前期比12.9％減の389億66百万円となった",
      "opinions": [
        {
          "target": "ガス関連事業",
          "category": "business#sales",
          "polarity": "negative",
          "from": 5,
          "to": 11
        }
      ]
    },
    {
      "sentence_id": 34,
      "sentence": "セグメント利益は、前期比8.3％増の24億28百万円となった",
      "opinions": [
        {
          "target": "セグメント利益",
          "category": "NULL#profit",
          "polarity": "positive",
          "from": 0,
          "to": 7
        }
      ]
    },
    {
      "sentence_id": 35,
      "sentence": "③　航空関連事業他",
      "opinions": []
    },
    {
      "sentence_id": 36,
      "sentence": "＜航空燃料取扱業＞",
      "opinions": []
    },
    {
      "sentence_id": 37,
      "sentence": "当社グループにおいては、航空機給油施設の運営に万全を期すとともに、航空燃料給油業務における安全確保に努めた",
      "opinions": []
    },
    {
      "sentence_id": 38,
      "sentence": "羽田空港においては、国際線の新規路線が就航したことにより燃料搭載数量は前年を上回った",
      "opinions": [
        {
          "target": "燃料搭載数量",
          "category": "NULL#amount",
          "polarity": "positive",
          "from": 28,
          "to": 34
        }
      ]
    },
    {
      "sentence_id": 39,
      "sentence": "こうしたなかで、２０２０年東京オリンピック・パラリンピックに向けた発着枠の増加など航空需要は引き続き拡大傾向にあり、当社では、貯油タンクの増設工事を進めるとともに、建物の耐震補強工事をおこなった",
      "opinions": [
        {
          "target": "航空需要",
          "category": "NULL#general",
          "polarity": "positive",
          "from": 41,
          "to": 45
        }
      ]
    },
    {
      "sentence_id": 40,
      "sentence": "＜その他＞",
      "opinions": []
    },
    {
      "sentence_id": 41,
      "sentence": "三愛プラント工業株式会社においては、堅調な半導体関連向けの需要に支えられ、精密洗浄処理の受注が増加したことから、金属表面処理業の売上高は前期を上回った",
      "opinions": [
        {
          "target": "需要",
          "category": "NULL#general",
          "polarity": "positive",
          "from": 29,
          "to": 31
        },
        {
          "target": "精密洗浄処理",
          "category": "product#amount",
          "polarity": "positive",
          "from": 37,
          "to": 43
        },
        {
          "target": "金属表面処理業",
          "category": "business#sales",
          "polarity": "positive",
          "from": 56,
          "to": 63
        }
      ]
    },
    {
      "sentence_id": 42,
      "sentence": "建設工事業の売上高は、石油関連施設の受注物件の工事完工が順調に進んだことから前期を上回った",
      "opinions": [
        {
          "target": "建設工事業",
          "category": "business#sales",
          "polarity": "positive",
          "from": 0,
          "to": 5
        }
      ]
    },
    {
      "sentence_id": 43,
      "sentence": "その結果、航空関連事業他における売上高は、前期比10.3％増の143億37百万円となった",
      "opinions": [
        {
          "target": "航空関連事業",
          "category": "business#sales",
          "polarity": "positive",
          "from": 5,
          "to": 11
        }
      ]
    },
    {
      "sentence_id": 44,
      "sentence": "セグメント利益は、前期比31.4％増の26億66百万円となった",
      "opinions": [
        {
          "target": "セグメント利益",
          "category": "NULL#profit",
          "polarity": "positive",
          "from": 0,
          "to": 7
        }
      ]
    },
    {
      "sentence_id": 45,
      "sentence": "なお、上記金額には消費税等は含まれていない",
      "opinions": []
    }
  ]
}