{
  "header": {
    "document_id": "E04509",
    "document_name": "沖縄電力株式会社",
    "doc_text": "有価証券報告書",
    "edi_id": "E04509",
    "security_code": "95110",
    "category33": "電気・ガス業",
    "category17": "電力・ガス",
    "scale": "6"
  },
  "sentences": [
    {
      "sentence_id": 0,
      "sentence": "平成28年度の沖縄県経済は、個人消費や観光が堅調で、建設関連も公共投資が底堅く推移していることなどにより、全体として拡大した",
      "opinions": [
        {
          "target": "沖縄県経済",
          "category": "NULL#general",
          "polarity": "positive",
          "from": 7,
          "to": 12
        },
        {
          "target": "個人消費",
          "category": "NULL#general",
          "polarity": "positive",
          "from": 14,
          "to": 18
        },
        {
          "target": "観光",
          "category": "NULL#general",
          "polarity": "positive",
          "from": 19,
          "to": 21
        },
        {
          "target": "公共投資",
          "category": "NULL#general",
          "polarity": "positive",
          "from": 31,
          "to": 35
        }
      ]
    },
    {
      "sentence_id": 1,
      "sentence": "このような状況の中で、当連結会計年度の収支については、売上高（営業収益）は、前連結会計年度に比べ22億67百万円減（1.2％減）の1,799億97百万円となった",
      "opinions": [
        {
          "target": "売上高",
          "category": "NULL#sales",
          "polarity": "negative",
          "from": 27,
          "to": 30
        }
      ]
    },
    {
      "sentence_id": 2,
      "sentence": "営業費用は前連結会計年度に比べ41億54百万円減（2.4％減）の1,708億70百万円となった",
      "opinions": [
        {
          "target": "営業費用",
          "category": "NULL#cost",
          "polarity": "positive",
          "from": 0,
          "to": 4
        }
      ]
    },
    {
      "sentence_id": 3,
      "sentence": "この結果、営業利益は前連結会計年度に比べ18億87百万円増（26.1％増）の91億26百万円となった",
      "opinions": [
        {
          "target": "営業利益",
          "category": "NULL#profit",
          "polarity": "positive",
          "from": 5,
          "to": 9
        }
      ]
    },
    {
      "sentence_id": 4,
      "sentence": "また、営業外損益を含めた経常利益は22億91百万円増（43.8％増）の75億21百万円、親会社株主に帰属する当期純利益は18億69百万円増（51.3％増）の55億17百万円となった",
      "opinions": [
        {
          "target": "経常利益",
          "category": "NULL#profit",
          "polarity": "positive",
          "from": 12,
          "to": 16
        },
        {
          "target": "当期純利益",
          "category": "NULL#profit",
          "polarity": "positive",
          "from": 54,
          "to": 59
        }
      ]
    },
    {
      "sentence_id": 5,
      "sentence": "セグメントの業績は次のとおりである",
      "opinions": []
    },
    {
      "sentence_id": 6,
      "sentence": "①電気事業",
      "opinions": []
    },
    {
      "sentence_id": 7,
      "sentence": "当連結会計年度の販売電力量は、電灯については、お客さま数の増加に加え、気温が前年に比べ高めに推移したことによる需要増により、前連結会計年度を上回った",
      "opinions": [
        {
          "target": "電灯",
          "category": "product#amount",
          "polarity": "positive",
          "from": 15,
          "to": 17
        },
        {
          "target": "お客さま数",
          "category": "NULL#amount",
          "polarity": "positive",
          "from": 23,
          "to": 28
        }
      ]
    },
    {
      "sentence_id": 8,
      "sentence": "また、電力については、他事業者への契約切り替えの影響はあったものの、気温が前年に比べ高めに推移したことによる需要増などから、前連結会計年度並みとなった",
      "opinions": [
        {
          "target": "電力",
          "category": "product#amount",
          "polarity": "neutral",
          "from": 3,
          "to": 5
        }
      ]
    },
    {
      "sentence_id": 9,
      "sentence": "この結果、電灯と電力の販売電力量合計は、前連結会計年度に比べ2.1％増の78億13百万kWhとなった",
      "opinions": [
        {
          "target": "販売電力量",
          "category": "NULL#amount",
          "polarity": "positive",
          "from": 11,
          "to": 16
        }
      ]
    },
    {
      "sentence_id": 10,
      "sentence": "収支については、販売電力量の増加があったものの、燃料費調整制度の影響により、売上高は前連結会計年度に比べ19億45百万円減（1.1％減）の1,723億40百万円となった",
      "opinions": [
        {
          "target": "販売電力量",
          "category": "NULL#amount",
          "polarity": "positive",
          "from": 8,
          "to": 13
        },
        {
          "target": "売上高",
          "category": "NULL#sales",
          "polarity": "negative",
          "from": 38,
          "to": 41
        }
      ]
    },
    {
      "sentence_id": 11,
      "sentence": "一方、営業費用は、修繕費が増加したものの、燃料費が減少したことから、前連結会計年度に比べ34億61百万円減（2.1％減）の1,652億27百万円となった",
      "opinions": [
        {
          "target": "営業費用",
          "category": "NULL#cost",
          "polarity": "positive",
          "from": 3,
          "to": 7
        },
        {
          "target": "修繕費",
          "category": "NULL#cost",
          "polarity": "negative",
          "from": 9,
          "to": 12
        },
        {
          "target": "燃料費",
          "category": "NULL#cost",
          "polarity": "positive",
          "from": 21,
          "to": 24
        }
      ]
    },
    {
      "sentence_id": 12,
      "sentence": "この結果、営業利益は15億15百万円増（27.1％増）の71億12百万円となった",
      "opinions": [
        {
          "target": "営業利益",
          "category": "NULL#profit",
          "polarity": "positive",
          "from": 5,
          "to": 9
        }
      ]
    },
    {
      "sentence_id": 13,
      "sentence": "②その他",
      "opinions": []
    },
    {
      "sentence_id": 14,
      "sentence": "その他の収支については、電気事業向け工事の受注増やガス供給事業の売上増などにより、売上高は前連結会計年度に比べ９億99百万円増（2.4％増）の433億59百万円、営業費用は前連結会計年度に比べ８億11百万円増（2.0％増）の412億90百万円となった",
      "opinions": [
        {
          "target": "その他",
          "category": "business#sales",
          "polarity": "positive",
          "from": 0,
          "to": 3
        },
        {
          "target": "その他",
          "category": "business#cost",
          "polarity": "negative",
          "from": 0,
          "to": 3
        },
        {
          "target": "工事",
          "category": "product#amount",
          "polarity": "positive",
          "from": 18,
          "to": 20
        },
        {
          "target": "ガス供給事業",
          "category": "business#sales",
          "polarity": "positive",
          "from": 25,
          "to": 31
        }
      ]
    },
    {
      "sentence_id": 15,
      "sentence": "この結果、営業利益は１億88百万円増（10.0％増）の20億69百万円となった",
      "opinions": [
        {
          "target": "営業利益",
          "category": "NULL#profit",
          "polarity": "positive",
          "from": 5,
          "to": 9
        }
      ]
    },
    {
      "sentence_id": 16,
      "sentence": "（注）上記の記載金額には消費税等を含んでいない",
      "opinions": []
    }
  ]
}