{
  "header": {
    "document_id": "E04727",
    "document_name": "株式会社　極楽湯ホールディングス",
    "doc_text": "有価証券報告書",
    "edi_id": "E04727",
    "security_code": "23400",
    "category33": "サービス業",
    "category17": "情報通信・サービスその他",
    "scale": ""
  },
  "sentences": [
    {
      "sentence_id": 0,
      "sentence": "当連結会計年度におけるわが国経済は、個人消費の伸び悩みはあるものの、企業業績や雇用・所得環境の改善もみられ、全体としては緩やかな回復基調となりました",
      "opinions": [
        {
          "target": "わが国経済",
          "category": "NULL#general",
          "polarity": "positive",
          "from": 11,
          "to": 16
        },
        {
          "target": "個人消費",
          "category": "NULL#general",
          "polarity": "negative",
          "from": 18,
          "to": 22
        },
        {
          "target": "企業業績",
          "category": "NULL#general",
          "polarity": "positive",
          "from": 34,
          "to": 38
        },
        {
          "target": "雇用",
          "category": "NULL#general",
          "polarity": "positive",
          "from": 39,
          "to": 41
        },
        {
          "target": "所得環境",
          "category": "NULL#general",
          "polarity": "positive",
          "from": 42,
          "to": 46
        }
      ]
    },
    {
      "sentence_id": 1,
      "sentence": "また、世界経済においては全体として緩やかな成長を維持している一方で、中国をはじめとする新興国の経済成長の鈍化に加え、米国の政権交代による経済・貿易政策の不確実性や英国のEU離脱問題と言った不安要素などを背景に、先行き不透明感はより一層増大しております",
      "opinions": [
        {
          "target": "世界経済",
          "category": "NULL#general",
          "polarity": "neutral",
          "from": 3,
          "to": 7
        },
        {
          "target": "経済成長",
          "category": "NULL#general",
          "polarity": "negative",
          "from": 47,
          "to": 51
        }
      ]
    },
    {
      "sentence_id": 2,
      "sentence": "日本の温浴業界におきましては、消費者の節約志向や低価格志向が引き続きみられたことから「安・近・短」の手軽なレジャーとしてのニーズは底堅く推移している一方、緩やかな所得改善を背景に漫画や岩盤浴、休憩処、宿泊など温浴に付随した娯楽サービスへのニーズも出てきております",
      "opinions": [
        {
          "target": "ニーズ",
          "category": "NULL#general",
          "polarity": "positive",
          "from": 61,
          "to": 64
        },
        {
          "target": "所得改善",
          "category": "NULL#general",
          "polarity": "positive",
          "from": 81,
          "to": 85
        }
      ]
    },
    {
      "sentence_id": 3,
      "sentence": "また、中国の温浴業界につきましては、滞在型の娯楽として冬季を中心に人気が高い状況が続いており、競争が激化しております",
      "opinions": [
        {
          "target": "競争",
          "category": "NULL#general",
          "polarity": "negative",
          "from": 47,
          "to": 49
        }
      ]
    },
    {
      "sentence_id": 4,
      "sentence": "当社グループを取り巻く経営環境につきましては、原油価格の下落に伴いエネルギーコストが落ち着く一方、日本では東京オリンピック開催を控え都心部を中心に人件費や改装建築費などが高騰したままになっております",
      "opinions": [
        {
          "target": "原油価格",
          "category": "NULL#cost",
          "polarity": "positive",
          "from": 23,
          "to": 27
        },
        {
          "target": "エネルギーコスト",
          "category": "NULL#cost",
          "polarity": "positive",
          "from": 33,
          "to": 41
        },
        {
          "target": "人件費",
          "category": "NULL#cost",
          "polarity": "negative",
          "from": 73,
          "to": 76
        },
        {
          "target": "改装建築費",
          "category": "NULL#cost",
          "polarity": "negative",
          "from": 77,
          "to": 82
        }
      ]
    },
    {
      "sentence_id": 5,
      "sentence": "中国では競争が激化していることもあり、ニーズをタイムリーにとらえ、すばやく店舗運営に活かすことがより求められてきております",
      "opinions": [
        {
          "target": "競争",
          "category": "NULL#general",
          "polarity": "negative",
          "from": 4,
          "to": 6
        }
      ]
    },
    {
      "sentence_id": 6,
      "sentence": "このような状況の中、当社グループは、日本においては既存店の浜松佐鳴台店（静岡県）を新しい業態の温浴施設「RAKU SPA Cafe 浜松」として平成28年８月にリニューアルオープンするとともに、平成30年夏ごろオープン予定の「RAKU SPA 名古屋（仮称）」（愛知県）の出店に向けて取り組みました",
      "opinions": []
    },
    {
      "sentence_id": 7,
      "sentence": "また、平成29年１月には「株式会社極楽湯ホールディングス」に商号変更し、日本の温浴事業を新設会社「株式会社極楽湯」に承継する会社分割を実施し持株会社へ移行いたしました",
      "opinions": []
    },
    {
      "sentence_id": 8,
      "sentence": "中国においては、湖北省武漢市に中国３店舗目となる直営店「極楽湯金銀潭（じんいんたん）温泉館」を平成28年11月に出店するとともに、青島・無錫・上海における４件のフランチャイズ出店契約を締結するなど事業拡大を進めてまいりました",
      "opinions": []
    },
    {
      "sentence_id": 9,
      "sentence": "引き続き、お客様のニーズの変化をいち早く感じとり、迅速に対応できる企業として総合力を強く意識したうえで、より一層の安心・安全そして高品質なサービスを国内外で提供すべく取り組んでまいります",
      "opinions": []
    },
    {
      "sentence_id": 10,
      "sentence": "以上の結果、連結売上高は13,758百万円（前期比2.6％減）、営業利益は657百万円（前期比46.4％増）、経常利益は703百万円（前期比103.4％増）、親会社株主に帰属する当期純利益は287百万円（前期比8.1％減）となりました",
      "opinions": [
        {
          "target": "連結売上高",
          "category": "NULL#sales",
          "polarity": "negative",
          "from": 6,
          "to": 11
        },
        {
          "target": "営業利益",
          "category": "NULL#profit",
          "polarity": "positive",
          "from": 32,
          "to": 36
        },
        {
          "target": "経常利益",
          "category": "NULL#profit",
          "polarity": "positive",
          "from": 55,
          "to": 59
        },
        {
          "target": "当期純利益",
          "category": "NULL#profit",
          "polarity": "negative",
          "from": 89,
          "to": 94
        }
      ]
    },
    {
      "sentence_id": 11,
      "sentence": "セグメントの業績を示すと次のとおりです",
      "opinions": []
    },
    {
      "sentence_id": 12,
      "sentence": "① 日本",
      "opinions": []
    },
    {
      "sentence_id": 13,
      "sentence": "当セグメントにおきましては、売上高10,987百万円（前期比0.0％増）、セグメント利益（営業利益）685百万円（前期比48.3％増）となりました",
      "opinions": [
        {
          "target": "売上高",
          "category": "NULL#sales",
          "polarity": "neutral",
          "from": 14,
          "to": 17
        },
        {
          "target": "セグメント利益",
          "category": "NULL#profit",
          "polarity": "positive",
          "from": 37,
          "to": 44
        }
      ]
    },
    {
      "sentence_id": 14,
      "sentence": "当社グループにおける日本の業績は、ご家族が集まるお盆や年末年始等の休暇の状況に加え、台風・ゲリラ豪雨・猛暑・大雪等の季節的要因によって変動する傾向があります",
      "opinions": []
    },
    {
      "sentence_id": 15,
      "sentence": "当期の客数及び売上高につきましては、大規模修繕や改装が実施され、店休日が前期比で多かったことに加え、直営・FCともに新規出店がなく、11月にFCの２店舗が閉店したことが影響しました",
      "opinions": []
    },
    {
      "sentence_id": 16,
      "sentence": "しかしながら、暦上の休暇の並びが良かったことや積極的かつ効果的な施策を実施したことに加え、天候にも恵まれた結果、ほぼ横ばいとなりました",
      "opinions": []
    },
    {
      "sentence_id": 17,
      "sentence": "一方、利益面においては、エネルギーコストの低位安定が継続しており、コスト意識の徹底による生産性向上に努めた結果、セグメント利益（営業利益）は前期比で48.3％増加いたしました",
      "opinions": [
        {
          "target": "エネルギーコスト",
          "category": "NULL#cost",
          "polarity": "positive",
          "from": 12,
          "to": 20
        },
        {
          "target": "セグメント利益",
          "category": "NULL#profit",
          "polarity": "positive",
          "from": 56,
          "to": 63
        }
      ]
    },
    {
      "sentence_id": 18,
      "sentence": "② 中国",
      "opinions": []
    },
    {
      "sentence_id": 19,
      "sentence": "当セグメントにおきましては、売上高2,922百万円（前期比9.5％減）、セグメント利益（営業利益）216百万円（前期比49.6％増）となりました",
      "opinions": [
        {
          "target": "売上高",
          "category": "NULL#sales",
          "polarity": "negative",
          "from": 14,
          "to": 17
        },
        {
          "target": "セグメント利益",
          "category": "NULL#profit",
          "polarity": "positive",
          "from": 36,
          "to": 43
        }
      ]
    },
    {
      "sentence_id": 20,
      "sentence": "当社グループにおける中国の業績は、平成28年11月に湖北省武漢市に中国３号店（直営店）がオープンして一部寄与したことに加え、平成27年２月に開業した中国２号店（直営店）が当連結会計年度を通して寄与したこと、FC案件の契約金の一部を売上計上したこと等の結果、元ベースで売上高が6.4％増加、営業利益が61.2％の増加となりました",
      "opinions": [
        {
          "target": "中国",
          "category": "business#sales",
          "polarity": "positive",
          "from": 10,
          "to": 12
        },
        {
          "target": "中国",
          "category": "business#profit",
          "polarity": "positive",
          "from": 10,
          "to": 12
        }
      ]
    },
    {
      "sentence_id": 21,
      "sentence": "しかしながら、為替変動により円ベースのセグメント売上高は9.5％の減少、営業利益は49.6％の増加となりました",
      "opinions": [
        {
          "target": "セグメント売上高",
          "category": "NULL#sales",
          "polarity": "negative",
          "from": 19,
          "to": 27
        },
        {
          "target": "営業利益",
          "category": "NULL#profit",
          "polarity": "positive",
          "from": 36,
          "to": 40
        }
      ]
    }
  ]
}