{
  "header": {
    "document_id": "E04995",
    "document_name": "株式会社菱友システムズ",
    "doc_text": "有価証券報告書",
    "edi_id": "E04995",
    "security_code": "46850",
    "category33": "情報・通信業",
    "category17": "情報通信・サービスその他",
    "scale": ""
  },
  "sentences": [
    {
      "sentence_id": 0,
      "sentence": "当連結会計年度におけるわが国の経済は、英国のＥＵ離脱や米国新政権による諸施策への不安感等から先行き不透明感が依然としてあるものの、企業収益や雇用環境の改善、個人消費の底堅さ等を背景に緩やかな回復基調が続いていおります",
      "opinions": [
        {
          "target": "わが国の経済",
          "category": "NULL#general",
          "polarity": "positive",
          "from": 11,
          "to": 17
        },
        {
          "target": "企業収益",
          "category": "NULL#general",
          "polarity": "positive",
          "from": 65,
          "to": 69
        },
        {
          "target": "雇用環境",
          "category": "NULL#general",
          "polarity": "positive",
          "from": 70,
          "to": 74
        },
        {
          "target": "個人消費",
          "category": "NULL#general",
          "polarity": "positive",
          "from": 78,
          "to": 82
        }
      ]
    },
    {
      "sentence_id": 1,
      "sentence": "当社の属する情報サービス産業界においてはクラウドサービスやビッグデータ市場の拡大が継続しており、当社の主要な顧客においても事業強化に向けたＩＴ関連投資は堅調に推移しました",
      "opinions": [
        {
          "target": "クラウドサービス",
          "category": "market#general",
          "polarity": "positive",
          "from": 20,
          "to": 28
        },
        {
          "target": "ビッグデータ市場",
          "category": "market#general",
          "polarity": "positive",
          "from": 29,
          "to": 37
        },
        {
          "target": "ＩＴ関連投資",
          "category": "NULL#general",
          "polarity": "positive",
          "from": 69,
          "to": 75
        }
      ]
    },
    {
      "sentence_id": 2,
      "sentence": "このような事業環境の中、当社グループは顧客ニーズへ的確に対応すべく、人的リソースの確保や技術力・サービス品質の向上に向け海外オフショアの活用やリモートでのサービスの提供、研究開発等を推進しております",
      "opinions": []
    },
    {
      "sentence_id": 3,
      "sentence": "これらの結果、売上高は主要顧客からの情報システム開発・運用業務等の受注増に伴い前連結会計年度より増加し、323億53百万円（前連結会計年度 306億37百万円 前連結会計年度比 5.6％増）となりました",
      "opinions": [
        {
          "target": "売上高",
          "category": "NULL#sales",
          "polarity": "positive",
          "from": 7,
          "to": 10
        },
        {
          "target": "情報システム開発",
          "category": "product#amount",
          "polarity": "positive",
          "from": 18,
          "to": 26
        },
        {
          "target": "運用業務",
          "category": "product#amount",
          "polarity": "positive",
          "from": 27,
          "to": 31
        }
      ]
    },
    {
      "sentence_id": 4,
      "sentence": "損益については売上増や生産性向上等の増加要因があったものの、一部連結子会社の退職給付債務算定方法を簡便法から原則法に変更したことに伴う退職給付費用を第１四半期に１億95百万円計上したことから、営業利益17億66百万円（前連結会計年度 18億８百万円 前連結会計年度比 2.3％減）、経常利益17億83百万円（前連結会計年度 18億20百万円 前連結会計年度比 2.0％減）となりました",
      "opinions": [
        {
          "target": "損益",
          "category": "NULL#general",
          "polarity": "positive",
          "from": 0,
          "to": 2
        },
        {
          "target": "営業利益",
          "category": "NULL#profit",
          "polarity": "negative",
          "from": 96,
          "to": 100
        },
        {
          "target": "経常利益",
          "category": "NULL#profit",
          "polarity": "negative",
          "from": 141,
          "to": 145
        }
      ]
    },
    {
      "sentence_id": 5,
      "sentence": "親会社株主に帰属する当期純利益については、前連結会計年度に比べて事業構造改善等に伴う特別損失の減少による利益増や退職給付費用関連での課税所得額の減少等により11億18百万円（前連結会計年度 ９億54百万円 前連結会計年度比 17.1％増）となりました",
      "opinions": [
        {
          "target": "当期純利益",
          "category": "NULL#profit",
          "polarity": "positive",
          "from": 10,
          "to": 15
        },
        {
          "target": "特別損失",
          "category": "NULL#profit",
          "polarity": "negative",
          "from": 42,
          "to": 46
        },
        {
          "target": "課税所得額",
          "category": "NULL#cost",
          "polarity": "positive",
          "from": 66,
          "to": 71
        }
      ]
    }
  ]
}