{
  "header": {
    "document_id": "E05145",
    "document_name": "セントラルスポーツ株式会社",
    "doc_text": "有価証券報告書",
    "edi_id": "E05145",
    "security_code": "48010",
    "category33": "サービス業",
    "category17": "情報通信・サービスその他",
    "scale": "7"
  },
  "sentences": [
    {
      "sentence_id": 0,
      "sentence": "当連結会計年度におけるわが国経済は、企業活動による収益の向上や雇用環境の改善が進み、緩やかな回復基調となりました",
      "opinions": [
        {
          "target": "わが国経済",
          "category": "NULL#general",
          "polarity": "positive",
          "from": 11,
          "to": 16
        },
        {
          "target": "収益",
          "category": "NULL#general",
          "polarity": "positive",
          "from": 25,
          "to": 27
        },
        {
          "target": "雇用環境",
          "category": "NULL#general",
          "polarity": "positive",
          "from": 31,
          "to": 35
        }
      ]
    },
    {
      "sentence_id": 1,
      "sentence": "世界経済は先進国を中心に景気回復傾向が続いたものの、米国や英国をはじめとした経済政策の変化や中国経済の低迷等により先行き不透明な状況となりました",
      "opinions": [
        {
          "target": "世界経済",
          "category": "NULL#general",
          "polarity": "neutral",
          "from": 0,
          "to": 4
        },
        {
          "target": "中国経済",
          "category": "NULL#general",
          "polarity": "negative",
          "from": 46,
          "to": 50
        }
      ]
    },
    {
      "sentence_id": 2,
      "sentence": "当フィットネス業界におきましては、世界トップレベルの超高齢社会として、健康寿命の延伸や国民医療費の削減、生産年齢人口減少・労働人口の高齢化への対応など健康に関連する問題が高まり、果たすべき役割が更に大きくなるとともに、2016年リオデジャネイロオリンピック・パラリンピックの開催や2020年東京オリンピック・パラリンピック開催を前に、すべての世代でスポーツへの関心がますます高まり、様々なニーズへのサービスが期待される状況となりました",
      "opinions": [
        {
          "target": "関心",
          "category": "NULL#general",
          "polarity": "positive",
          "from": 180,
          "to": 182
        }
      ]
    },
    {
      "sentence_id": 3,
      "sentence": "このような環境の中、当社グループは経営理念である『０歳から一生涯の健康づくりに貢献する』に基づき、すべてのお客様にご満足いただける質の高いサービスの提供に努めるとともに、健康の重要性やスポーツの素晴らしさを多くの皆様に伝えてまいりました",
      "opinions": []
    },
    {
      "sentence_id": 4,
      "sentence": "店舗数の状況につきましては、４月に「セントラルスポーツ ジムスタJR塚口店」（兵庫県尼崎市）、６月に新業態の「セントラルスポーツアウトドアビレッジ THE101」（静岡県伊豆市）、７月に「セントラルスポーツジムスタ伊勢原駅前店」（神奈川県伊勢原市）、９月に「セントラルフィットネスクラブ越谷レイクタウン店」（埼玉県越谷市）、12月に「セントラルスポーツジムスタ24本山店」（愛知県名古屋市）、業務受託店としては４月に「東根市中央運動公園」（山形県東根市）と「浪速スポーツセンター」（大阪市浪速区）の２店舗が運営を開始いたしました",
      "opinions": []
    },
    {
      "sentence_id": 5,
      "sentence": "退店につきましては、業務受託店「仙台中田温水プール」（宮城県仙台市）が３月末で運営を終了いたしました",
      "opinions": []
    },
    {
      "sentence_id": 6,
      "sentence": "また、「セントラルフィットネスクラブ南大泉店」（東京都練馬区）を名称変更し、９月に「セントラルウェルネスクラブ保谷店」としてリニューアルオープンいたしました",
      "opinions": []
    },
    {
      "sentence_id": 7,
      "sentence": "10月には「セントラルスポーツクラブ恵み野店」（北海道恵庭市）の移転建替えを行い、「セントラルフィットネスクラブ恵み野店」として運営を開始いたしました",
      "opinions": []
    },
    {
      "sentence_id": 8,
      "sentence": "その結果、当連結会計年度末の店舗数は、直営店147店舗、業務受託店62店舗（３月末運営終了の１店舗含む）合計209店舗となりました",
      "opinions": []
    },
    {
      "sentence_id": 9,
      "sentence": "なお、直営店と業務受託店の分類基準を見直し、一部店舗の区分を変更いたしました",
      "opinions": []
    },
    {
      "sentence_id": 10,
      "sentence": "会員動向につきましては、フィットネス部門・スクール部門ともに在籍会員数が増加し、総会員数は前期比102.6％となりました",
      "opinions": []
    },
    {
      "sentence_id": 11,
      "sentence": "初期継続率の向上と退会防止に継続的に努めるとともに、学生をターゲットとしたスチューデント会員、24時間営業や深夜から早朝の時間帯を利用したミッドナイト営業、土日を利用したキッズスクールの拡充など、新たな顧客層の取り込みを行ってまいりました",
      "opinions": []
    },
    {
      "sentence_id": 12,
      "sentence": "店舗運営につきましては、お客様満足度向上への取り組みとして、引き続き大型リニューアルや修繕工事、カラダにやさしい遠赤外線を利用したホットスタジオへの改修工事等に積極的に投資してまいりました",
      "opinions": []
    },
    {
      "sentence_id": 13,
      "sentence": "お客様に楽しく変化のあるクラブライフを送っていただけるようオリジナルレッスンプログラムの開発と提供に取り組み、運動効果が実感できるよう心拍数をリアルタイムで可視化する「Pulseシリーズ」や引き締まったカラダづくりを目指す「Body Makeシリーズ」、美しさを引き立てる「ビューティープロジェクト」シリーズなどを提供いたしました",
      "opinions": []
    },
    {
      "sentence_id": 14,
      "sentence": "スイミング事業では、セントラルスポーツ研究所で保有しているスイムミル（流水プール）で泳ぎを分析・アドバイスする「Swim Lab（スイムラボ）」のサービスを開始いたしました",
      "opinions": []
    },
    {
      "sentence_id": 15,
      "sentence": "キッズスクール部門では、「ワールドアスリートシステム」を基本として、選手育成の体制・環境づくりを推進し、将来のオリンピック選手を育成する競技会「全国JOCジュニアオリンピックカップ水泳競技大会」に190名の子供達を輩出いたしました",
      "opinions": []
    },
    {
      "sentence_id": 16,
      "sentence": "また、スイミングスクールとともに体操スクールの強化もしており、インストラクターへの研修を拡充し、指導力の向上を目指しております",
      "opinions": []
    },
    {
      "sentence_id": 17,
      "sentence": "旅行業部門では、子供の野外スクール事業（サマーキャンプ・スノーキャンプ）が好調で、夏には「セントラルキャンプ村」（群馬県吾妻郡嬬恋村）を利用した野外活動を継続して行っております",
      "opinions": []
    },
    {
      "sentence_id": 18,
      "sentence": "新たに６月にオープンした「セントラルスポーツアウトドアビレッジ THE101」（静岡県伊豆市）では、30年にわたるダイビング事業を中心としたアウトドアアクティビティの新たなサービスの展開を一般の方に向けても行い、スポーツツーリズムや地域創生のアウトドアの拠点として推進しております",
      "opinions": []
    },
    {
      "sentence_id": 19,
      "sentence": "その他、スポーツクラブの枠を超えた健康サポート事業にも積極的に取り組んでおります",
      "opinions": []
    },
    {
      "sentence_id": 20,
      "sentence": "企業向けサービスとして、従業員の健康への取り組みを推進する「健康経営」の考え方が広まる中、オフィス内でのストレッチやヨガ、イス体操などの出張運動指導サービスが順調に推移していると同時に、介護予防事業においては地方自治体や民間施設への出張運動指導サービス等を着実に進め、全国230ヶ所以上でサービスの提供をいたしました",
      "opinions": []
    },
    {
      "sentence_id": 21,
      "sentence": "出張指導員の養成事業も継続しており、介護予防運動指導員は6,100名を超えました",
      "opinions": []
    },
    {
      "sentence_id": 22,
      "sentence": "また、「健康寿命を延ばすためのリフォーム」として積水化学工業株式会社住宅カンパニーと協業し、住まいに健康を維持するための仕掛け「うちジム・そとジム」のサービス展開も始めました",
      "opinions": []
    },
    {
      "sentence_id": 23,
      "sentence": "８月のリオデジャネイロオリンピック・パラリンピックでは競泳の寺村美穂選手が選出され、200ｍ個人メドレーで準決勝に進出、10月の日本選手権水泳競技大会では100ｍ平泳ぎで短水路日本新記録を樹立しました",
      "opinions": []
    },
    {
      "sentence_id": 24,
      "sentence": "新たにチームを結成した体操では、10月の全日本シニア体操競技選手権で男子団体３位、11月の全日本体操競技団体選手権で男子団体６位をおさめました",
      "opinions": []
    },
    {
      "sentence_id": 25,
      "sentence": "当社は創業より世界に通用するアスリートの育成を目指してまいりましたが、1984年のロサンゼルスオリンピックへの選手輩出に始まり、今までに９大会連続、延べ25名の所属選手をオリンピックへ輩出しております",
      "opinions": []
    },
    {
      "sentence_id": 26,
      "sentence": "CSR活動としては、無料の「着衣水泳教室」を継続して実施しており、直営店舗近隣にある全国の小学校に対し教育支援・水難事故防止を目的として、全国約200校 20,000名に実施し、この取り組みにより東京都より「平成28年度東京都スポーツ推進企業」として認定されました",
      "opinions": []
    },
    {
      "sentence_id": 27,
      "sentence": "また、外務省とスポーツ庁が推進している海外各国へのスポーツ支援事業「スポーツ・フォー・トゥモロー」プログラムへの参加・協賛や障害者スポーツの支援・施設提供なども推進いたしました",
      "opinions": []
    },
    {
      "sentence_id": 28,
      "sentence": "以上の結果、当連結会計年度の売上高は52,712百万円（前期比2.0％増）、経常利益は3,973百万円（前期比24.2％増）、親会社株主に帰属する当期純利益は2,724百万円（前期比40.8％増）となりました",
      "opinions": [
        {
          "target": "売上高",
          "category": "NULL#sales",
          "polarity": "positive",
          "from": 14,
          "to": 17
        },
        {
          "target": "経常利益",
          "category": "NULL#profit",
          "polarity": "positive",
          "from": 38,
          "to": 42
        },
        {
          "target": "当期純利益",
          "category": "NULL#profit",
          "polarity": "positive",
          "from": 73,
          "to": 78
        }
      ]
    }
  ]
}