{
  "header": {
    "document_id": "E05302",
    "document_name": "株式会社ｆｏｎｆｕｎ",
    "doc_text": "有価証券報告書",
    "edi_id": "E05302",
    "security_code": "23230",
    "category33": "情報・通信業",
    "category17": "情報通信・サービスその他",
    "scale": ""
  },
  "sentences": [
    {
      "sentence_id": 0,
      "sentence": "当連結会計年度における我が国経済は、公共投資の増加などの影響もあり緩やかな回復基調が続いておりますが、改善してきた雇用・所得環境に比べると、個人消費及び民間設備投資は力強さを欠き、海外経済は一部に弱さが見えております",
      "opinions": [
        {
          "target": "我が国経済",
          "category": "NULL#general",
          "polarity": "positive",
          "from": 11,
          "to": 16
        },
        {
          "target": "公共投資",
          "category": "NULL#general",
          "polarity": "positive",
          "from": 18,
          "to": 22
        },
        {
          "target": "雇用",
          "category": "NULL#general",
          "polarity": "positive",
          "from": 57,
          "to": 59
        },
        {
          "target": "所得環境",
          "category": "NULL#general",
          "polarity": "positive",
          "from": 60,
          "to": 64
        },
        {
          "target": "個人消費",
          "category": "NULL#general",
          "polarity": "negative",
          "from": 70,
          "to": 74
        },
        {
          "target": "民間設備投資",
          "category": "NULL#general",
          "polarity": "negative",
          "from": 76,
          "to": 82
        },
        {
          "target": "海外経済",
          "category": "NULL#general",
          "polarity": "negative",
          "from": 90,
          "to": 94
        }
      ]
    },
    {
      "sentence_id": 1,
      "sentence": "今後は、EUからのイギリス離脱、アメリカの保護主義への傾倒など海外経済に不透明さはあるものの、雇用・所得情勢は引き続き改善する中、個人消費が堅調に推移し、企業業績の回復を受けて生産性向上のための設備投資も増加し、緩やかな回復が続くことが見込まれております",
      "opinions": []
    },
    {
      "sentence_id": 2,
      "sentence": "当社グループを取り巻く環境に関しては、スマートフォンが市場の中心となり、業界再編が続いております",
      "opinions": []
    },
    {
      "sentence_id": 3,
      "sentence": "平成28年12月末における携帯電話の契約数は1億6,071万件（前年同期比4.1％増 総務省発表資料による）であり、大幅な契約数増加が見込めないなか、総務省主導による政策の影響もあり、携帯電話端末の価格と通信料のバランスが変化してきています",
      "opinions": []
    },
    {
      "sentence_id": 4,
      "sentence": "主要通信キャリア以外の仮想移動体通信事業者（MVNO）の存在感も増し、一契約あたりの売上高(ARPU)は微減を続け、コンテンツビジネスにも影響を及ぼしております",
      "opinions": [
        {
          "target": "売上高(ARPU)",
          "category": "NULL#sales",
          "polarity": "negative",
          "from": 42,
          "to": 51
        }
      ]
    },
    {
      "sentence_id": 5,
      "sentence": "主要携帯通信キャリアが主導してきたビジネスモデルは、今後も大きく変化していくことが予想されます",
      "opinions": []
    },
    {
      "sentence_id": 6,
      "sentence": "このような状況下、当社グループは、主力事業であるリモートメール事業の維持・拡大に努めつつ、ショートメッセージ（SMS）を利用したサービスの機能強化と拡販を進め、連結子会社である株式会社FunFusionとともに、コンテンツの販売に注力いたしました",
      "opinions": []
    },
    {
      "sentence_id": 7,
      "sentence": "当社グループの各セグメントの業績は次のとおりであります",
      "opinions": []
    },
    {
      "sentence_id": 8,
      "sentence": "①　リモートメール事業",
      "opinions": []
    },
    {
      "sentence_id": 9,
      "sentence": "当連結会計年度において、当社グループは、「リモートメール」の個人版サービス・法人版サービスともに成長市場であるスマートフォン市場での拡販とシステム運用コストの見直しを継続し、利益確保に努めました",
      "opinions": []
    },
    {
      "sentence_id": 10,
      "sentence": "「リモートメール」個人版サービスにつきましては、フィーチャーフォン契約者減少による売上の減少を補うために、スマートフォン会員の獲得に注力いたしました",
      "opinions": []
    },
    {
      "sentence_id": 11,
      "sentence": "スマートフォンサービスを対象に、携帯電話販売店舗における入会販促活動、顧客満足度とサービスの継続利用率を上げるための機能改善を継続して実施しております",
      "opinions": []
    },
    {
      "sentence_id": 12,
      "sentence": "「リモートメール」法人版サービスにつきましては、スマートフォンを含めたマルチデバイス化を進めた結果、法人版契約社数全体に対するスマートデバイスでの利用契約社数の割合が、増加しております",
      "opinions": [
        {
          "target": "「リモートメール」法人版サービス",
          "category": "product#amount",
          "polarity": "positive",
          "from": 0,
          "to": 16
        },
        {
          "target": "利用契約社数",
          "category": "NULL#amount",
          "polarity": "positive",
          "from": 73,
          "to": 79
        }
      ]
    },
    {
      "sentence_id": 13,
      "sentence": "顧客企業のニーズに丁寧に対応し、新機能の追加や新たなオプションサービスを開発することで、顧客の獲得、解約防止、顧客単価の向上を図りました",
      "opinions": []
    },
    {
      "sentence_id": 14,
      "sentence": "さらに、法人向けサービスとして開発した「リモートブラウズ」、「リモートカタログ」や他社から提供を受けている「リモート・ビュー(AnyClutch Remote)」、「リモート名刺(BizCompass)」など、リモートメール以外のスマートデバイス向けサービスの販売も強化しております",
      "opinions": []
    },
    {
      "sentence_id": 15,
      "sentence": "また、一部の携帯販売店にて販売している、当社子会社・株式会社FunFusionを販売元とする「モバイル活用パック」も引き続き、売上に寄与しております",
      "opinions": [
        {
          "target": "モバイル活用パック",
          "category": "product#sales",
          "polarity": "positive",
          "from": 47,
          "to": 56
        }
      ]
    },
    {
      "sentence_id": 16,
      "sentence": "上記の結果、リモートメール事業の売上高は323百万円（前年同期比8.3％減）、営業利益は115百万円（前年同期比4.3％減）となりました",
      "opinions": [
        {
          "target": "リモートメール事業",
          "category": "business#sales",
          "polarity": "negative",
          "from": 6,
          "to": 15
        },
        {
          "target": "リモートメール事業",
          "category": "business#profit",
          "polarity": "negative",
          "from": 6,
          "to": 15
        }
      ]
    },
    {
      "sentence_id": 17,
      "sentence": "②　SMS事業",
      "opinions": []
    },
    {
      "sentence_id": 18,
      "sentence": "当連結会計年度において、経営判断の迅速化と経営成績の明確化を目的に、SMS事業を当社から子会社・株式会社FunFusionへ移しております",
      "opinions": []
    },
    {
      "sentence_id": 19,
      "sentence": "SMS事業はショートメッセージを利用したサービスであり、「らくらくナンバー」、「いけいけナンバー」、「いけいけナンバーAPI」と3つのサービスがあります",
      "opinions": []
    },
    {
      "sentence_id": 20,
      "sentence": "当連結会計年度においては、営業を注力する業界の絞込み、導入企業と同業種への事例紹介や、既存顧客からの紹介、展示会への出展、新規代理店の開拓と連携強化などにより新規顧客の獲得に努めました",
      "opinions": []
    },
    {
      "sentence_id": 21,
      "sentence": "また、導入企業におけるSMS送信数も前期に比べ大幅に増加しており、売上に寄与しております",
      "opinions": [
        {
          "target": "SMS送信数",
          "category": "NULL#amount",
          "polarity": "positive",
          "from": 11,
          "to": 17
        }
      ]
    },
    {
      "sentence_id": 22,
      "sentence": "上記の結果、SMS事業の売上高は49百万円（前年同期比98.4％増）、営業損失９百万円（前年同期営業損失20百万円）となりました",
      "opinions": [
        {
          "target": "SMS事業",
          "category": "NULL#sales",
          "polarity": "positive",
          "from": 6,
          "to": 11
        },
        {
          "target": "SMS事業",
          "category": "NULL#profit",
          "polarity": "negative",
          "from": 6,
          "to": 11
        }
      ]
    },
    {
      "sentence_id": 23,
      "sentence": "③　データエントリー事業",
      "opinions": []
    },
    {
      "sentence_id": 24,
      "sentence": "データエントリー事業は、主に紙媒体等に記録された情報をコンピュータ入力によりデータ化する事業であり、主に当社子会社・株式会社ｅ－エントリーにて実施しております",
      "opinions": []
    },
    {
      "sentence_id": 25,
      "sentence": "データエントリー事業の売上高は120百万円（前年同期比48.2％増）、営業利益３百万円（前年同期営業損失３百万円）となりました",
      "opinions": [
        {
          "target": "データエントリー事業",
          "category": "NULL#sales",
          "polarity": "positive",
          "from": 0,
          "to": 10
        },
        {
          "target": "データエントリー事業",
          "category": "NULL#profit",
          "polarity": "positive",
          "from": 0,
          "to": 10
        }
      ]
    },
    {
      "sentence_id": 26,
      "sentence": "④　その他",
      "opinions": []
    },
    {
      "sentence_id": 27,
      "sentence": "その他の売上は、主に当社子会社・株式会社アドバンティブの受託ソフトウェア開発事業とリスティング等のWeb広告運用業務を代行する事業によるものであり、売上高は98百万円（前年同期比172.4％増）、営業損失１百万円（前年同期営業利益１百万円）となりました",
      "opinions": [
        {
          "target": "受託ソフトウェア開発事業",
          "category": "business#sales",
          "polarity": "positive",
          "from": 28,
          "to": 40
        },
        {
          "target": "受託ソフトウェア開発事業",
          "category": "business#profit",
          "polarity": "negative",
          "from": 28,
          "to": 40
        },
        {
          "target": "事業",
          "category": "business#sales",
          "polarity": "positive",
          "from": 63,
          "to": 65
        },
        {
          "target": "事業",
          "category": "business#profit",
          "polarity": "negative",
          "from": 63,
          "to": 65
        }
      ]
    },
    {
      "sentence_id": 28,
      "sentence": "以上の結果、当連結会計年度の業績は、売上高592百万円（前年同期比19.6％増）、営業損失36百万円（前年同期営業損失12百万円）、経常損失26百万円（前年同期経常損失15百万円）、親会社株主に帰属する当期純損失30百万円（前年同期親会社株主に帰属する当期純損失28百万円）となりました",
      "opinions": [
        {
          "target": "売上高",
          "category": "NULL#sales",
          "polarity": "positive",
          "from": 18,
          "to": 21
        },
        {
          "target": "営業損失",
          "category": "NULL#profit",
          "polarity": "negative",
          "from": 41,
          "to": 45
        },
        {
          "target": "経常損失",
          "category": "NULL#profit",
          "polarity": "negative",
          "from": 66,
          "to": 70
        },
        {
          "target": "当期純損失",
          "category": "NULL#profit",
          "polarity": "negative",
          "from": 101,
          "to": 106
        }
      ]
    }
  ]
}