{
  "header": {
    "document_id": "E05469",
    "document_name": "システムズ・デザイン株式会社",
    "doc_text": "有価証券報告書",
    "edi_id": "E05469",
    "security_code": "37660",
    "category33": "情報・通信業",
    "category17": "情報通信・サービスその他",
    "scale": ""
  },
  "sentences": [
    {
      "sentence_id": 0,
      "sentence": "当連結会計年度におけるわが国経済は、金融緩和や各種経済政策を背景として、緩やかながら景気回復が見られるものの、ＥＵを中心とした海外経済や米国政権の今後の動向等、先行き不透明な状況は続いております",
      "opinions": [
        {
          "target": "わが国経済",
          "category": "NULL#general",
          "polarity": "neutral",
          "from": 11,
          "to": 16
        }
      ]
    },
    {
      "sentence_id": 1,
      "sentence": "当社グループの属する情報サービス分野においては、企業のＩＴ投資は堅調に推移しております",
      "opinions": [
        {
          "target": "ＩＴ投資",
          "category": "NULL#general",
          "polarity": "positive",
          "from": 27,
          "to": 31
        }
      ]
    },
    {
      "sentence_id": 2,
      "sentence": "このような状況の下、当社グループでは積極的なＭ＆Ａ投資、受注確保、採用活動への投資などに注力してまいりました",
      "opinions": []
    },
    {
      "sentence_id": 3,
      "sentence": "この結果、当連結会計年度における売上高は7,783,613千円（前年同期比9.5%増）となり、営業利益は139,953千円（同31.6%減）、経常利益は153,894千円（同26.9%減）となりました",
      "opinions": [
        {
          "target": "売上高",
          "category": "NULL#sales",
          "polarity": "positive",
          "from": 16,
          "to": 19
        },
        {
          "target": "営業利益",
          "category": "NULL#profit",
          "polarity": "negative",
          "from": 47,
          "to": 51
        },
        {
          "target": "経常利益",
          "category": "NULL#profit",
          "polarity": "negative",
          "from": 71,
          "to": 75
        }
      ]
    },
    {
      "sentence_id": 4,
      "sentence": "セグメントの業績は次のとおりであります",
      "opinions": []
    },
    {
      "sentence_id": 5,
      "sentence": "・情報処理サービス事業",
      "opinions": []
    },
    {
      "sentence_id": 6,
      "sentence": "情報処理サービス事業につきましては、継続案件や新規案件の受注確保に注力してまいりましたが、当初見込んでいた案件受注の未達成や、企業結合における取得関連費用の影響がありました",
      "opinions": [
        {
          "target": "案件受注",
          "category": "NULL#general",
          "polarity": "negative",
          "from": 53,
          "to": 57
        }
      ]
    },
    {
      "sentence_id": 7,
      "sentence": "この結果、当連結会計年度における売上高は2,210,197千円（前年同期比36.0%増）、営業損失△108,975千円（前年同期は営業損失△32,725千円）となりました",
      "opinions": [
        {
          "target": "売上高",
          "category": "NULL#sales",
          "polarity": "positive",
          "from": 16,
          "to": 19
        },
        {
          "target": "営業損失",
          "category": "NULL#profit",
          "polarity": "negative",
          "from": 45,
          "to": 49
        }
      ]
    },
    {
      "sentence_id": 8,
      "sentence": "・システム開発事業",
      "opinions": []
    },
    {
      "sentence_id": 9,
      "sentence": "システム開発事業につきましては、顧客からの受注が順調に推移したことや、子会社が業績に貢献いたしました",
      "opinions": [
        {
          "target": "システム開発事業",
          "category": "business#amount",
          "polarity": "positive",
          "from": 0,
          "to": 8
        },
        {
          "target": "子会社",
          "category": "NULL#general",
          "polarity": "positive",
          "from": 35,
          "to": 38
        }
      ]
    },
    {
      "sentence_id": 10,
      "sentence": "この結果、当連結会計年度における売上高は5,033,105千円（前年同期比1.7%増）、営業利益263,336千円（同36.4%増）となりました",
      "opinions": [
        {
          "target": "売上高",
          "category": "NULL#sales",
          "polarity": "positive",
          "from": 16,
          "to": 19
        },
        {
          "target": "営業利益",
          "category": "NULL#profit",
          "polarity": "positive",
          "from": 44,
          "to": 48
        }
      ]
    },
    {
      "sentence_id": 11,
      "sentence": "・アッセンブリー事業",
      "opinions": []
    },
    {
      "sentence_id": 12,
      "sentence": "アッセンブリー事業につきましては、主要顧客からの受注は順調に推移いたしましたが、費用の増加が利益を圧迫しました",
      "opinions": [
        {
          "target": "アッセンブリー事業",
          "category": "business#amount",
          "polarity": "positive",
          "from": 0,
          "to": 9
        },
        {
          "target": "アッセンブリー事業",
          "category": "business#cost",
          "polarity": "negative",
          "from": 0,
          "to": 9
        }
      ]
    },
    {
      "sentence_id": 13,
      "sentence": "この結果、当連結会計年度における売上高は540,311千円（前年同期比1.0%増）、営業損失△14,407千円（前年同期は営業利益44,325千円）となりました",
      "opinions": [
        {
          "target": "売上高",
          "category": "NULL#sales",
          "polarity": "positive",
          "from": 16,
          "to": 19
        },
        {
          "target": "営業損失",
          "category": "NULL#profit",
          "polarity": "negative",
          "from": 42,
          "to": 46
        }
      ]
    }
  ]
}