{
  "header": {
    "document_id": "E05629",
    "document_name": "株式会社日本Ｍ＆Ａセンター",
    "doc_text": "有価証券報告書",
    "edi_id": "E05629",
    "security_code": "21270",
    "category33": "サービス業",
    "category17": "情報通信・サービスその他",
    "scale": "4"
  },
  "sentences": [
    {
      "sentence_id": 0,
      "sentence": "■　過去最高益を更新",
      "opinions": []
    },
    {
      "sentence_id": 1,
      "sentence": "当連結会計年度（平成28年４月１日～平成29年３月31日）の当社グループの経営成績は、売上高は19,069百万円(前期比29.0％増)、営業利益9,046百万円(同29.2％増)、経常利益9,070百万円(同27.5％増)、親会社株主に帰属する当期純利益6,174百万円(同27.6％増)と、すべてにおいて前連結会計年度を27.5％～29.2％上回り、７期連続で過去最高益を更新することとなりました",
      "opinions": [
        {
          "target": "売上高",
          "category": "NULL#sales",
          "polarity": "positive",
          "from": 43,
          "to": 46
        },
        {
          "target": "営業利益",
          "category": "NULL#profit",
          "polarity": "positive",
          "from": 68,
          "to": 72
        },
        {
          "target": "経常利益",
          "category": "NULL#profit",
          "polarity": "positive",
          "from": 90,
          "to": 94
        },
        {
          "target": "当期純利益",
          "category": "NULL#profit",
          "polarity": "positive",
          "from": 122,
          "to": 127
        }
      ]
    },
    {
      "sentence_id": 2,
      "sentence": "当社グループは前連結会計年度から「平成31年３月期までに連結経常利益100億円を達成しよう」という中期経営目標を掲げております",
      "opinions": []
    },
    {
      "sentence_id": 3,
      "sentence": "これに基づき当連結会計年度は当初の通期業績予想における連結経常利益を80億円としておりましたが、堅調なＭ＆Ａニーズと積極的な営業展開により当連結会計年度において連結経常利益90億円を達成することができました",
      "opinions": []
    },
    {
      "sentence_id": 4,
      "sentence": "当連結会計年度において、当社グループは過去最多となる524件（譲渡・譲受は別カウント）のＭ＆Ａ仲介を成約いたしました",
      "opinions": []
    },
    {
      "sentence_id": 5,
      "sentence": "これは、前連結会計年度実績の420件から104件（＋24.8％）の増加となっております",
      "opinions": []
    },
    {
      "sentence_id": 6,
      "sentence": "また、前連結会計年度に引続き当連結会計年度においても、第１四半期から第４四半期までの全ての四半期においてそれぞれ前年同四半期を上回る案件成約件数となっており、年間を通じて終始好調な案件成約状況を維持したことにより、上記実績となりました",
      "opinions": [
        {
          "target": "案件成約件数",
          "category": "NULL#amount",
          "polarity": "positive",
          "from": 66,
          "to": 72
        },
        {
          "target": "案件成約状況",
          "category": "NULL#general",
          "polarity": "positive",
          "from": 90,
          "to": 96
        }
      ]
    },
    {
      "sentence_id": 7,
      "sentence": "■　当連結会計年度の営業の取組",
      "opinions": []
    },
    {
      "sentence_id": 8,
      "sentence": "当連結会計年度におきまして当社グループは、より多くの経営者の方々にＭ＆Ａによるソリューションを提供すべく、Ｍ＆Ａマーケットにおけるカバー率の向上とカバー領域の拡大のための取組みを以下のとおり実施いたしました",
      "opinions": []
    },
    {
      "sentence_id": 9,
      "sentence": "Ａ．カバー率の向上",
      "opinions": []
    },
    {
      "sentence_id": 10,
      "sentence": "当社グループは会計事務所、地域金融機関、証券会社等から構成されるＭ＆Ａ情報ネットワークを構築しており、この情報ネットワークから安定的に譲渡希望情報を開発できることが当社グループの優位性の１つの柱となっております",
      "opinions": []
    },
    {
      "sentence_id": 11,
      "sentence": "当連結会計年度においては、この①情報ネットワークによる案件アプローチに加えて、②ダイレクトコンタクトによる案件アプローチ、③業種に特化した案件アプローチに注力いたしました",
      "opinions": []
    },
    {
      "sentence_id": 12,
      "sentence": "②のダイレクトコンタクトによる案件アプローチにつきましては、当連結会計年度よりダイレクトマーケティングチャネルを部に昇格させ積極的に取組みました",
      "opinions": []
    },
    {
      "sentence_id": 13,
      "sentence": "当社グループのセミナーにご参加いただいたお客様や当社のウェブサイトを閲覧しお問い合わせいただいたお客様等を有機的かつ中長期的にフォローするシステムを構築し、それら経営者の方々のニーズが顕在化した際にタイムリーに対応すべく活動しております",
      "opinions": []
    },
    {
      "sentence_id": 14,
      "sentence": "③の業種に特化したアプローチにつきましては、前連結会計年度において調剤薬局、ＩＴ、設備工事等の業種に専門特化した業界再編チャネルを部に昇格したことに続き、当連結会計年度においては医療介護分野に専門特化した医療介護チャネルを部に昇格させ積極的に取組みました",
      "opinions": []
    },
    {
      "sentence_id": 15,
      "sentence": "今後とも、「業界再編」と医療介護分野に関しては「ヘルスケア」をキーワードに取扱業種を更に拡大させ、各業種に専門特化することでより専門性の高い知見、経験、ノウハウをお客様に提供すべく取組んでまいります",
      "opinions": []
    },
    {
      "sentence_id": 16,
      "sentence": "Ｂ．カバー領域の拡大",
      "opinions": []
    },
    {
      "sentence_id": 17,
      "sentence": "中小企業の後継者問題解決のためのＭ＆Ａという当社グループのメインテーマに加えて更にカバー領域を拡大強化すべく取組んでおります",
      "opinions": []
    },
    {
      "sentence_id": 18,
      "sentence": "具体的には、ミッドキャップ（中堅企業）案件の受託を強化すべく、ファンド会社とのＭ＆Ａや中堅企業に対する成長戦略コンサルティングの実施、更には次項に記載の合弁会社の設立によりミッドキャップ（中堅企業）案件の受託を強化いたしました",
      "opinions": []
    },
    {
      "sentence_id": 19,
      "sentence": "逆に、小規模案件に対しては、インターネットによるマッチングシステムを構築することにより対応し、更には、上場企業案件やアセアン諸国を中心とする海外案件への領域拡大にも注力しております",
      "opinions": []
    },
    {
      "sentence_id": 20,
      "sentence": "これらにより、従来からの中小企業案件に留まらない、取扱規模と取扱地域の両軸からのカバー領域の拡大に注力しております",
      "opinions": []
    },
    {
      "sentence_id": 21,
      "sentence": "■　青山財産ネットワークスとの合弁会社設立によるミッドキャップ（中堅企業）案件への取組",
      "opinions": []
    },
    {
      "sentence_id": 22,
      "sentence": "当連結会計年度において、当社グループは、株式会社青山財産ネットワークスとの合弁会社「株式会社事業承継ナビゲーター」を設立いたしました",
      "opinions": []
    },
    {
      "sentence_id": 23,
      "sentence": "同族承継や財産コンサルティングのプロフェッショナル集団である青山財産ネットワークスと当社グループが連携することにより、経営者の方々の「経営の承継」と「財産の承継」をワンストップで解決できる体制を強化いたしました",
      "opinions": []
    },
    {
      "sentence_id": 24,
      "sentence": "事業承継ナビゲーターの設立により、比較的に長いスパンでいくつかの選択肢の中からベストな事業承継プランを選択したいというミッドキャップ（中堅企業）の経営者の方々のニーズに応えるべく営業活動を行っております",
      "opinions": []
    },
    {
      "sentence_id": 25,
      "sentence": "■　企業評価に特化した専門子会社の本格稼働による営業効率の改善と専門性の追求",
      "opinions": []
    },
    {
      "sentence_id": 26,
      "sentence": "Ｍ＆Ａニーズの増加と当社グループのコンサルタントの増員に伴い、当社グループは年間600件超の譲渡案件を受託するに至っております",
      "opinions": []
    },
    {
      "sentence_id": 27,
      "sentence": "これらの受託案件の企業評価額を適切かつタイムリーに算定することにより、売り手オーナーと譲受企業の価額合意形成に資することは極めて重要であります",
      "opinions": []
    },
    {
      "sentence_id": 28,
      "sentence": "当社グループは企業評価に特化した専門子会社である株式会社企業評価総合研究所を当連結会計年度より本格稼働いたしました",
      "opinions": []
    },
    {
      "sentence_id": 29,
      "sentence": "これにより、当社グループの営業効率の更なる向上の追求と、圧倒的な経験値のデータベース化による専門ノウハウの構築に取組んでまいります",
      "opinions": []
    },
    {
      "sentence_id": 30,
      "sentence": "■ 営業拠点の拡充",
      "opinions": []
    },
    {
      "sentence_id": 31,
      "sentence": "平成28年４月に福岡営業所、シンガポール・オフィスを新設いたしました",
      "opinions": []
    },
    {
      "sentence_id": 32,
      "sentence": "福岡営業所開設を機に平成28年７月から九州全域において集中的にセミナー展開し、地域に密着した営業活動を展開した結果、当連結会計年度における九州・沖縄案件の成約実績は前年比約３倍となりました",
      "opinions": []
    },
    {
      "sentence_id": 33,
      "sentence": "福岡営業所は、次期において支店に昇格させ、更に九州全域における当社グループのプレゼンスの向上を図るべく積極的に営業活動を展開いたします",
      "opinions": []
    },
    {
      "sentence_id": 34,
      "sentence": "1947年から49年生まれの団塊の世代の経営者の方々は2017年には68歳から70歳となります",
      "opinions": []
    },
    {
      "sentence_id": 35,
      "sentence": "また、人口減少や高齢化を背景に様々な業界で再編の動きが加速しています",
      "opinions": []
    },
    {
      "sentence_id": 36,
      "sentence": "これらの環境のもと、上記の取組みにより過去最高の業績を達成することができました",
      "opinions": [
        {
          "target": "業績",
          "category": "NULL#general",
          "polarity": "positive",
          "from": 24,
          "to": 26
        }
      ]
    }
  ]
}