{
  "header": {
    "document_id": "E05737",
    "document_name": "株式会社博展",
    "doc_text": "有価証券報告書",
    "edi_id": "E05737",
    "security_code": "21730",
    "category33": "サービス業",
    "category17": "情報通信・サービスその他",
    "scale": ""
  },
  "sentences": [
    {
      "sentence_id": 0,
      "sentence": "当連結会計年度における当社グループの売上高は、92億68百万円(前年同期比14.6％増)、営業損失は２億53百万円(前年同期は営業利益１億70百万円)、経常損失は２億62百万円(前年同期は経常利益１億61百万円)、親会社株主に帰属する当期純損失は３億69百万円(前年同期は親会社株主に帰属する当期純利益97百万円)となりました",
      "opinions": [
        {
          "target": "売上高",
          "category": "NULL#sales",
          "polarity": "positive",
          "from": 18,
          "to": 21
        },
        {
          "target": "営業損失",
          "category": "NULL#profit",
          "polarity": "negative",
          "from": 45,
          "to": 49
        },
        {
          "target": "経常損失",
          "category": "NULL#profit",
          "polarity": "negative",
          "from": 76,
          "to": 80
        },
        {
          "target": "当期純損失",
          "category": "NULL#profit",
          "polarity": "negative",
          "from": 117,
          "to": 122
        }
      ]
    },
    {
      "sentence_id": 1,
      "sentence": "当連結会計年度における売上高は、当社グループの中期ビジョンである「Be a PARTNER of EXPERIENCE MARKETING」（経験価値提供型マーケティング・パートナーになる）の実現に向け、Experienceマーケティングサービスの提供を通じて、クライアントから永続的に選ばれるマーケティング・パートナーへと進化すべく、新たな市場・サービス領域への挑戦に重点を置きながら各事業を推進した結果、前年同期と比較して増加となりました",
      "opinions": []
    },
    {
      "sentence_id": 2,
      "sentence": "営業利益以下、各区分利益は、前年同期と比較して減少し、損失を計上いたしました",
      "opinions": [
        {
          "target": "各区分利益",
          "category": "NULL#profit",
          "polarity": "negative",
          "from": 7,
          "to": 12
        }
      ]
    },
    {
      "sentence_id": 3,
      "sentence": "クライアントの多様化する課題の解決及び複雑化したプロジェクトに関わる専門スキルを有する人材投資や業容拡大に伴う事業基盤整備費用、また進化を続けるデジタル・テクノロジーを掛け合わせた次世代型マーケティング＆コミュニケーションのためのAI・コグニティブ投資関連費用等が増加し、当連結会計年度においては当該先行コストを吸収することができなかったことによります",
      "opinions": [
        {
          "target": "事業基盤整備費用",
          "category": "NULL#cost",
          "polarity": "negative",
          "from": 55,
          "to": 63
        },
        {
          "target": "AI・コグニティブ投資関連費用",
          "category": "NULL#cost",
          "polarity": "negative",
          "from": 115,
          "to": 130
        }
      ]
    },
    {
      "sentence_id": 4,
      "sentence": "なお、当社の連結子会社である㈱アイアクトの現時点における収益性を踏まえ、連結上のみ識別されているCMS＊構築関連技術、商標、顧客との継続取引関係等の同社の無形固定資産について、「固定資産の減損に係る会計基準」に基づき、帳簿価額を回収可能価額まで減額し、減損損失106百万円を特別損失に計上したこと等により、親会社株主に帰属する当期純損失を計上することとなりました",
      "opinions": []
    },
    {
      "sentence_id": 5,
      "sentence": "＊Contents Management System（コンテンツ・マネジメント・システム）の略称で、Webサイトを管理・更新できるシステムのことをいいます",
      "opinions": []
    },
    {
      "sentence_id": 6,
      "sentence": "なお、当社の当事業年度における売上高は、86億１百万円(前事業年度比15.5％増)となりました",
      "opinions": [
        {
          "target": "売上高",
          "category": "NULL#sales",
          "polarity": "positive",
          "from": 15,
          "to": 18
        }
      ]
    },
    {
      "sentence_id": 7,
      "sentence": "営業利益は14百万円(同93.6％減)、経常利益は７百万円(同96.6％減)となり、㈱アイアクトの株式取得価額について、業績見込み並びに来期の事業計画等を勘案した結果、当初の利益計画には及ばないことが明らかとなり、株式取得時の投資価値は毀損していると判断し、関係会社株式評価損２億51百万円を特別損失に計上したため、当期純損失は２億51百万円(前事業年度は当期純利益１億50百万円)となりました",
      "opinions": [
        {
          "target": "営業利益",
          "category": "NULL#profit",
          "polarity": "negative",
          "from": 0,
          "to": 4
        },
        {
          "target": "経常利益",
          "category": "NULL#profit",
          "polarity": "negative",
          "from": 20,
          "to": 24
        },
        {
          "target": "投資価値",
          "category": "NULL#general",
          "polarity": "negative",
          "from": 113,
          "to": 117
        }
      ]
    },
    {
      "sentence_id": 8,
      "sentence": "当連結会計年度における報告セグメントの業績は、次のとおりです",
      "opinions": []
    },
    {
      "sentence_id": 9,
      "sentence": "なお、当連結会計年度より、報告セグメントの区分を変更しており、以下の前年同期比較については、前年同期の数値を変更後のセグメント区分に組み替えた数値で比較しております",
      "opinions": []
    },
    {
      "sentence_id": 10,
      "sentence": "また、当連結会計年度に完全子会社化した㈱スプラシアは「デジタルエクスペリエンス＆コミュニケーション事業」に含んでおります",
      "opinions": []
    },
    {
      "sentence_id": 11,
      "sentence": "詳細につきましては、「第５　経理の状況　１　連結財務諸表等　注記事項　（セグメント情報等）」に記載のとおりであります",
      "opinions": []
    },
    {
      "sentence_id": 12,
      "sentence": "（以下、「２　生産、受注及び販売の状況」及び「７　財政状態、経営成績及びキャッシュ・フローの状況の分析」においても同じ",
      "opinions": []
    },
    {
      "sentence_id": 13,
      "sentence": "）",
      "opinions": []
    },
    {
      "sentence_id": 14,
      "sentence": "ａ．リアルエクスペリエンス＆コミュニケーション事業",
      "opinions": []
    },
    {
      "sentence_id": 15,
      "sentence": "リアルエクスペリエンス＆コミュニケーション事業におきましては、人と人とが直接出会う“場”・“空間”において、様々な体験価値を通じて提供される製品・サービスの宣伝・販売活動を「Experience マーケティング」と位置付け、“コミュニケーション”に関わるあらゆる「表現」「手段」「環境」を最適化し“デザイン”することで、サービスを展開しております",
      "opinions": []
    },
    {
      "sentence_id": 16,
      "sentence": "今までにない体験価値をリアルとデジタルの融合によって創出し、クライアントのブランド価値や売上拡大に繋げる施策や手法を提案・提供してまいりました",
      "opinions": []
    },
    {
      "sentence_id": 17,
      "sentence": "イベント・展示会市場での価格競争は依然として厳しくなっているものの、全国展開での体験型イベントプロモーションの受注やイベント来場者向けのデジタルアプリケーションの提供など、クライアントの課題解決に応える新たなサービス拡充等により、当連結会計年度における売上高は86億１百万円(前年同期比15.5％増)となりました",
      "opinions": [
        {
          "target": "売上高",
          "category": "NULL#sales",
          "polarity": "positive",
          "from": 126,
          "to": 129
        }
      ]
    },
    {
      "sentence_id": 18,
      "sentence": "一方、利益面につきましては、クライアントの多様化する課題や難易度の高い大規模案件等に応えるために必要な専門スキルを持つ人件費及び人材獲得費並びに複雑化するプロジェクトの進行管理費の増加、また業容の拡大に伴うオフィス環境整備費などの先行投資費用が増加した結果、セグメント損失は22百万円(前年同期はセグメント利益２億26百万円)となりました",
      "opinions": [
        {
          "target": "人件費",
          "category": "NULL#cost",
          "polarity": "negative",
          "from": 59,
          "to": 62
        },
        {
          "target": "人材獲得費",
          "category": "NULL#cost",
          "polarity": "negative",
          "from": 64,
          "to": 69
        },
        {
          "target": "進行管理費",
          "category": "NULL#cost",
          "polarity": "negative",
          "from": 84,
          "to": 89
        },
        {
          "target": "オフィス環境整備費",
          "category": "NULL#cost",
          "polarity": "negative",
          "from": 103,
          "to": 112
        },
        {
          "target": "セグメント損失",
          "category": "NULL#profit",
          "polarity": "negative",
          "from": 129,
          "to": 136
        }
      ]
    },
    {
      "sentence_id": 19,
      "sentence": "ｂ．デジタルエクスペリエンス＆コミュニケーション事業",
      "opinions": []
    },
    {
      "sentence_id": 20,
      "sentence": "デジタルエクスペリエンス＆コミュニケーション事業におきましては、インターネットを活用したビジネスモデルの策定から戦略的なWebサイト構築やアプリケーション制作をはじめとし、ビジネス向けアプリ制作・配信・管理プラットフォームやAI・コグニティブ領域、ロボティクスなど、最先端のデジタル・テクノロジーを集積し“デザイン”することでサービスを提供しています",
      "opinions": []
    },
    {
      "sentence_id": 21,
      "sentence": "クライアントの課題解決や新たなコミュニケーション創出のための新サービスの研究開発機能の強化、高い技術力を持つオフショアでのラボ型開発機能の強化など、時代のニーズを先取りした制作体制の構築を進めてまいりました",
      "opinions": []
    },
    {
      "sentence_id": 22,
      "sentence": "また、次世代型マーケティング＆コミュニケーションのためのAI・コグニティブ・サービスの研究、新型コミュニケーション・ロボットの開発など、新サービス・新製品開発に向けた先行投資を継続した結果、当連結会計年度における売上高は８億11百万円(前年同期比20.9％増)、セグメント損失は98百万円(前年同期はセグメント損失７百万円)となりました",
      "opinions": [
        {
          "target": "売上高",
          "category": "NULL#sales",
          "polarity": "positive",
          "from": 106,
          "to": 109
        },
        {
          "target": "セグメント損失",
          "category": "NULL#profit",
          "polarity": "negative",
          "from": 131,
          "to": 138
        }
      ]
    }
  ]
}