{
  "header": {
    "document_id": "E23818",
    "document_name": "チムニー株式会社",
    "doc_text": "有価証券報告書",
    "edi_id": "E23818",
    "security_code": "31780",
    "category33": "小売業",
    "category17": "小売",
    "scale": "7"
  },
  "sentences": [
    {
      "sentence_id": 0,
      "sentence": "当連結会計年度（平成28年１月１日から平成29年３月31日まで）におけるわが国経済は、企業収益や雇用の改善は進んだものの、海外経済の不透明感による、為替・株式相場の変動など景気は依然として先行き不透明な状況で推移致しました",
      "opinions": [
        {
          "target": "わが国経済",
          "category": "NULL#general",
          "polarity": "neutral",
          "from": 36,
          "to": 41
        },
        {
          "target": "企業収益",
          "category": "NULL#general",
          "polarity": "positive",
          "from": 43,
          "to": 47
        },
        {
          "target": "雇用",
          "category": "NULL#general",
          "polarity": "positive",
          "from": 48,
          "to": 50
        }
      ]
    },
    {
      "sentence_id": 1,
      "sentence": "また、個人消費においては節約志向が強まるなど消費マインドは伸び悩み状態にあります",
      "opinions": [
        {
          "target": "消費マインド",
          "category": "NULL#general",
          "polarity": "negative",
          "from": 22,
          "to": 28
        }
      ]
    },
    {
      "sentence_id": 2,
      "sentence": "外食業界におきましては、生活の様々なシーン毎に多様化するお客様の嗜好の変化や他業種を含めた顧客獲得競争が激化し、経営環境は依然として厳しい環境で推移しております",
      "opinions": [
        {
          "target": "顧客獲得競争",
          "category": "NULL#general",
          "polarity": "negative",
          "from": 45,
          "to": 51
        },
        {
          "target": "経営環境",
          "category": "NULL#general",
          "polarity": "negative",
          "from": 56,
          "to": 60
        }
      ]
    },
    {
      "sentence_id": 3,
      "sentence": "このような環境のもと、当社グループは価値あるものをお客様に提供できるよう、漁港直送鮮魚の調達拡大をはじめとする、食の六次産業化と地産地消・地産全消の推進に積極的に取り組んでおります",
      "opinions": []
    },
    {
      "sentence_id": 4,
      "sentence": "平成28年３月には「大田市場チムニー株式会社」を東京都大田区の東京中央卸売市場内に設立致しました",
      "opinions": []
    },
    {
      "sentence_id": 5,
      "sentence": "羽田空港に近い地の利の良さを活用し、全国各地からの水産物調達網のさらなる強化と、関東エリアへの迅速な「活魚」「活貝」の配送体制を構築致しました",
      "opinions": []
    },
    {
      "sentence_id": 6,
      "sentence": "平成28年11月には「超速鮮魚®」ブランドを運営するＣＳＮ地方創生ネットワーク株式会社と業務提携を致しました",
      "opinions": []
    },
    {
      "sentence_id": 7,
      "sentence": "全国で水揚げされた鮮魚を漁師から直接仕入れ、「羽田市場」を経由して最速のルートで店舗に届く「超速鮮魚®」を、関東を中心に約300店舗でお客様に提供しております",
      "opinions": []
    },
    {
      "sentence_id": 8,
      "sentence": "物流については、関東・関西の２拠点から関東・関西・九州の３拠点体制へと再構築致しました",
      "opinions": []
    },
    {
      "sentence_id": 9,
      "sentence": "コスト・スピード・精度の向上を実現するほか、今後の店舗数増加にも対応してまいります",
      "opinions": []
    },
    {
      "sentence_id": 10,
      "sentence": "飲食事業におきましては、昨年に続き山陰山陽四国地方への出店を強化しております",
      "opinions": []
    },
    {
      "sentence_id": 11,
      "sentence": "平成28年11月には徳島県への初出店を実現することにより、全47都道府県への出店を達成し、北海道から沖縄まで日本全国各地のお客様にチムニーブランドをご利用いただけることとなりました",
      "opinions": []
    },
    {
      "sentence_id": 12,
      "sentence": "新業態開発も進め、平成28年３月に茨城県土浦市に第１号店舗をオープンした「さくら」業態は平成29年３月末現在、18店舗まで成長致しました",
      "opinions": []
    },
    {
      "sentence_id": 13,
      "sentence": "コントラクト事業におきましては、固定客が継続的にご来店になる事業形態の特性に対応し、店舗での通常営業に加え、サプライズ誕生パーティー、ビアガーデンといったイベントに注力する他、各種行事、記念イベントに向けたケータリングについて、1,000名規模の受注獲得等、強化に努めております",
      "opinions": []
    },
    {
      "sentence_id": 14,
      "sentence": "店舗数につきましては、当社におきまして直営店の新規出店が41店舗（28店舗の退店）、フランチャイズへの建売が14店舗（フランチャイズ店から直営店への切り替えが７店舗）あったことにより、当連結会計年度末の飲食事業直営店の店舗数は332店舗（前期末326店舗）となりました",
      "opinions": []
    },
    {
      "sentence_id": 15,
      "sentence": "コントラクト店につきましては、退店が２店舗あったことにより、当連結会計年度末のコントラクト店の店舗数は92店舗（前期末94店舗）となりました",
      "opinions": []
    },
    {
      "sentence_id": 16,
      "sentence": "また、フランチャイズ店は新規出店が４店舗（23店舗の退店）、直営店からの転換が14店舗（直営店への切り替えが７店舗）あったことにより、当連結会計年度末のフランチャイズ店の店舗数は283店舗（前期末295店舗）となりました",
      "opinions": []
    },
    {
      "sentence_id": 17,
      "sentence": "さらに連結子会社におきましては、当連結会計年度末における株式会社紅フーズコーポレーションの店舗は17店舗、めっちゃ魚が好き株式会社は14店舗であり、当連結会計年度末の当社グループの店舗数は738店舗、当社の店舗数は707店舗となっております",
      "opinions": []
    },
    {
      "sentence_id": 18,
      "sentence": "以上の結果、当社グループの当連結会計年度の業績につきましては、売上高58,792百万円、営業利益4,004百万円、経常利益4,071百万円、親会社株主に帰属する当期純利益2,076百万円となりました",
      "opinions": []
    },
    {
      "sentence_id": 19,
      "sentence": "なお、当連結会計年度は、決算期の変更により、平成28年１月１日から平成29年３月31日までの15ヶ月間となっております",
      "opinions": []
    },
    {
      "sentence_id": 20,
      "sentence": "そのため、前年同期比については記載しておりません",
      "opinions": []
    }
  ]
}