{
  "header": {
    "document_id": "E26914",
    "document_name": "阿波製紙株式会社",
    "doc_text": "有価証券報告書",
    "edi_id": "E26914",
    "security_code": "38960",
    "category33": "パルプ・紙",
    "category17": "素材・化学",
    "scale": "7"
  },
  "sentences": [
    {
      "sentence_id": 0,
      "sentence": "当連結会計年度におけるわが国経済は、企業収益の改善が持続、設備投資にも持ち直しの動きが見られ、景気は緩やかな回復基調で推移いたしました",
      "opinions": [
        {
          "target": "企業収益",
          "category": "NULL#general",
          "polarity": "positive",
          "from": 18,
          "to": 22
        },
        {
          "target": "設備投資",
          "category": "NULL#general",
          "polarity": "positive",
          "from": 29,
          "to": 33
        },
        {
          "target": "景気",
          "category": "NULL#general",
          "polarity": "positive",
          "from": 47,
          "to": 49
        }
      ]
    },
    {
      "sentence_id": 1,
      "sentence": "しかしながら、中国をはじめとするアジア新興国における景気の下振れリスクや、米国の新政権発足に伴う政策の不確実性など、景気の先行きは不透明感の残る状況が続いております",
      "opinions": [
        {
          "target": "先行き",
          "category": "NULL#general",
          "polarity": "neutral",
          "from": 61,
          "to": 64
        }
      ]
    },
    {
      "sentence_id": 2,
      "sentence": "当社グループの関連市場である自動車部品業界は、国内需要・海外需要ともに堅調に推移いたしましたが、売上面で円高の影響を受けました",
      "opinions": [
        {
          "target": "自動車部品業界",
          "category": "market#general",
          "polarity": "neutral",
          "from": 14,
          "to": 21
        },
        {
          "target": "国内需要",
          "category": "NULL#general",
          "polarity": "positive",
          "from": 23,
          "to": 27
        },
        {
          "target": "海外需要",
          "category": "NULL#general",
          "polarity": "positive",
          "from": 28,
          "to": 32
        }
      ]
    },
    {
      "sentence_id": 3,
      "sentence": "水処理関連市場では、需要の継続的成長がみられるものの、原油価格の下落や中国経済の低迷などにより成長が伸び悩みました",
      "opinions": [
        {
          "target": "水処理関連市場",
          "category": "market#general",
          "polarity": "negative",
          "from": 0,
          "to": 7
        },
        {
          "target": "原油価格",
          "category": "NULL#price",
          "polarity": "negative",
          "from": 27,
          "to": 31
        },
        {
          "target": "中国経済",
          "category": "NULL#general",
          "polarity": "negative",
          "from": 35,
          "to": 39
        }
      ]
    },
    {
      "sentence_id": 4,
      "sentence": "当社グループは、このような状況において、主にアジア地域を中心に海外市場への拡販活動を推進するとともに新商品の市場展開・事業化に取り組んでまいりました",
      "opinions": []
    },
    {
      "sentence_id": 5,
      "sentence": "さらに、生産性の向上や業務の効率化などの取り組みにより原価低減を図り、収益の確保に努めてまいりましたが、海外子会社における為替変動の影響を吸収することができませんでした",
      "opinions": []
    },
    {
      "sentence_id": 6,
      "sentence": "その結果、当社グループの当連結会計年度の業績は、売上高16,300百万円（前年同期比680百万円減、4.0％減）、営業利益519百万円（前年同期比277百万円減、34.8％減）、経常利益397百万円（前年同期比265百万円減、40.1％減）となりました",
      "opinions": [
        {
          "target": "売上高",
          "category": "NULL#sales",
          "polarity": "negative",
          "from": 24,
          "to": 27
        },
        {
          "target": "営業利益",
          "category": "NULL#profit",
          "polarity": "negative",
          "from": 57,
          "to": 61
        },
        {
          "target": "経常利益",
          "category": "NULL#profit",
          "polarity": "negative",
          "from": 89,
          "to": 93
        }
      ]
    },
    {
      "sentence_id": 7,
      "sentence": "また、親会社株主に帰属する当期純利益については、繰延税金資産を計上したことによる法人税等調整額を計上したため、483百万円（前年同期比191百万円増、65.3％増）となりました",
      "opinions": [
        {
          "target": "当期純利益",
          "category": "NULL#profit",
          "polarity": "positive",
          "from": 13,
          "to": 18
        }
      ]
    },
    {
      "sentence_id": 8,
      "sentence": "当連結会計年度の主要な品目別売上高の状況につきましては、次のとおりであります",
      "opinions": []
    },
    {
      "sentence_id": 9,
      "sentence": "なお、当社グループは、機能材料の製造・販売を事業内容としており、単一の事業活動を行っておりますので、品目別に記載しております",
      "opinions": []
    },
    {
      "sentence_id": 10,
      "sentence": "（自動車関連資材）",
      "opinions": []
    },
    {
      "sentence_id": 11,
      "sentence": "自動車関連資材は、国内外で需要が堅調に推移したものの、円高の影響により売上が減少いたしました",
      "opinions": [
        {
          "target": "自動車関連資材",
          "category": "product#sales",
          "polarity": "negative",
          "from": 0,
          "to": 7
        },
        {
          "target": "自動車関連資材",
          "category": "product#amount",
          "polarity": "positive",
          "from": 0,
          "to": 7
        }
      ]
    },
    {
      "sentence_id": 12,
      "sentence": "その結果、当連結会計年度の売上高は、9,807百万円（前年同期比424百万円減、4.1％減）となりました",
      "opinions": [
        {
          "target": "売上高",
          "category": "NULL#sales",
          "polarity": "negative",
          "from": 13,
          "to": 16
        }
      ]
    },
    {
      "sentence_id": 13,
      "sentence": "（水処理関連資材）",
      "opinions": []
    },
    {
      "sentence_id": 14,
      "sentence": "水処理関連資材は、大きな市場である中国経済の成長鈍化の影響を受けるなど需要が伸び悩みました",
      "opinions": [
        {
          "target": "水処理関連資材",
          "category": "product#amount",
          "polarity": "negative",
          "from": 0,
          "to": 7
        },
        {
          "target": "中国経済",
          "category": "NULL#general",
          "polarity": "negative",
          "from": 17,
          "to": 21
        }
      ]
    },
    {
      "sentence_id": 15,
      "sentence": "その結果、当連結会計年度の売上高は、4,701百万円（前年同期比252百万円減、5.1％減）となりました",
      "opinions": [
        {
          "target": "売上高",
          "category": "NULL#sales",
          "polarity": "negative",
          "from": 13,
          "to": 16
        }
      ]
    },
    {
      "sentence_id": 16,
      "sentence": "（一般産業用資材）",
      "opinions": []
    },
    {
      "sentence_id": 17,
      "sentence": "一般産業用資材は、総じて前年並みの需要となりました",
      "opinions": [
        {
          "target": "一般産業用資材",
          "category": "product#amount",
          "polarity": "neutral",
          "from": 0,
          "to": 7
        }
      ]
    },
    {
      "sentence_id": 18,
      "sentence": "その結果、当連結会計年度の売上高は、1,791百万円（前年同期比4百万円減、0.2％減）となりました",
      "opinions": [
        {
          "target": "売上高",
          "category": "NULL#sales",
          "polarity": "negative",
          "from": 13,
          "to": 16
        }
      ]
    }
  ]
}