{
  "header": {
    "document_id": "E27050",
    "document_name": "株式会社テクノスジャパン",
    "doc_text": "有価証券報告書",
    "edi_id": "E27050",
    "security_code": "36660",
    "category33": "情報・通信業",
    "category17": "情報通信・サービスその他",
    "scale": "7"
  },
  "sentences": [
    {
      "sentence_id": 0,
      "sentence": "当連結会計年度におけるわが国経済は、政府の経済政策等を背景に企業収益や設備投資等の改善がみられるなど、景気は緩やかな回復基調にあったものの、個人消費は低調に推移しました",
      "opinions": [
        {
          "target": "企業収益",
          "category": "NULL#general",
          "polarity": "positive",
          "from": 30,
          "to": 34
        },
        {
          "target": "設備投資",
          "category": "NULL#general",
          "polarity": "positive",
          "from": 35,
          "to": 39
        },
        {
          "target": "景気",
          "category": "NULL#general",
          "polarity": "positive",
          "from": 51,
          "to": 53
        },
        {
          "target": "個人消費",
          "category": "NULL#general",
          "polarity": "negative",
          "from": 70,
          "to": 74
        }
      ]
    },
    {
      "sentence_id": 1,
      "sentence": "また、米国の新政権移行による政策動向や英国のＥＵ離脱問題による国内経済への影響など、先行き不透明な状況が続いております",
      "opinions": []
    },
    {
      "sentence_id": 2,
      "sentence": "このような状況の中、当社グループの主力事業である基幹業務システムにおいては、既存顧客の深耕、ＩＴ投資へ意欲の高い新規顧客への積極的な営業活動を行うとともに、プロジェクト管理の徹底に努めました",
      "opinions": []
    },
    {
      "sentence_id": 3,
      "sentence": "また、セキュリティベンチャー企業への出資のほか、子会社においては将来的なＩｏＴ・ＡＩ関連業務の事業拡大を見据えた他の企業との連携や、人材の確保・育成にも注力いたしました",
      "opinions": []
    },
    {
      "sentence_id": 4,
      "sentence": "以上の結果、当連結会計年度の業績につきましては、売上高は5,956,209千円（前年同期比27.3％増）、営業利益728,745千円（同25.6％増）、経常利益735,039千円（同22.9％増）、親会社株主に帰属する当期純利益471,428千円（同19.5％増）と増収増益となりました",
      "opinions": [
        {
          "target": "売上高",
          "category": "NULL#sales",
          "polarity": "positive",
          "from": 24,
          "to": 27
        },
        {
          "target": "営業利益",
          "category": "NULL#profit",
          "polarity": "positive",
          "from": 53,
          "to": 57
        },
        {
          "target": "経常利益",
          "category": "NULL#profit",
          "polarity": "positive",
          "from": 76,
          "to": 80
        },
        {
          "target": "当期純利益",
          "category": "NULL#profit",
          "polarity": "positive",
          "from": 109,
          "to": 114
        }
      ]
    },
    {
      "sentence_id": 5,
      "sentence": "業務区分別の業績は次のとおりであります",
      "opinions": []
    },
    {
      "sentence_id": 6,
      "sentence": "①　基幹システムおよび周辺ソリューション",
      "opinions": []
    },
    {
      "sentence_id": 7,
      "sentence": "製造業、商社・小売業向けのＥＲＰシステム導入支援業務を中心に、売上高は5,790,478千円（前年同期比27.4％増）となりました",
      "opinions": [
        {
          "target": "売上高",
          "category": "NULL#sales",
          "polarity": "positive",
          "from": 31,
          "to": 34
        }
      ]
    },
    {
      "sentence_id": 8,
      "sentence": "このうち、ビッグデータ活用支援業務に関連する売上高は、739,305千円（同49.4％増）となりました",
      "opinions": [
        {
          "target": "ビッグデータ活用支援業務",
          "category": "product#sales",
          "polarity": "positive",
          "from": 5,
          "to": 17
        }
      ]
    },
    {
      "sentence_id": 9,
      "sentence": "②　その他",
      "opinions": []
    },
    {
      "sentence_id": 10,
      "sentence": "ツール・ライセンスの販売等により、売上高は165,731千円（前年同期比25.6％増）となりました",
      "opinions": [
        {
          "target": "売上高",
          "category": "NULL#sales",
          "polarity": "positive",
          "from": 17,
          "to": 20
        }
      ]
    }
  ]
}