{
  "header": {
    "document_id": "E32189",
    "document_name": "株式会社イワキ",
    "doc_text": "訂正有価証券報告書",
    "edi_id": "E32189",
    "security_code": "62370",
    "category33": "機械",
    "category17": "機械",
    "scale": ""
  },
  "sentences": [
    {
      "sentence_id": 0,
      "sentence": "当連結会計年度における経済環境は、企業収益の回復や雇用・所得環境の改善が続く一方、中国や新興国経済の鈍化懸念、欧米の政治リスクに対する警戒感の高まりなど、海外経済の影響等により先行き不透明な状況が続いております",
      "opinions": [
        {
          "target": "経済環境",
          "category": "NULL#general",
          "polarity": "neutral",
          "from": 11,
          "to": 15
        },
        {
          "target": "企業収益",
          "category": "NULL#general",
          "polarity": "positive",
          "from": 17,
          "to": 21
        },
        {
          "target": "雇用",
          "category": "NULL#general",
          "polarity": "positive",
          "from": 25,
          "to": 27
        },
        {
          "target": "所得環境",
          "category": "NULL#general",
          "polarity": "positive",
          "from": 28,
          "to": 32
        },
        {
          "target": "警戒感",
          "category": "NULL#general",
          "polarity": "negative",
          "from": 67,
          "to": 70
        }
      ]
    },
    {
      "sentence_id": 1,
      "sentence": "こうした状況の下、国内営業本部においては、現場営業によるユーザーの囲い込みを図り、「競合に勝つ」を基本方針に活動してまいりました",
      "opinions": []
    },
    {
      "sentence_id": 2,
      "sentence": "その結果、主力６市場のうち、新エネルギー市場では大口案件の減少により不調となり、また、半導体・液晶市場、化学市場も軟調でしたが、医療機器市場は主要顧客向けを中心に好調に推移しました",
      "opinions": [
        {
          "target": "新エネルギー市場",
          "category": "business#general",
          "polarity": "negative",
          "from": 14,
          "to": 22
        },
        {
          "target": "半導体",
          "category": "business#general",
          "polarity": "negative",
          "from": 43,
          "to": 46
        },
        {
          "target": "液晶市場",
          "category": "business#general",
          "polarity": "negative",
          "from": 47,
          "to": 51
        },
        {
          "target": "化学市場",
          "category": "business#general",
          "polarity": "negative",
          "from": 52,
          "to": 56
        },
        {
          "target": "医療機器市場",
          "category": "business#general",
          "polarity": "positive",
          "from": 64,
          "to": 70
        }
      ]
    },
    {
      "sentence_id": 3,
      "sentence": "加えて、水処理市場においても昨年末に残留塩素計の設計、製造、販売を行うテクノエコー株式会社を買収した影響もあり、当該水処理市場の売上も堅調に推移しました",
      "opinions": [
        {
          "target": "水処理市場",
          "category": "business#sales",
          "polarity": "positive",
          "from": 4,
          "to": 9
        }
      ]
    },
    {
      "sentence_id": 4,
      "sentence": "これらにより国内向けの売上高は159億51百万円（前年比1.8％増）となりました",
      "opinions": [
        {
          "target": "国内向け",
          "category": "business#sales",
          "polarity": "positive",
          "from": 6,
          "to": 10
        }
      ]
    },
    {
      "sentence_id": 5,
      "sentence": "一方、海外向け売上においては、子会社であるIwaki America Incorporated（米国）は、新エネルギー市場、化学市場が不調であったものの、医療機器市場は堅調に推移しました",
      "opinions": [
        {
          "target": "新エネルギー市場",
          "category": "business#general",
          "polarity": "negative",
          "from": 53,
          "to": 61
        },
        {
          "target": "化学市場",
          "category": "business#general",
          "polarity": "negative",
          "from": 62,
          "to": 66
        },
        {
          "target": "医療機器市場",
          "category": "business#general",
          "polarity": "positive",
          "from": 77,
          "to": 83
        }
      ]
    },
    {
      "sentence_id": 6,
      "sentence": "主力である水処理市場も堅調に推移したものの、当連結会計年度前半で為替レートが円高に振れた影響で売上高は42億54百万円（前年比4.0％減）となりました",
      "opinions": [
        {
          "target": "水処理市場",
          "category": "business#sales",
          "polarity": "negative",
          "from": 5,
          "to": 10
        }
      ]
    },
    {
      "sentence_id": 7,
      "sentence": "Iwaki Europe GmbH（ドイツ）は、半導体・液晶市場が好調に推移したものの、表面処理装置市場、化学市場が軟調に推移しました",
      "opinions": [
        {
          "target": "半導体",
          "category": "business#general",
          "polarity": "positive",
          "from": 24,
          "to": 27
        },
        {
          "target": "液晶市場",
          "category": "business#general",
          "polarity": "positive",
          "from": 28,
          "to": 32
        },
        {
          "target": "表面処理装置市場",
          "category": "business#general",
          "polarity": "negative",
          "from": 44,
          "to": 52
        },
        {
          "target": "化学市場",
          "category": "business#general",
          "polarity": "negative",
          "from": 53,
          "to": 57
        }
      ]
    },
    {
      "sentence_id": 8,
      "sentence": "加えて円高の影響もあり、売上高は19億19百万円（前年比4.1％減）となりました",
      "opinions": [
        {
          "target": "売上高",
          "category": "NULL#sales",
          "polarity": "negative",
          "from": 12,
          "to": 15
        }
      ]
    },
    {
      "sentence_id": 9,
      "sentence": "Iwaki Singapore Pte Ltd（シンガポール）は主力市場である半導体・液晶市場、水処理市場が好調に推移しましたが、円高の影響を受け売上高は２億37百万円（前年比1.8％減）となりました",
      "opinions": [
        {
          "target": "Iwaki Singapore Pte Ltd",
          "category": "company#sales",
          "polarity": "negative",
          "from": 0,
          "to": 23
        },
        {
          "target": "半導体",
          "category": "business#general",
          "polarity": "positive",
          "from": 39,
          "to": 42
        },
        {
          "target": "液晶市場",
          "category": "business#general",
          "polarity": "positive",
          "from": 43,
          "to": 47
        },
        {
          "target": "水処理市場",
          "category": "business#general",
          "polarity": "positive",
          "from": 48,
          "to": 53
        }
      ]
    },
    {
      "sentence_id": 10,
      "sentence": "IWAKIm SDN. BHD．（マレーシア）は主力市場である半導体・液晶市場における大型受注案件が貢献したことにより好調を維持し、表面処理装置市場も好調で、円高の影響を受けつつも売上高は１億２百万円（前年比0.4％増）となりました",
      "opinions": [
        {
          "target": "IWAKIm SDN. BHD．",
          "category": "company#sales",
          "polarity": "positive",
          "from": 0,
          "to": 16
        },
        {
          "target": "表面処理装置市場",
          "category": "business#general",
          "polarity": "positive",
          "from": 66,
          "to": 74
        }
      ]
    },
    {
      "sentence_id": 11,
      "sentence": "その他地域においては、関連会社と連携して販売の拡大を図ってまいりました",
      "opinions": []
    },
    {
      "sentence_id": 12,
      "sentence": "その結果、中国地域は表面処理装置市場は堅調に推移し、水処理市場は軟調となり、アジア地域は、韓国、台湾で半導体・液晶装置市場及び表面処理装置市場が好調に推移し、子会社を除く海外向け売上としては26億81百万円（前年比12.4％増）となりました",
      "opinions": [
        {
          "target": "表面処理装置市場",
          "category": "business#general",
          "polarity": "positive",
          "from": 10,
          "to": 18
        },
        {
          "target": "水処理市場",
          "category": "business#general",
          "polarity": "negative",
          "from": 26,
          "to": 31
        },
        {
          "target": "半導体",
          "category": "business#general",
          "polarity": "positive",
          "from": 51,
          "to": 54
        },
        {
          "target": "液晶装置市場",
          "category": "business#general",
          "polarity": "positive",
          "from": 55,
          "to": 61
        },
        {
          "target": "表面処理装置市場",
          "category": "business#general",
          "polarity": "positive",
          "from": 63,
          "to": 71
        },
        {
          "target": "売上",
          "category": "NULL#sales",
          "polarity": "positive",
          "from": 89,
          "to": 91
        }
      ]
    },
    {
      "sentence_id": 13,
      "sentence": "このような状況の中、当社グループの当連結会計年度における売上高は、251億46百万円（前年比1.3％増）となりました",
      "opinions": [
        {
          "target": "売上高",
          "category": "NULL#sales",
          "polarity": "positive",
          "from": 28,
          "to": 31
        }
      ]
    },
    {
      "sentence_id": 14,
      "sentence": "利益面では、増収効果はあったものの、研究開発投資や、金型をはじめとする積極的な設備投資と海外子会社を中心に将来のための人材確保を行った結果、営業利益は14億65百万円（前年比4.4％減）となりましたが、経常利益では、アジア市場において関係会社からの持分法による投資利益が上振れしたこと及び期中に償還を迎えた投資有価証券で為替差益が発生したこと等により、経常利益は21億36百万円（前年比7.3％増）、親会社株主に帰属する当期純利益は16億90百万円（前年比10.7％増）となりました",
      "opinions": [
        {
          "target": "営業利益",
          "category": "NULL#profit",
          "polarity": "negative",
          "from": 70,
          "to": 74
        },
        {
          "target": "投資利益",
          "category": "NULL#profit",
          "polarity": "positive",
          "from": 130,
          "to": 134
        },
        {
          "target": "経常利益",
          "category": "NULL#profit",
          "polarity": "positive",
          "from": 176,
          "to": 180
        },
        {
          "target": "当期純利益",
          "category": "NULL#profit",
          "polarity": "positive",
          "from": 210,
          "to": 215
        }
      ]
    }
  ]
}